2025-08-18 17:18:35,577 - INFO [ENV 0] - Logger for ENV 0 initialized, log path: ./train/result/train_shoot_static3.log
2025-08-18 17:18:35,839 - INFO [ENV 1] - Logger for ENV 1 initialized, log path: ./train/result/train_shoot_static3.log
2025-08-18 17:18:36,239 - INFO [ENV 2] - Logger for ENV 2 initialized, log path: ./train/result/train_shoot_static3.log
2025-08-18 17:18:36,536 - INFO [ENV 3] - Logger for ENV 3 initialized, log path: ./train/result/train_shoot_static3.log
2025-08-18 17:18:36,760 - INFO [ENV 4] - Logger for ENV 4 initialized, log path: ./train/result/train_shoot_static3.log
2025-08-18 17:18:36,915 - INFO [ENV 5] - Logger for ENV 5 initialized, log path: ./train/result/train_shoot_static3.log
2025-08-18 17:18:37,089 - INFO [ENV 6] - Logger for ENV 6 initialized, log path: ./train/result/train_shoot_static3.log
2025-08-18 17:18:37,569 - INFO [ENV 7] - Logger for ENV 7 initialized, log path: ./train/result/train_shoot_static3.log
2025-08-18 17:18:37,693 - INFO [ENV 8] - Logger for ENV 8 initialized, log path: ./train/result/train_shoot_static3.log
2025-08-18 17:18:37,988 - INFO [ENV 9] - Logger for ENV 9 initialized, log path: ./train/result/train_shoot_static3.log
2025-08-18 17:18:38,149 - INFO [ENV 10] - Logger for ENV 10 initialized, log path: ./train/result/train_shoot_static3.log
2025-08-18 17:18:38,349 - INFO [ENV 11] - Logger for ENV 11 initialized, log path: ./train/result/train_shoot_static3.log
2025-08-18 17:18:38,507 - INFO [ENV 12] - Logger for ENV 12 initialized, log path: ./train/result/train_shoot_static3.log
2025-08-18 17:18:38,741 - INFO [ENV 14] - Logger for ENV 14 initialized, log path: ./train/result/train_shoot_static3.log
2025-08-18 17:18:38,839 - INFO [ENV 13] - Logger for ENV 13 initialized, log path: ./train/result/train_shoot_static3.log
2025-08-18 17:18:38,843 - INFO [ENV 15] - Logger for ENV 15 initialized, log path: ./train/result/train_shoot_static3.log
2025-08-18 17:18:43,333 - INFO [ENV 10] - A0100 launch mission! Total Steps=1, obs=[ 1.60418884e+00  4.76570428e-02  9.98863758e-01 -7.21326485e-03
  9.99973984e-01  8.85666699e-01 -7.96280256e-05 -2.85316801e-03
  6.20838445e-01 -9.91776106e-04  1.08454865e-04  6.34255315e-03
  1.57079638e+00  2.99774834e+00 -1.00000000e+00  0.00000000e+00
  0.00000000e+00  0.00000000e+00  0.00000000e+00  0.00000000e+00
  0.00000000e+00], state=[ 1.20000000e+02  6.00005395e+01  8.02094418e+03  6.01842014e+01
  1.46291632e-03  8.02094389e+03  3.01125842e+02  2.26742775e-02
  1.20186660e+00  1.20000000e+02  6.02692646e+01  8.02105263e+03
  3.00375848e+04 -3.63797881e-12  7.95047040e+03  3.05114798e-14
  3.00789474e+02  7.24962408e-15], current_reward=0
2025-08-18 17:18:43,342 - INFO [ENV 11] - A0100 launch mission! Total Steps=1, obs=[ 1.60421798e+00 -9.42352024e-02  9.95549962e-01  1.74125370e-02
  9.99848390e-01  8.80783915e-01  3.32111682e-03  1.27497513e-02
  6.17073518e-01  3.89100779e-03 -3.72664764e-05  1.01966750e-03
  1.57079650e+00  2.99776252e+00  1.00000000e+00  0.00000000e+00
  0.00000000e+00  0.00000000e+00  0.00000000e+00  0.00000000e+00
  0.00000000e+00], state=[ 1.20000000e+02  6.00005382e+01  8.02108990e+03  6.00427630e+01
  5.13758432e-03  8.02108962e+03  2.99498339e+02 -5.52877335e-02
 -1.00589381e+00  1.20000000e+02  6.02692646e+01  8.02105263e+03
  3.00375848e+04 -3.63797881e-12  7.95047040e+03  3.05114798e-14
  3.00789474e+02  7.24962408e-15], current_reward=0
2025-08-18 17:18:43,352 - INFO [ENV 6] - A0100 launch mission! Total Steps=1, obs=[ 1.60419771e+00  9.48382006e-02  9.95492700e-01  1.64528183e-02
  9.99864643e-01  8.85165936e-01 -2.89405927e-03  1.64299053e-02
  6.20563470e-01 -4.91013863e-04  6.40924031e-05  4.06456368e-03
  1.57079615e+00  2.99774917e+00 -1.00000000e+00  0.00000000e+00
  0.00000000e+00  0.00000000e+00  0.00000000e+00  0.00000000e+00
  0.00000000e+00], state=[ 1.20000000e+02  6.00005394e+01  8.02098854e+03  6.01760800e+01
 -5.41560688e-03  8.02098826e+03  3.01009424e+02  9.97428991e-03
  5.15349015e-01  1.20000000e+02  6.02692646e+01  8.02105263e+03
  3.00375848e+04 -3.63797881e-12  7.95047040e+03  3.05114798e-14
  3.00789474e+02  7.24962408e-15], current_reward=0
2025-08-18 17:18:43,353 - INFO [ENV 1] - A0100 launch mission! Total Steps=1, obs=[ 1.60421697e+00 -6.03394972e-02  9.98177913e-01  1.65424746e-02
  9.99863164e-01  8.84634281e-01  1.81132060e-03  1.23692260e-02
  6.20088632e-01  4.06415510e-05 -3.22410428e-05  3.80869457e-04
  1.57079641e+00  2.99775038e+00  1.00000000e+00  0.00000000e+00
  0.00000000e+00  0.00000000e+00  0.00000000e+00  0.00000000e+00
  0.00000000e+00], state=[ 1.20000000e+02  6.00005393e+01  8.02108487e+03  6.01641231e+01
  2.53649508e-03  8.02108459e+03  3.00804578e+02 -4.13385108e-02
 -8.15429006e-01  1.20000000e+02  6.02692646e+01  8.02105263e+03
  3.00375848e+04 -3.63797881e-12  7.95047040e+03  3.05114798e-14
  3.00789474e+02  7.24962408e-15], current_reward=0
2025-08-18 17:18:43,363 - INFO [ENV 13] - A0100 launch mission! Total Steps=1, obs=[ 1.60418203e+00  4.49303062e-02  9.98990124e-01 -2.27991706e-02
  9.99740065e-01  8.81874246e-01 -2.23685593e-03 -1.46999560e-02
  6.17955843e-01  2.80067689e-03  1.42468994e-04  8.38637033e-03
  1.57079622e+00  2.99776011e+00  1.00000000e+00  0.00000000e+00
  0.00000000e+00  0.00000000e+00  0.00000000e+00  0.00000000e+00
  0.00000000e+00], state=[ 1.20000000e+02  6.00005385e+01  8.02091016e+03  6.00664967e+01
 -3.22200014e-03  8.02090988e+03  2.99874397e+02 -8.49950355e-03
  1.81023860e+00  1.20000000e+02  6.02692646e+01  8.02105263e+03
  3.00375848e+04 -3.63797881e-12  7.95047040e+03  3.05114798e-14
  3.00789474e+02  7.24962408e-15], current_reward=0
2025-08-18 17:18:43,387 - INFO [ENV 3] - A0100 launch mission! Total Steps=2, obs=[ 1.60421889e+00  1.92067435e-01  9.81381730e-01  1.01412383e-01
  9.94844475e-01  8.81495174e-01  4.90445030e-03  8.33029683e-02
  6.20648951e-01  3.17974859e-03 -4.18163145e-05  6.36937843e-03
  1.57079863e+00  2.99172814e+00 -1.00000000e+00  0.00000000e+00
  0.00000000e+00  0.00000000e+00  0.00000000e+00  0.00000000e+00
  0.00000000e+00], state=[ 1.20000001e+02  6.00010792e+01  8.02109445e+03  1.20386773e+02
  6.88443744e-02  8.02109331e+03  3.01037306e+02  8.61907396e-01
 -2.42313282e+00  1.20000000e+02  6.02692646e+01  8.02105263e+03
  3.00375848e+04 -3.63797881e-12  7.95047040e+03  3.05114798e-14
  3.00789474e+02  7.24962408e-15], current_reward=0.024967945640414158
2025-08-18 17:18:43,388 - INFO [ENV 8] - A0100 launch mission! Total Steps=2, obs=[ 1.60408128e+00  5.75274893e-02  9.98343923e-01 -7.07759146e-02
  9.97492241e-01  8.83706611e-01 -8.41868707e-03 -4.72415668e-02
  6.20334509e-01  9.68311877e-04  6.46248382e-04  1.93066910e-02
  1.57079623e+00  2.99173018e+00 -1.00000000e+00  0.00000000e+00
  0.00000000e+00  0.00000000e+00  0.00000000e+00  0.00000000e+00
  0.00000000e+00], state=[ 1.20000000e+02  6.00010790e+01  8.02040638e+03  1.20364756e+02
 -2.98822877e-03  8.02040525e+03  3.00859563e+02  1.62440420e-02
  5.10577843e+00  1.20000000e+02  6.02692646e+01  8.02105263e+03
  3.00375848e+04 -3.63797881e-12  7.95047040e+03  3.05114798e-14
  3.00789474e+02  7.24962408e-15], current_reward=0.02496468105800176
2025-08-18 17:18:43,390 - INFO [ENV 9] - A0100 launch mission! Total Steps=2, obs=[ 1.60423071e+00 -3.76045321e-01  9.26601271e-01 -2.57673548e-02
  9.99667967e-01  8.81054402e-01  1.05521073e-02 -2.23635029e-02
  6.17478706e-01  3.62052031e-03 -1.00914337e-04  2.01765608e-03
  1.57079471e+00  2.99174221e+00  1.00000000e+00  0.00000000e+00
  0.00000000e+00  0.00000000e+00  0.00000000e+00  0.00000000e+00
  0.00000000e+00], state=[ 1.19999999e+02  6.00010779e+01  8.02115355e+03  1.20246157e+02
 -4.83464595e-02  8.02115241e+03  2.99675095e+02 -6.03146559e-01
 -6.73023700e-01  1.20000000e+02  6.02692646e+01  8.02105263e+03
  3.00375848e+04 -3.63797881e-12  7.95047040e+03  3.05114798e-14
  3.00789474e+02  7.24962408e-15], current_reward=0.024948869565008636
2025-08-18 17:18:43,391 - INFO [ENV 5] - A0100 launch mission! Total Steps=2, obs=[ 1.60424637e+00  2.16323431e-02  9.99765993e-01  9.48353529e-02
  9.95492971e-01  8.80725812e-01 -2.29915212e-04  7.38488943e-02
  6.19372328e-01  3.94911011e-03 -1.79210179e-04  9.07466277e-03
  1.57079768e+00  2.99174342e+00 -1.00000000e+00  0.00000000e+00
  0.00000000e+00  0.00000000e+00  0.00000000e+00  0.00000000e+00
  0.00000000e+00], state=[ 1.20000001e+02  6.00010778e+01  8.02123184e+03  1.20234243e+02
  4.03900420e-02  8.02123071e+03  3.00478024e+02  3.84899268e-01
 -3.41021444e+00  1.20000000e+02  6.02692646e+01  8.02105263e+03
  3.00375848e+04 -3.63797881e-12  7.95047040e+03  3.05114798e-14
  3.00789474e+02  7.24962408e-15], current_reward=0.024945281781535655
2025-08-18 17:18:43,391 - INFO [ENV 4] - A0100 launch mission! Total Steps=2, obs=[ 1.60406814e+00  3.70015090e-01  9.29025744e-01 -3.49219722e-02
  9.99390042e-01  8.85433883e-01 -8.24800219e-03 -1.52050799e-02
  6.20803588e-01 -7.58960014e-04  7.11920644e-04  1.78908079e-02
  1.57079538e+00  2.99173642e+00  1.00000000e+00  0.00000000e+00
  0.00000000e+00  0.00000000e+00  0.00000000e+00  0.00000000e+00
  0.00000000e+00], state=[ 1.19999999e+02  6.00010784e+01  8.02034071e+03  1.20302220e+02
 -2.84615777e-02  8.02033958e+03  3.01068519e+02 -2.80716693e-01
  4.67628495e+00  1.20000000e+02  6.02692646e+01  8.02105263e+03
  3.00375848e+04 -3.63797881e-12  7.95047040e+03  3.05114798e-14
  3.00789474e+02  7.24962408e-15], current_reward=0.02493619097122135
2025-08-18 17:18:43,393 - INFO [ENV 0] - A0100 launch mission! Total Steps=2, obs=[ 1.60408143e+00  5.74929600e-02  9.98345912e-01 -7.07052924e-02
  9.97497249e-01  8.83208266e-01 -8.41408463e-03 -4.71725147e-02
  6.19940622e-01  1.46665690e-03  6.45485763e-04  1.92839244e-02
  1.57079623e+00  2.99173180e+00 -1.00000000e+00  0.00000000e+00
  0.00000000e+00  0.00000000e+00  0.00000000e+00  0.00000000e+00
  0.00000000e+00], state=[ 1.20000000e+02  6.00010789e+01  8.02040715e+03  1.20348503e+02
 -3.03347895e-03  8.02040601e+03  3.00689247e+02  1.56545880e-02
  5.09603469e+00  1.20000000e+02  6.02692646e+01  8.02105263e+03
  3.00375848e+04 -3.63797881e-12  7.95047040e+03  3.05114798e-14
  3.00789474e+02  7.24962408e-15], current_reward=0.02496468105800176
2025-08-18 17:18:43,417 - INFO [ENV 7] - A0100 launch mission! Total Steps=3, obs=[ 1.60469063e+00 -5.57438414e-01  8.30218294e-01  1.08613371e-01
  9.94084069e-01  8.79148605e-01 -2.45927324e-02  6.12980329e-02
  6.17583154e-01  5.52631755e-03 -2.40050439e-03  3.68803598e-02
  1.57077069e+00  2.98574407e+00  1.00000000e+00  0.00000000e+00
  0.00000000e+00  0.00000000e+00  0.00000000e+00  0.00000000e+00
  0.00000000e+00], state=[ 1.19999986e+02  6.00016157e+01  8.02345314e+03  1.80233343e+02
 -7.65353636e-01  8.02345059e+03  2.99524063e+02 -4.90719680e+00
 -1.06317247e+01  1.20000000e+02  6.02692646e+01  8.02105263e+03
  3.00375848e+04 -3.63797881e-12  7.95047040e+03  3.05114798e-14
  3.00789474e+02  7.24962408e-15], current_reward=0.04894144131682232
2025-08-18 17:18:43,421 - INFO [ENV 12] - A0100 launch mission! Total Steps=3, obs=[ 1.60378180e+00  1.47334830e-01  9.89086674e-01 -7.81383281e-02
  9.96942527e-01  8.84213679e-01 -7.50591774e-03 -4.13300855e-02
  6.20540536e-01  4.61243667e-04  2.14360664e-03  3.30631390e-02
  1.57079638e+00  2.98571232e+00  1.00000000e+00  0.00000000e+00
  0.00000000e+00  0.00000000e+00  0.00000000e+00  0.00000000e+00
  0.00000000e+00], state=[ 1.20000000e+02  6.00016184e+01  8.01890902e+03  1.80540023e+02
  1.68997159e-03  8.01890648e+03  3.00829230e+02 -2.80175066e-02
  9.25970500e+00  1.20000000e+02  6.02692646e+01  8.02105263e+03
  3.00375848e+04 -3.63797881e-12  7.95047040e+03  3.05114798e-14
  3.00789474e+02  7.24962408e-15], current_reward=0.049714546440192464
2025-08-18 17:18:43,421 - INFO [ENV 2] - A0100 launch mission! Total Steps=3, obs=[ 1.60425392e+00 -1.03922200e-01  9.94585429e-01  5.59390185e-02
  9.98434187e-01  8.78442392e-01  2.34991875e-04  4.31125666e-02
  6.15983222e-01  6.23253010e-03 -2.16963929e-04  5.05859752e-03
  1.57079368e+00  2.98579652e+00  1.00000000e+00  0.00000000e+00
  0.00000000e+00  0.00000000e+00  0.00000000e+00  0.00000000e+00
  0.00000000e+00], state=[ 1.19999999e+02  6.00016109e+01  8.02126960e+03  1.79703486e+02
 -7.89181584e-02  8.02126707e+03  2.99021805e+02 -4.28327876e-01
 -2.15954333e+00  1.20000000e+02  6.02692646e+01  8.02105263e+03
  3.00375848e+04 -3.63797881e-12  7.95047040e+03  3.05114798e-14
  3.00789474e+02  7.24962408e-15], current_reward=0.04998190390906743
2025-08-18 17:18:43,424 - INFO [ENV 15] - A0100 launch mission! Total Steps=3, obs=[ 1.60389182e+00 -2.61481847e-01  9.65208394e-01 -9.89105245e-02
  9.95096331e-01  8.78445108e-01  9.61664620e-03 -6.53423027e-02
  6.17157446e-01  6.22981471e-03  1.59355445e-03  2.68804410e-02
  1.57079710e+00  2.98574860e+00 -1.00000000e+00  0.00000000e+00
  0.00000000e+00  0.00000000e+00  0.00000000e+00  0.00000000e+00
  0.00000000e+00], state=[ 1.20000000e+02  6.00016152e+01  8.01945908e+03  1.80178518e+02
  2.30446356e-02  8.01945654e+03  2.99423903e+02  3.00448339e-01
  7.35268658e+00  1.20000000e+02  6.02692646e+01  8.02105263e+03
  3.00375848e+04 -3.63797881e-12  7.95047040e+03  3.05114798e-14
  3.00789474e+02  7.24962408e-15], current_reward=0.04995286336927052
2025-08-18 17:18:43,455 - INFO [ENV 14] - A0100 launch mission! Total Steps=4, obs=[ 1.60398583e+00 -2.54547381e-02  9.99675976e-01  9.36990586e-02
  9.95600566e-01  8.71334490e-01 -2.83319333e-03  7.58677918e-02
  6.12213071e-01  1.33404326e-02  1.12346400e-03  5.41432964e-03
  1.57080414e+00  2.97980047e+00 -1.00000000e+00  0.00000000e+00
  0.00000000e+00  0.00000000e+00  0.00000000e+00  0.00000000e+00
  0.00000000e+00], state=[ 1.20000004e+02  6.00021484e+01  8.01992917e+03  2.39661004e+02
  2.32754628e-01  8.01992467e+03  2.97367816e+02  8.46897166e-01
 -2.06103884e+00  1.20000000e+02  6.02692646e+01  8.02105263e+03
  3.00375848e+04 -3.63797881e-12  7.95047040e+03  3.05114798e-14
  3.00789474e+02  7.24962408e-15], current_reward=0.07543390742845091
2025-08-18 17:18:52,191 - INFO [ENV 13] - render_result: {'enm_distance': 30000, 'enm_alt': 26315.78947368421, 'enm_lat': 60.26926459981188, 'enm_lon': 120.0, 'enm_speed': 986.8421052631579, 'enm_heading': 90, 'ego_alt': 26315.78947368421, 'ego_lat': 60, 'ego_lon': 120, 'ego_speed': 986.8421052631579, 'ego_heading': 0, 'enm_angle': 0, 'success': False, 'reward': -7.078880698561257, 'total_steps': 302}
2025-08-18 17:18:52,191 - INFO [ENV 11] - render_result: {'enm_distance': 30000, 'enm_alt': 26315.78947368421, 'enm_lat': 60.26926459981188, 'enm_lon': 120.0, 'enm_speed': 986.8421052631579, 'enm_heading': 90, 'ego_alt': 26315.78947368421, 'ego_lat': 60, 'ego_lon': 120, 'ego_speed': 986.8421052631579, 'ego_heading': 0, 'enm_angle': 0, 'success': False, 'reward': -11.859890968923818, 'total_steps': 302}
2025-08-18 17:18:52,191 - CRITICAL [ENV 13] - [Episode #301] Result: both_alive
2025-08-18 17:18:52,191 - CRITICAL [ENV 11] - [Episode #301] Result: both_alive
2025-08-18 17:18:52,191 - INFO [ENV 10] - render_result: {'enm_distance': 30000, 'enm_alt': 26315.78947368421, 'enm_lat': 60.26926459981188, 'enm_lon': 120.0, 'enm_speed': 986.8421052631579, 'enm_heading': 90, 'ego_alt': 26315.78947368421, 'ego_lat': 60, 'ego_lon': 120, 'ego_speed': 986.8421052631579, 'ego_heading': 0, 'enm_angle': 0, 'success': False, 'reward': -7.384064227893582, 'total_steps': 302}
2025-08-18 17:18:52,193 - INFO [ENV 1] - render_result: {'enm_distance': 30000, 'enm_alt': 26315.78947368421, 'enm_lat': 60.26926459981188, 'enm_lon': 120.0, 'enm_speed': 986.8421052631579, 'enm_heading': 90, 'ego_alt': 26315.78947368421, 'ego_lat': 60, 'ego_lon': 120, 'ego_speed': 986.8421052631579, 'ego_heading': 0, 'enm_angle': 0, 'success': False, 'reward': -10.345515338283768, 'total_steps': 302}
2025-08-18 17:18:52,192 - CRITICAL [ENV 10] - [Episode #301] Result: both_alive
2025-08-18 17:18:52,193 - CRITICAL [ENV 1] - [Episode #301] Result: both_alive
2025-08-18 17:18:52,194 - INFO [ENV 6] - render_result: {'enm_distance': 30000, 'enm_alt': 26315.78947368421, 'enm_lat': 60.26926459981188, 'enm_lon': 120.0, 'enm_speed': 986.8421052631579, 'enm_heading': 90, 'ego_alt': 26315.78947368421, 'ego_lat': 60, 'ego_lon': 120, 'ego_speed': 986.8421052631579, 'ego_heading': 0, 'enm_angle': 0, 'success': False, 'reward': -11.599870896009005, 'total_steps': 302}
2025-08-18 17:18:52,194 - CRITICAL [ENV 6] - [Episode #301] Result: both_alive
2025-08-18 17:18:52,237 - INFO [ENV 0] - render_result: {'enm_distance': 30000, 'enm_alt': 26315.78947368421, 'enm_lat': 60.26926459981188, 'enm_lon': 120.0, 'enm_speed': 986.8421052631579, 'enm_heading': 90, 'ego_alt': 26315.78947368421, 'ego_lat': 60, 'ego_lon': 120, 'ego_speed': 986.8421052631579, 'ego_heading': 0, 'enm_angle': 0, 'success': False, 'reward': -9.525056726795949, 'total_steps': 303}
2025-08-18 17:18:52,237 - CRITICAL [ENV 0] - [Episode #302] Result: both_alive
2025-08-18 17:18:52,237 - INFO [ENV 5] - render_result: {'enm_distance': 30000, 'enm_alt': 26315.78947368421, 'enm_lat': 60.26926459981188, 'enm_lon': 120.0, 'enm_speed': 986.8421052631579, 'enm_heading': 90, 'ego_alt': 26315.78947368421, 'ego_lat': 60, 'ego_lon': 120, 'ego_speed': 986.8421052631579, 'ego_heading': 0, 'enm_angle': 0, 'success': False, 'reward': 15.717393187773549, 'total_steps': 303}
2025-08-18 17:18:52,238 - CRITICAL [ENV 5] - [Episode #302] Result: both_alive
2025-08-18 17:18:52,238 - INFO [ENV 13] - A0100 launch mission! Total Steps=1, obs=[ 1.60419776e+00  9.47389001e-02  9.95502155e-01  1.68825953e-02
  9.99857479e-01  8.83487219e-01 -2.87742725e-03  1.67712986e-02
  6.19250000e-01  1.18770356e-03  6.38395433e-05  4.05605690e-03
  1.57079615e+00  2.99775459e+00 -1.00000000e+00  0.00000000e+00
  0.00000000e+00  0.00000000e+00  0.00000000e+00  0.00000000e+00
  0.00000000e+00], state=[ 1.20000000e+02  6.00005390e+01  8.02098879e+03  6.01218649e+01
 -5.44424539e-03  8.02098851e+03  3.00440929e+02  9.39483816e-03
  5.11823001e-01  1.20000000e+02  6.02692646e+01  8.02105263e+03
  3.00375848e+04 -3.63797881e-12  7.95047040e+03  3.05114798e-14
  3.00789474e+02  7.24962408e-15], current_reward=0
2025-08-18 17:18:52,238 - INFO [ENV 4] - render_result: {'enm_distance': 30000, 'enm_alt': 26315.78947368421, 'enm_lat': 60.26926459981188, 'enm_lon': 120.0, 'enm_speed': 986.8421052631579, 'enm_heading': 90, 'ego_alt': 26315.78947368421, 'ego_lat': 60, 'ego_lon': 120, 'ego_speed': 986.8421052631579, 'ego_heading': 0, 'enm_angle': 0, 'success': False, 'reward': -7.503156413443023, 'total_steps': 303}
2025-08-18 17:18:52,239 - CRITICAL [ENV 4] - [Episode #302] Result: both_alive
2025-08-18 17:18:52,239 - INFO [ENV 10] - A0100 launch mission! Total Steps=1, obs=[ 1.60421052e+00 -6.03735408e-02  9.98175854e-01  2.70942634e-04
  9.99999963e-01  8.85208287e-01  2.15985457e-03 -3.83930528e-05
  6.20473292e-01 -5.33364708e-04  4.62442249e-08  1.89416749e-03
  1.57079643e+00  2.99774946e+00  1.00000000e+00  0.00000000e+00
  0.00000000e+00  0.00000000e+00  0.00000000e+00  0.00000000e+00
  0.00000000e+00], state=[ 1.20000000e+02  6.00005394e+01  8.02105259e+03  6.01732903e+01
  3.19032081e-03  8.02105230e+03  3.00971681e+02 -2.04106412e-02
 -1.38910993e-01  1.20000000e+02  6.02692646e+01  8.02105263e+03
  3.00375848e+04 -3.63797881e-12  7.95047040e+03  3.05114798e-14
  3.00789474e+02  7.24962408e-15], current_reward=0
2025-08-18 17:18:52,239 - INFO [ENV 6] - A0100 launch mission! Total Steps=1, obs=[ 1.60418028e+00  9.54714173e-02  9.95432172e-01 -2.37615038e-02
  9.99717656e-01  8.85929330e-01 -4.42731596e-03 -1.45684329e-02
  6.21145391e-01 -1.25440780e-03  1.51219564e-04  9.26987963e-03
  1.57079609e+00  2.99774735e+00  1.00000000e+00  0.00000000e+00
  0.00000000e+00  0.00000000e+00  0.00000000e+00  0.00000000e+00
  0.00000000e+00], state=[ 1.20000000e+02  6.00005396e+01  8.02090141e+03  6.01940755e+01
 -7.09361046e-03  8.02090113e+03  3.01253242e+02 -4.77313507e-02
  2.08442377e+00  1.20000000e+02  6.02692646e+01  8.02105263e+03
  3.00375848e+04 -3.63797881e-12  7.95047040e+03  3.05114798e-14
  3.00789474e+02  7.24962408e-15], current_reward=0
2025-08-18 17:18:52,241 - INFO [ENV 3] - render_result: {'enm_distance': 30000, 'enm_alt': 26315.78947368421, 'enm_lat': 60.26926459981188, 'enm_lon': 120.0, 'enm_speed': 986.8421052631579, 'enm_heading': 90, 'ego_alt': 26315.78947368421, 'ego_lat': 60, 'ego_lon': 120, 'ego_speed': 986.8421052631579, 'ego_heading': 0, 'enm_angle': 0, 'success': False, 'reward': 16.012143982210368, 'total_steps': 303}
2025-08-18 17:18:52,241 - INFO [ENV 8] - render_result: {'enm_distance': 30000, 'enm_alt': 26315.78947368421, 'enm_lat': 60.26926459981188, 'enm_lon': 120.0, 'enm_speed': 986.8421052631579, 'enm_heading': 90, 'ego_alt': 26315.78947368421, 'ego_lat': 60, 'ego_lon': 120, 'ego_speed': 986.8421052631579, 'ego_heading': 0, 'enm_angle': 0, 'success': False, 'reward': -11.737533268216623, 'total_steps': 303}
2025-08-18 17:18:52,241 - INFO [ENV 9] - render_result: {'enm_distance': 30000, 'enm_alt': 26315.78947368421, 'enm_lat': 60.26926459981188, 'enm_lon': 120.0, 'enm_speed': 986.8421052631579, 'enm_heading': 90, 'ego_alt': 26315.78947368421, 'ego_lat': 60, 'ego_lon': 120, 'ego_speed': 986.8421052631579, 'ego_heading': 0, 'enm_angle': 0, 'success': False, 'reward': -8.683820540752553, 'total_steps': 303}
2025-08-18 17:18:52,241 - CRITICAL [ENV 3] - [Episode #302] Result: both_alive
2025-08-18 17:18:52,241 - CRITICAL [ENV 8] - [Episode #302] Result: both_alive
2025-08-18 17:18:52,241 - CRITICAL [ENV 9] - [Episode #302] Result: both_alive
2025-08-18 17:18:52,282 - INFO [ENV 11] - A0100 launch mission! Total Steps=2, obs=[ 1.60419040e+00  3.25293492e-02  9.99470781e-01  2.36139575e-02
  9.99721152e-01  8.79809344e-01  1.26282002e-03  1.94992012e-02
  6.16406153e-01  4.86557858e-03  1.00633150e-04  1.16441003e-03
  1.57079714e+00  2.99176120e+00 -1.00000000e+00  0.00000000e+00
  0.00000000e+00  0.00000000e+00  0.00000000e+00  0.00000000e+00
  0.00000000e+00], state=[ 1.20000000e+02  6.00010762e+01  8.02095200e+03  1.20055844e+02
  2.43181847e-02  8.02095087e+03  2.99208569e+02  2.07820266e-01
 -4.25430370e-01  1.20000000e+02  6.02692646e+01  8.02105263e+03
  3.00375848e+04 -3.63797881e-12  7.95047040e+03  3.05114798e-14
  3.00789474e+02  7.24962408e-15], current_reward=0.024936988103846147
2025-08-18 17:18:52,282 - INFO [ENV 1] - A0100 launch mission! Total Steps=2, obs=[ 1.60425272e+00 -1.92169010e-01  9.81361845e-01  2.38292893e-02
  9.99716042e-01  8.84993263e-01 -1.33696116e-03  1.67361133e-02
  6.20420774e-01 -3.18340574e-04 -2.10953624e-04  3.32427958e-03
  1.57079422e+00  2.99173169e+00  1.00000000e+00  0.00000000e+00
  0.00000000e+00  0.00000000e+00  0.00000000e+00  0.00000000e+00
  0.00000000e+00], state=[ 1.19999999e+02  6.00010789e+01  8.02126359e+03  1.20351616e+02
 -6.30840496e-02  8.02126245e+03  3.00947483e+02 -6.15650196e-01
 -1.50021318e+00  1.20000000e+02  6.02692646e+01  8.02105263e+03
  3.00375848e+04 -3.63797881e-12  7.95047040e+03  3.05114798e-14
  3.00789474e+02  7.24962408e-15], current_reward=0.02493459062670844
2025-08-18 17:18:52,284 - INFO [ENV 4] - A0100 launch mission! Total Steps=1, obs=[ 1.60419770e+00  9.48481368e-02  9.95491753e-01  1.64098532e-02
  9.99865349e-01  8.85333863e-01 -2.89572501e-03  1.63957253e-02
  6.20694904e-01 -6.58940404e-04  6.41180885e-05  4.06544208e-03
  1.57079615e+00  2.99774862e+00 -1.00000000e+00  0.00000000e+00
  0.00000000e+00  0.00000000e+00  0.00000000e+00  0.00000000e+00
  0.00000000e+00], state=[ 1.20000000e+02  6.00005395e+01  8.02098851e+03  6.01815028e+01
 -5.41275660e-03  8.02098823e+03  3.01066295e+02  1.00318432e-02
  5.15710525e-01  1.20000000e+02  6.02692646e+01  8.02105263e+03
  3.00375848e+04 -3.63797881e-12  7.95047040e+03  3.05114798e-14
  3.00789474e+02  7.24962408e-15], current_reward=0
2025-08-18 17:18:52,284 - INFO [ENV 5] - A0100 launch mission! Total Steps=1, obs=[ 1.60419770e+00  9.48481368e-02  9.95491753e-01  1.64098532e-02
  9.99865349e-01  8.85333863e-01 -2.89572501e-03  1.63957253e-02
  6.20694904e-01 -6.58940404e-04  6.41180885e-05  4.06544208e-03
  1.57079615e+00  2.99774862e+00 -1.00000000e+00  0.00000000e+00
  0.00000000e+00  0.00000000e+00  0.00000000e+00  0.00000000e+00
  0.00000000e+00], state=[ 1.20000000e+02  6.00005395e+01  8.02098851e+03  6.01815028e+01
 -5.41275660e-03  8.02098823e+03  3.01066295e+02  1.00318432e-02
  5.15710525e-01  1.20000000e+02  6.02692646e+01  8.02105263e+03
  3.00375848e+04 -3.63797881e-12  7.95047040e+03  3.05114798e-14
  3.00789474e+02  7.24962408e-15], current_reward=0
2025-08-18 17:18:52,286 - INFO [ENV 12] - render_result: {'enm_distance': 30000, 'enm_alt': 26315.78947368421, 'enm_lat': 60.26926459981188, 'enm_lon': 120.0, 'enm_speed': 986.8421052631579, 'enm_heading': 90, 'ego_alt': 26315.78947368421, 'ego_lat': 60, 'ego_lon': 120, 'ego_speed': 986.8421052631579, 'ego_heading': 0, 'enm_angle': 0, 'success': False, 'reward': -6.8051879059112785, 'total_steps': 304}
2025-08-18 17:18:52,286 - INFO [ENV 15] - render_result: {'enm_distance': 30000, 'enm_alt': 26315.78947368421, 'enm_lat': 60.26926459981188, 'enm_lon': 120.0, 'enm_speed': 986.8421052631579, 'enm_heading': 90, 'ego_alt': 26315.78947368421, 'ego_lat': 60, 'ego_lon': 120, 'ego_speed': 986.8421052631579, 'ego_heading': 0, 'enm_angle': 0, 'success': False, 'reward': -6.934328345388899, 'total_steps': 304}
2025-08-18 17:18:52,286 - CRITICAL [ENV 12] - [Episode #303] Result: both_alive
2025-08-18 17:18:52,286 - INFO [ENV 3] - A0100 launch mission! Total Steps=1, obs=[ 1.60418028e+00  9.54714173e-02  9.95432172e-01 -2.37615038e-02
  9.99717656e-01  8.85929330e-01 -4.42731596e-03 -1.45684329e-02
  6.21145391e-01 -1.25440780e-03  1.51219564e-04  9.26987963e-03
  1.57079609e+00  2.99774735e+00  1.00000000e+00  0.00000000e+00
  0.00000000e+00  0.00000000e+00  0.00000000e+00  0.00000000e+00
  0.00000000e+00], state=[ 1.20000000e+02  6.00005396e+01  8.02090141e+03  6.01940755e+01
 -7.09361046e-03  8.02090113e+03  3.01253242e+02 -4.77313507e-02
  2.08442377e+00  1.20000000e+02  6.02692646e+01  8.02105263e+03
  3.00375848e+04 -3.63797881e-12  7.95047040e+03  3.05114798e-14
  3.00789474e+02  7.24962408e-15], current_reward=0
2025-08-18 17:18:52,286 - CRITICAL [ENV 15] - [Episode #303] Result: both_alive
2025-08-18 17:18:52,288 - INFO [ENV 2] - render_result: {'enm_distance': 30000, 'enm_alt': 26315.78947368421, 'enm_lat': 60.26926459981188, 'enm_lon': 120.0, 'enm_speed': 986.8421052631579, 'enm_heading': 90, 'ego_alt': 26315.78947368421, 'ego_lat': 60, 'ego_lon': 120, 'ego_speed': 986.8421052631579, 'ego_heading': 0, 'enm_angle': 0, 'success': False, 'reward': 12.789218548447682, 'total_steps': 304}
2025-08-18 17:18:52,289 - CRITICAL [ENV 2] - [Episode #303] Result: both_alive
2025-08-18 17:18:52,289 - INFO [ENV 7] - render_result: {'enm_distance': 30000, 'enm_alt': 26315.78947368421, 'enm_lat': 60.26926459981188, 'enm_lon': 120.0, 'enm_speed': 986.8421052631579, 'enm_heading': 90, 'ego_alt': 26315.78947368421, 'ego_lat': 60, 'ego_lon': 120, 'ego_speed': 986.8421052631579, 'ego_heading': 0, 'enm_angle': 0, 'success': False, 'reward': 12.813503678235115, 'total_steps': 304}
2025-08-18 17:18:52,289 - CRITICAL [ENV 7] - [Episode #303] Result: both_alive
2025-08-18 17:18:52,330 - INFO [ENV 7] - A0100 launch mission! Total Steps=1, obs=[ 1.60421716e+00 -6.02456133e-02  9.98183583e-01  1.74835687e-02
  9.99847151e-01  8.80948140e-01  1.78931939e-03  1.30974774e-02
  6.17203008e-01  3.72678245e-03 -3.31828140e-05  4.33436645e-04
  1.57079641e+00  2.99776232e+00  1.00000000e+00  0.00000000e+00
  0.00000000e+00  0.00000000e+00  0.00000000e+00  0.00000000e+00
  0.00000000e+00], state=[ 1.20000000e+02  6.00005383e+01  8.02108581e+03  6.00447871e+01
  2.57578981e-03  8.02108553e+03  2.99554937e+02 -4.05292852e-02
 -8.28991684e-01  1.20000000e+02  6.02692646e+01  8.02105263e+03
  3.00375848e+04 -3.63797881e-12  7.95047040e+03  3.05114798e-14
  3.00789474e+02  7.24962408e-15], current_reward=0
2025-08-18 17:18:52,332 - INFO [ENV 14] - render_result: {'enm_distance': 30000, 'enm_alt': 26315.78947368421, 'enm_lat': 60.26926459981188, 'enm_lon': 120.0, 'enm_speed': 986.8421052631579, 'enm_heading': 90, 'ego_alt': 26315.78947368421, 'ego_lat': 60, 'ego_lon': 120, 'ego_speed': 986.8421052631579, 'ego_heading': 0, 'enm_angle': 0, 'success': False, 'reward': 12.945160709171738, 'total_steps': 305}
2025-08-18 17:18:52,332 - INFO [ENV 15] - A0100 launch mission! Total Steps=1, obs=[ 1.60419480e+00 -1.75202718e-02  9.99846508e-01 -2.36196396e-02
  9.99721017e-01  8.85178258e-01 -9.15881088e-04 -1.76092327e-02
  6.20588075e-01 -5.03335574e-04  7.86199990e-05  6.10414015e-03
  1.57079626e+00  2.99774911e+00  1.00000000e+00  0.00000000e+00
  0.00000000e+00  0.00000000e+00  0.00000000e+00  0.00000000e+00
  0.00000000e+00], state=[ 1.20000000e+02  6.00005394e+01  8.02097401e+03  6.01765838e+01
 -1.98445458e-03  8.02097373e+03  3.01018196e+02 -8.38846790e-03
  1.12948530e+00  1.20000000e+02  6.02692646e+01  8.02105263e+03
  3.00375848e+04 -3.63797881e-12  7.95047040e+03  3.05114798e-14
  3.00789474e+02  7.24962408e-15], current_reward=0
2025-08-18 17:18:52,332 - CRITICAL [ENV 14] - [Episode #304] Result: both_alive
2025-08-18 17:18:52,370 - INFO [ENV 0] - A0100 launch mission! Total Steps=3, obs=[ 1.60385103e+00  1.38302722e-01  9.90390003e-01 -1.94194725e-02
  9.99811424e-01  8.85095891e-01 -7.89075114e-03  2.52348281e-03
  6.20469767e-01 -4.20968811e-04  1.79746285e-03  2.33241852e-02
  1.57079676e+00  2.98571245e+00 -1.00000000e+00  0.00000000e+00
  0.00000000e+00  0.00000000e+00  0.00000000e+00  0.00000000e+00
  0.00000000e+00], state=[ 1.20000000e+02  6.00016184e+01  8.01925517e+03  1.80539553e+02
  1.29862636e-02  8.01925262e+03  3.00879293e+02  2.05107413e-01
  6.32255488e+00  1.20000000e+02  6.02692646e+01  8.02105263e+03
  3.00375848e+04 -3.63797881e-12  7.95047040e+03  3.05114798e-14
  3.00789474e+02  7.24962408e-15], current_reward=0.04982561336610658
2025-08-18 17:18:52,370 - INFO [ENV 2] - A0100 launch mission! Total Steps=2, obs=[ 1.60433546e+00 -1.96548740e-01  9.80494055e-01  1.06726734e-01
  9.94288391e-01  8.78860311e-01 -5.76787960e-03  7.92340396e-02
  6.18280390e-01  5.81461182e-03 -6.24651658e-04  1.55465641e-02
  1.57079275e+00  2.99174337e+00  1.00000000e+00  0.00000000e+00
  0.00000000e+00  0.00000000e+00  0.00000000e+00  0.00000000e+00
  0.00000000e+00], state=[ 1.19999998e+02  6.00010778e+01  8.02167728e+03  1.20235855e+02
 -1.06876742e-01  8.02167615e+03  2.99982945e+02 -1.10664766e+00
 -5.24481204e+00  1.20000000e+02  6.02692646e+01  8.02105263e+03
  3.00375848e+04 -3.63797881e-12  7.95047040e+03  3.05114798e-14
  3.00789474e+02  7.24962408e-15], current_reward=0.024891896396910695
2025-08-18 17:18:52,373 - INFO [ENV 14] - A0100 launch mission! Total Steps=1, obs=[ 1.60421052e+00 -6.03735408e-02  9.98175854e-01  2.70942634e-04
  9.99999963e-01  8.85208287e-01  2.15985457e-03 -3.83930528e-05
  6.20473292e-01 -5.33364708e-04  4.62442249e-08  1.89416749e-03
  1.57079643e+00  2.99774946e+00  1.00000000e+00  0.00000000e+00
  0.00000000e+00  0.00000000e+00  0.00000000e+00  0.00000000e+00
  0.00000000e+00], state=[ 1.20000000e+02  6.00005394e+01  8.02105259e+03  6.01732903e+01
  3.19032081e-03  8.02105230e+03  3.00971681e+02 -2.04106412e-02
 -1.38910993e-01  1.20000000e+02  6.02692646e+01  8.02105263e+03
  3.00375848e+04 -3.63797881e-12  7.95047040e+03  3.05114798e-14
  3.00789474e+02  7.24962408e-15], current_reward=0
2025-08-18 17:18:52,375 - INFO [ENV 12] - A0100 launch mission! Total Steps=2, obs=[ 1.60408268e+00  5.71142042e-02  9.98367652e-01 -7.02671825e-02
  9.97528207e-01  8.80316623e-01 -8.37946736e-03 -4.67452570e-02
  6.17655139e-01  4.35830004e-03  6.39235604e-04  1.91563095e-02
  1.57079622e+00  2.99174942e+00 -1.00000000e+00  0.00000000e+00
  0.00000000e+00  0.00000000e+00  0.00000000e+00  0.00000000e+00
  0.00000000e+00], state=[ 1.20000000e+02  6.00010773e+01  8.02041340e+03  1.20172376e+02
 -3.22396726e-03  8.02041227e+03  2.99700476e+02  1.40435245e-02
  5.04096535e+00  1.20000000e+02  6.02692646e+01  8.02105263e+03
  3.00375848e+04 -3.63797881e-12  7.95047040e+03  3.05114798e-14
  3.00789474e+02  7.24962408e-15], current_reward=0.02494898580772187
2025-08-18 17:18:52,403 - INFO [ENV 9] - A0100 launch mission! Total Steps=4, obs=[1.60382625e+00 9.75112610e-02 9.95234422e-01 8.77679116e-03
 9.99961483e-01 8.79713867e-01 6.51510488e-03 2.00398793e-02
 6.16415864e-01 4.96105609e-03 1.92138956e-03 1.69225014e-02
 1.57079360e+00 2.97982330e+00 1.00000000e+00 0.00000000e+00
 0.00000000e+00 0.00000000e+00 0.00000000e+00 0.00000000e+00
 0.00000000e+00], state=[ 1.19999999e+02  6.00021464e+01  8.01913124e+03  2.39430937e+02
 -8.11892792e-02  8.01912676e+03  2.99156540e+02 -1.36459904e-01
  4.37165750e+00  1.20000000e+02  6.02692646e+01  8.02105263e+03
  3.00375848e+04 -3.63797881e-12  7.95047040e+03  3.05114798e-14
  3.00789474e+02  7.24962408e-15], current_reward=0.0749877771309162
2025-08-18 17:18:52,486 - INFO [ENV 8] - A0100 launch mission! Total Steps=7, obs=[ 1.60659227  0.40598603  0.91387928  0.06042034  0.99817302  0.86296356
  0.02645239 -0.01247818  0.60307539  0.02171136 -0.01190871  0.0777165
  1.57107392  2.96217285 -1.          0.          0.          0.
  0.          0.          0.        ], state=[ 1.20000147e+02  6.00037289e+01  8.03296134e+03  4.15972297e+02
  8.22286833e+00  8.03294780e+03  2.92645253e+02  1.49449655e+01
 -1.79532198e+01  1.20000000e+02  6.02692646e+01  8.02105263e+03
  3.00375848e+04 -3.63797881e-12  7.95047040e+03  3.05114798e-14
  3.00789474e+02  7.24962408e-15], current_reward=0.13846424037775407
2025-08-18 17:19:01,238 - INFO [ENV 6] - render_result: {'enm_distance': 30000, 'enm_alt': 26315.78947368421, 'enm_lat': 60.26926459981188, 'enm_lon': 120.0, 'enm_speed': 986.8421052631579, 'enm_heading': 90, 'ego_alt': 26315.78947368421, 'ego_lat': 60, 'ego_lon': 120, 'ego_speed': 986.8421052631579, 'ego_heading': 0, 'enm_angle': 0, 'success': False, 'reward': -8.428679238624209, 'total_steps': 302}
2025-08-18 17:19:01,238 - CRITICAL [ENV 6] - [Episode #603] Result: both_alive
2025-08-18 17:19:01,239 - INFO [ENV 10] - render_result: {'enm_distance': 30000, 'enm_alt': 26315.78947368421, 'enm_lat': 60.26926459981188, 'enm_lon': 120.0, 'enm_speed': 986.8421052631579, 'enm_heading': 90, 'ego_alt': 26315.78947368421, 'ego_lat': 60, 'ego_lon': 120, 'ego_speed': 986.8421052631579, 'ego_heading': 0, 'enm_angle': 0, 'success': False, 'reward': -7.3275480393285655, 'total_steps': 302}
2025-08-18 17:19:01,239 - CRITICAL [ENV 10] - [Episode #603] Result: both_alive
2025-08-18 17:19:01,243 - INFO [ENV 13] - render_result: {'enm_distance': 30000, 'enm_alt': 26315.78947368421, 'enm_lat': 60.26926459981188, 'enm_lon': 120.0, 'enm_speed': 986.8421052631579, 'enm_heading': 90, 'ego_alt': 26315.78947368421, 'ego_lat': 60, 'ego_lon': 120, 'ego_speed': 986.8421052631579, 'ego_heading': 0, 'enm_angle': 0, 'success': False, 'reward': -7.989986311129748, 'total_steps': 302}
2025-08-18 17:19:01,243 - CRITICAL [ENV 13] - [Episode #603] Result: both_alive
2025-08-18 17:19:01,289 - INFO [ENV 3] - render_result: {'enm_distance': 30000, 'enm_alt': 26315.78947368421, 'enm_lat': 60.26926459981188, 'enm_lon': 120.0, 'enm_speed': 986.8421052631579, 'enm_heading': 90, 'ego_alt': 26315.78947368421, 'ego_lat': 60, 'ego_lon': 120, 'ego_speed': 986.8421052631579, 'ego_heading': 0, 'enm_angle': 0, 'success': False, 'reward': -8.319134133805406, 'total_steps': 302}
2025-08-18 17:19:01,289 - CRITICAL [ENV 3] - [Episode #604] Result: both_alive
2025-08-18 17:19:01,289 - INFO [ENV 11] - render_result: {'enm_distance': 30000, 'enm_alt': 26315.78947368421, 'enm_lat': 60.26926459981188, 'enm_lon': 120.0, 'enm_speed': 986.8421052631579, 'enm_heading': 90, 'ego_alt': 26315.78947368421, 'ego_lat': 60, 'ego_lon': 120, 'ego_speed': 986.8421052631579, 'ego_heading': 0, 'enm_angle': 0, 'success': False, 'reward': -7.100539713040753, 'total_steps': 303}
2025-08-18 17:19:01,289 - CRITICAL [ENV 11] - [Episode #604] Result: both_alive
2025-08-18 17:19:01,290 - INFO [ENV 1] - render_result: {'enm_distance': 30000, 'enm_alt': 26315.78947368421, 'enm_lat': 60.26926459981188, 'enm_lon': 120.0, 'enm_speed': 986.8421052631579, 'enm_heading': 90, 'ego_alt': 26315.78947368421, 'ego_lat': 60, 'ego_lon': 120, 'ego_speed': 986.8421052631579, 'ego_heading': 0, 'enm_angle': 0, 'success': False, 'reward': 14.122500430468513, 'total_steps': 303}
2025-08-18 17:19:01,290 - CRITICAL [ENV 1] - [Episode #604] Result: both_alive
2025-08-18 17:19:01,293 - INFO [ENV 5] - render_result: {'enm_distance': 30000, 'enm_alt': 26315.78947368421, 'enm_lat': 60.26926459981188, 'enm_lon': 120.0, 'enm_speed': 986.8421052631579, 'enm_heading': 90, 'ego_alt': 26315.78947368421, 'ego_lat': 60, 'ego_lon': 120, 'ego_speed': 986.8421052631579, 'ego_heading': 0, 'enm_angle': 0, 'success': False, 'reward': -10.25577704382809, 'total_steps': 302}
2025-08-18 17:19:01,293 - CRITICAL [ENV 5] - [Episode #604] Result: both_alive
2025-08-18 17:19:01,294 - INFO [ENV 4] - render_result: {'enm_distance': 30000, 'enm_alt': 26315.78947368421, 'enm_lat': 60.26926459981188, 'enm_lon': 120.0, 'enm_speed': 986.8421052631579, 'enm_heading': 90, 'ego_alt': 26315.78947368421, 'ego_lat': 60, 'ego_lon': 120, 'ego_speed': 986.8421052631579, 'ego_heading': 0, 'enm_angle': 0, 'success': False, 'reward': -7.672571135000332, 'total_steps': 302}
2025-08-18 17:19:01,295 - CRITICAL [ENV 4] - [Episode #604] Result: both_alive
2025-08-18 17:19:01,334 - INFO [ENV 3] - A0100 launch mission! Total Steps=1, obs=[ 1.60421779e+00 -9.44554297e-02  9.95529091e-01  1.64635806e-02
  9.99864466e-01  8.84511127e-01  3.35786292e-03  1.20261004e-02
  6.19991600e-01  1.63795646e-04 -3.63111988e-05  9.50929631e-04
  1.57079650e+00  2.99775048e+00  1.00000000e+00  0.00000000e+00
  0.00000000e+00  0.00000000e+00  0.00000000e+00  0.00000000e+00
  0.00000000e+00], state=[ 1.20000000e+02  6.00005393e+01  8.02108894e+03  6.01631846e+01
  5.08184651e-03  8.02108866e+03  3.00762114e+02 -5.62692931e-02
 -9.88936050e-01  1.20000000e+02  6.02692646e+01  8.02105263e+03
  3.00375848e+04 -3.63797881e-12  7.95047040e+03  3.05114798e-14
  3.00789474e+02  7.24962408e-15], current_reward=0
2025-08-18 17:19:01,336 - INFO [ENV 10] - A0100 launch mission! Total Steps=2, obs=[ 1.60405769e+00  3.08565508e-02  9.99523823e-01 -5.59092484e-02
  9.98435855e-01  8.81195390e-01  1.23615832e-03 -3.70667931e-02
  6.17956386e-01  3.47953302e-03  7.64183921e-04  1.62962334e-02
  1.57079646e+00  2.99176244e+00 -1.00000000e+00  0.00000000e+00
  0.00000000e+00  0.00000000e+00  0.00000000e+00  0.00000000e+00
  0.00000000e+00], state=[ 1.20000000e+02  6.00010761e+01  8.02028845e+03  1.20041871e+02
  4.10339683e-03  8.02028732e+03  2.99842441e+02  3.64701808e-02
  4.18671356e+00  1.20000000e+02  6.02692646e+01  8.02105263e+03
  3.00375848e+04 -3.63797881e-12  7.95047040e+03  3.05114798e-14
  3.00789474e+02  7.24962408e-15], current_reward=0.024892490573538595
2025-08-18 17:19:01,338 - INFO [ENV 1] - A0100 launch mission! Total Steps=1, obs=[ 1.60419923e+00  4.40334080e-02  9.99030059e-01  1.69649520e-02
  9.99856085e-01  8.83335921e-01 -2.07658043e-03  1.58730034e-02
  6.19116180e-01  1.33900111e-03  5.64661607e-05  3.23379727e-03
  1.57079621e+00  2.99775476e+00 -1.00000000e+00  0.00000000e+00
  0.00000000e+00  0.00000000e+00  0.00000000e+00  0.00000000e+00
  0.00000000e+00], state=[ 1.20000000e+02  6.00005389e+01  8.02099617e+03  6.01201578e+01
 -3.43038484e-03  8.02099588e+03  3.00383411e+02  1.54924907e-02
  2.64570378e-01  1.20000000e+02  6.02692646e+01  8.02105263e+03
  3.00375848e+04 -3.63797881e-12  7.95047040e+03  3.05114798e-14
  3.00789474e+02  7.24962408e-15], current_reward=0
2025-08-18 17:19:01,338 - INFO [ENV 7] - render_result: {'enm_distance': 30000, 'enm_alt': 26315.78947368421, 'enm_lat': 60.26926459981188, 'enm_lon': 120.0, 'enm_speed': 986.8421052631579, 'enm_heading': 90, 'ego_alt': 26315.78947368421, 'ego_lat': 60, 'ego_lon': 120, 'ego_speed': 986.8421052631579, 'ego_heading': 0, 'enm_angle': 0, 'success': False, 'reward': -18.58664758672221, 'total_steps': 302}
2025-08-18 17:19:01,338 - CRITICAL [ENV 7] - [Episode #605] Result: both_alive
2025-08-18 17:19:01,339 - INFO [ENV 15] - render_result: {'enm_distance': 30000, 'enm_alt': 26315.78947368421, 'enm_lat': 60.26926459981188, 'enm_lon': 120.0, 'enm_speed': 986.8421052631579, 'enm_heading': 90, 'ego_alt': 26315.78947368421, 'ego_lat': 60, 'ego_lon': 120, 'ego_speed': 986.8421052631579, 'ego_heading': 0, 'enm_angle': 0, 'success': False, 'reward': -13.100936134318154, 'total_steps': 302}
2025-08-18 17:19:01,339 - CRITICAL [ENV 15] - [Episode #605] Result: both_alive
2025-08-18 17:19:01,382 - INFO [ENV 6] - A0100 launch mission! Total Steps=3, obs=[ 1.60472776e+00 -5.55251079e-01  8.31682776e-01  1.18588720e-01
  9.92943460e-01  8.71220116e-01 -3.05800872e-02  6.46339598e-02
  6.11717026e-01  1.34548063e-02 -2.58617799e-03  3.92207444e-02
  1.57076897e+00  2.98579522e+00  1.00000000e+00  0.00000000e+00
  0.00000000e+00  0.00000000e+00  0.00000000e+00  0.00000000e+00
  0.00000000e+00], state=[ 1.19999985e+02  6.00016111e+01  8.02363881e+03  1.79722300e+02
 -8.16913816e-01  8.02363628e+03  2.96955699e+02 -5.00606270e+00
 -1.12476904e+01  1.20000000e+02  6.02692646e+01  8.02105263e+03
  3.00375848e+04 -3.63797881e-12  7.95047040e+03  3.05114798e-14
  3.00789474e+02  7.24962408e-15], current_reward=0.04870807874673133
2025-08-18 17:19:01,384 - INFO [ENV 12] - render_result: {'enm_distance': 30000, 'enm_alt': 26315.78947368421, 'enm_lat': 60.26926459981188, 'enm_lon': 120.0, 'enm_speed': 986.8421052631579, 'enm_heading': 90, 'ego_alt': 26315.78947368421, 'ego_lat': 60, 'ego_lon': 120, 'ego_speed': 986.8421052631579, 'ego_heading': 0, 'enm_angle': 0, 'success': False, 'reward': -8.65728852112603, 'total_steps': 303}
2025-08-18 17:19:01,384 - CRITICAL [ENV 12] - [Episode #606] Result: both_alive
2025-08-18 17:19:01,385 - INFO [ENV 14] - render_result: {'enm_distance': 30000, 'enm_alt': 26315.78947368421, 'enm_lat': 60.26926459981188, 'enm_lon': 120.0, 'enm_speed': 986.8421052631579, 'enm_heading': 90, 'ego_alt': 26315.78947368421, 'ego_lat': 60, 'ego_lon': 120, 'ego_speed': 986.8421052631579, 'ego_heading': 0, 'enm_angle': 0, 'success': False, 'reward': -7.790828062867135, 'total_steps': 302}
2025-08-18 17:19:01,385 - INFO [ENV 4] - A0100 launch mission! Total Steps=2, obs=[ 1.60401152e+00  3.76737704e-01  9.26319979e-01 -5.64229440e-02
  9.98406957e-01  8.86550320e-01 -1.56733699e-02 -2.81664502e-02
  6.22017674e-01 -1.87539754e-03  9.95049400e-04  2.27315600e-02
  1.57079489e+00  2.99171807e+00  1.00000000e+00  0.00000000e+00
  0.00000000e+00  0.00000000e+00  0.00000000e+00  0.00000000e+00
  0.00000000e+00], state=[ 1.19999999e+02  6.00010801e+01  8.02005758e+03  1.20485059e+02
 -4.31319965e-02  8.02005645e+03  3.01563463e+02 -3.36976497e-01
  6.14613069e+00  1.20000000e+02  6.02692646e+01  8.02105263e+03
  3.00375848e+04 -3.63797881e-12  7.95047040e+03  3.05114798e-14
  3.00789474e+02  7.24962408e-15], current_reward=0.02492941910200841
2025-08-18 17:19:01,385 - CRITICAL [ENV 14] - [Episode #606] Result: both_alive
2025-08-18 17:19:01,385 - INFO [ENV 0] - render_result: {'enm_distance': 30000, 'enm_alt': 26315.78947368421, 'enm_lat': 60.26926459981188, 'enm_lon': 120.0, 'enm_speed': 986.8421052631579, 'enm_heading': 90, 'ego_alt': 26315.78947368421, 'ego_lat': 60, 'ego_lon': 120, 'ego_speed': 986.8421052631579, 'ego_heading': 0, 'enm_angle': 0, 'success': False, 'reward': 7.4740870865493925, 'total_steps': 304}
2025-08-18 17:19:01,385 - CRITICAL [ENV 0] - [Episode #606] Result: both_alive
2025-08-18 17:19:01,386 - INFO [ENV 2] - render_result: {'enm_distance': 30000, 'enm_alt': 26315.78947368421, 'enm_lat': 60.26926459981188, 'enm_lon': 120.0, 'enm_speed': 986.8421052631579, 'enm_heading': 90, 'ego_alt': 26315.78947368421, 'ego_lat': 60, 'ego_lon': 120, 'ego_speed': 986.8421052631579, 'ego_heading': 0, 'enm_angle': 0, 'success': False, 'reward': -7.101859984868021, 'total_steps': 303}
2025-08-18 17:19:01,386 - CRITICAL [ENV 2] - [Episode #606] Result: both_alive
2025-08-18 17:19:01,426 - INFO [ENV 5] - A0100 launch mission! Total Steps=3, obs=[ 1.60379779e+00 -8.78278200e-02  9.96135670e-01 -7.88766290e-02
  9.96884385e-01  8.74763911e-01  9.84378641e-03 -4.56179891e-02
  6.13317066e-01  9.91101180e-03  2.06365941e-03  2.83673139e-02
  1.57079620e+00  2.98580797e+00  1.00000000e+00  0.00000000e+00
  0.00000000e+00  0.00000000e+00  0.00000000e+00  0.00000000e+00
  0.00000000e+00], state=[ 1.20000000e+02  6.00016099e+01  8.01898897e+03  1.79583676e+02
 -3.82408253e-03  8.01898645e+03  2.97741450e+02 -6.63944773e-02
  7.76438841e+00  1.20000000e+02  6.02692646e+01  8.02105263e+03
  3.00375848e+04 -3.63797881e-12  7.95047040e+03  3.05114798e-14
  3.00789474e+02  7.24962408e-15], current_reward=0.049610583412132314
2025-08-18 17:19:01,427 - INFO [ENV 2] - A0100 launch mission! Total Steps=1, obs=[ 1.60419929e+00  4.40005317e-02  9.99031508e-01  1.74038744e-02
  9.99848541e-01  8.81624620e-01 -2.06791765e-03  1.62189754e-02
  6.17777824e-01  3.05030242e-03  5.62028535e-05  3.22187666e-03
  1.57079621e+00  2.99776029e+00 -1.00000000e+00  0.00000000e+00
  0.00000000e+00  0.00000000e+00  0.00000000e+00  0.00000000e+00
  0.00000000e+00], state=[ 1.20000000e+02  6.00005384e+01  8.02099643e+03  6.00648807e+01
 -3.45712125e-03  8.02099615e+03  2.99803801e+02  1.49582910e-02
  2.60492161e-01  1.20000000e+02  6.02692646e+01  8.02105263e+03
  3.00375848e+04 -3.63797881e-12  7.95047040e+03  3.05114798e-14
  3.00789474e+02  7.24962408e-15], current_reward=0
2025-08-18 17:19:01,430 - INFO [ENV 15] - A0100 launch mission! Total Steps=2, obs=[ 1.60402543e+00  1.92783905e-01  9.81241237e-01 -5.51894511e-02
  9.98475901e-01  8.85836928e-01 -5.10091003e-03 -3.29867413e-02
  6.21488354e-01 -1.16200501e-03  9.25502381e-04  1.99170925e-02
  1.57079566e+00  2.99171977e+00  1.00000000e+00  0.00000000e+00
  0.00000000e+00  0.00000000e+00  0.00000000e+00  0.00000000e+00
  0.00000000e+00], state=[ 1.20000000e+02  6.00010799e+01  8.02012713e+03  1.20468228e+02
 -1.98924186e-02  8.02012599e+03  3.01351672e+02 -1.04991569e-01
  5.30004249e+00  1.20000000e+02  6.02692646e+01  8.02105263e+03
  3.00375848e+04 -3.63797881e-12  7.95047040e+03  3.05114798e-14
  3.00789474e+02  7.24962408e-15], current_reward=0.02492941910200841
2025-08-18 17:19:01,431 - INFO [ENV 14] - A0100 launch mission! Total Steps=1, obs=[ 1.60420064e+00 -9.46398156e-02  9.95511580e-01 -2.28045348e-02
  9.99739943e-01  8.80877092e-01  4.95468340e-03 -1.80817285e-02
  6.17228557e-01  3.79783092e-03  4.94176549e-05  4.19527087e-03
  1.57079656e+00  2.99776236e+00 -1.00000000e+00  0.00000000e+00
  0.00000000e+00  0.00000000e+00  0.00000000e+00  0.00000000e+00
  0.00000000e+00], state=[ 1.20000000e+02  6.00005383e+01  8.02100321e+03  6.00441560e+01
  7.03660062e-03  8.02100293e+03  2.99565530e+02  2.07163823e-03
  5.51927102e-01  1.20000000e+02  6.02692646e+01  8.02105263e+03
  3.00375848e+04 -3.63797881e-12  7.95047040e+03  3.05114798e-14
  3.00789474e+02  7.24962408e-15], current_reward=0
2025-08-18 17:19:01,431 - INFO [ENV 13] - A0100 launch mission! Total Steps=4, obs=[ 1.60378187e+00 -3.19760032e-01  9.47498560e-01  8.61421611e-02
  9.96282855e-01  8.76329462e-01 -2.35233834e-02  6.64565570e-02
  6.15790801e-01  8.34546053e-03  2.14325842e-03  3.96670721e-03
  1.57079731e+00  2.97973676e+00  1.00000000e+00  0.00000000e+00
  0.00000000e+00  0.00000000e+00  0.00000000e+00  0.00000000e+00
  0.00000000e+00], state=[ 1.20000001e+02  6.00021541e+01  8.01890937e+03  2.40295790e+02
  2.92611030e-02  8.01890486e+03  2.98908891e+02 -4.36758371e-01
 -1.78894496e+00  1.20000000e+02  6.02692646e+01  8.02105263e+03
  3.00375848e+04 -3.63797881e-12  7.95047040e+03  3.05114798e-14
  3.00789474e+02  7.24962408e-15], current_reward=0.07535276570313698
2025-08-18 17:19:01,432 - INFO [ENV 9] - render_result: {'enm_distance': 30000, 'enm_alt': 26315.78947368421, 'enm_lat': 60.26926459981188, 'enm_lon': 120.0, 'enm_speed': 986.8421052631579, 'enm_heading': 90, 'ego_alt': 26315.78947368421, 'ego_lat': 60, 'ego_lon': 120, 'ego_speed': 986.8421052631579, 'ego_heading': 0, 'enm_angle': 0, 'success': False, 'reward': 14.41717967301016, 'total_steps': 305}
2025-08-18 17:19:01,434 - CRITICAL [ENV 9] - [Episode #607] Result: both_alive
2025-08-18 17:19:01,474 - INFO [ENV 0] - A0100 launch mission! Total Steps=2, obs=[ 1.60408322e+00  1.43462090e-02  9.99897088e-01 -7.03995901e-02
  9.97518871e-01  8.81202792e-01 -4.92231186e-03 -4.77222192e-02
  6.18370234e-01  3.47213056e-03  6.36521510e-04  1.86192160e-02
  1.57079634e+00  2.99174616e+00 -1.00000000e+00  0.00000000e+00
  0.00000000e+00  0.00000000e+00  0.00000000e+00  0.00000000e+00
  0.00000000e+00], state=[ 1.20000000e+02  6.00010776e+01  8.02041611e+03  1.20204996e+02
  4.62279822e-04  8.02041498e+03  3.00012880e+02  5.43093352e-02
  4.88476599e+00  1.20000000e+02  6.02692646e+01  8.02105263e+03
  3.00375848e+04 -3.63797881e-12  7.95047040e+03  3.05114798e-14
  3.00789474e+02  7.24962408e-15], current_reward=0.02494898580772187
2025-08-18 17:19:01,475 - INFO [ENV 7] - A0100 launch mission! Total Steps=3, obs=[ 1.60451873e+00 -4.46217454e-02  9.99003954e-01  1.08331637e-01
  9.94114811e-01  8.77370794e-01 -9.11971161e-03  7.02481833e-02
  6.16511391e-01  7.30412901e-03 -1.54101041e-03  2.58650429e-02
  1.57079985e+00  2.98575016e+00 -1.00000000e+00  0.00000000e+00
  0.00000000e+00  0.00000000e+00  0.00000000e+00  0.00000000e+00
  0.00000000e+00], state=[ 1.20000002e+02  6.00016151e+01  8.02259364e+03  1.80170335e+02
  1.05319197e-01  8.02259110e+03  2.99157117e+02  2.57187537e-01
 -8.45827208e+00  1.20000000e+02  6.02692646e+01  8.02105263e+03
  3.00375848e+04 -3.63797881e-12  7.95047040e+03  3.05114798e-14
  3.00789474e+02  7.24962408e-15], current_reward=0.04959925730985226
2025-08-18 17:19:01,502 - INFO [ENV 9] - A0100 launch mission! Total Steps=2, obs=[ 1.60402024e+00  1.97047011e-01  9.80394041e-01 -7.05524707e-02
  9.97508070e-01  8.82402306e-01 -2.71896346e-03 -4.51746242e-02
  6.19207927e-01  2.27261656e-03  9.51443079e-04  2.21943722e-02
  1.57079563e+00  2.99175658e+00  1.00000000e+00  0.00000000e+00
  0.00000000e+00  0.00000000e+00  0.00000000e+00  0.00000000e+00
  0.00000000e+00], state=[ 1.20000000e+02  6.00010766e+01  8.02010119e+03  1.20100076e+02
 -2.09434986e-02  8.02010006e+03  3.00351820e+02 -2.11553882e-01
  5.96450673e+00  1.20000000e+02  6.02692646e+01  8.02105263e+03
  3.00375848e+04 -3.63797881e-12  7.95047040e+03  3.05114798e-14
  3.00789474e+02  7.24962408e-15], current_reward=0.024877806818613735
2025-08-18 17:19:01,503 - INFO [ENV 12] - A0100 launch mission! Total Steps=3, obs=[ 1.60431125e+00  5.27249278e-01  8.49710656e-01  8.98223526e-02
  9.95957803e-01  8.73446195e-01  2.88347873e-02  6.15050108e-02
  6.13296571e-01  1.12287274e-02 -5.03614723e-04  1.41523799e-02
  1.57081023e+00  2.98580280e+00 -1.00000000e+00  0.00000000e+00
  0.00000000e+00  0.00000000e+00  0.00000000e+00  0.00000000e+00
  0.00000000e+00], state=[ 1.20000007e+02  6.00016104e+01  8.02155625e+03  1.79641371e+02
  4.15186975e-01  8.02155372e+03  2.97830379e+02  2.83007059e+00
 -3.82945856e+00  1.20000000e+02  6.02692646e+01  8.02105263e+03
  3.00375848e+04 -3.63797881e-12  7.95047040e+03  3.05114798e-14
  3.00789474e+02  7.24962408e-15], current_reward=0.04990662362933129
2025-08-18 17:19:01,506 - INFO [ENV 11] - A0100 launch mission! Total Steps=5, obs=[ 1.60364734e+00 -6.26011067e-01  7.79814173e-01  8.57514021e-02
  9.96316565e-01  8.66147230e-01  1.12520646e-02  1.02083726e-01
  6.10370380e-01  1.85276922e-02  2.81595275e-03  2.62300430e-02
  1.57075419e+00  2.97384877e+00  1.00000000e+00  0.00000000e+00
  0.00000000e+00  0.00000000e+00  0.00000000e+00  0.00000000e+00
  0.00000000e+00], state=[ 1.19999978e+02  6.00026819e+01  8.01823668e+03  2.99174318e+02
 -1.25315033e+00  8.01822968e+03  2.96450598e+02 -7.76521448e+00
 -6.72587612e-01  1.20000000e+02  6.02692646e+01  8.02105263e+03
  3.00375848e+04 -3.63797881e-12  7.95047040e+03  3.05114798e-14
  3.00789474e+02  7.24962408e-15], current_reward=0.10054127725226536
2025-08-18 17:19:01,539 - INFO [ENV 8] - render_result: {'enm_distance': 30000, 'enm_alt': 26315.78947368421, 'enm_lat': 60.26926459981188, 'enm_lon': 120.0, 'enm_speed': 986.8421052631579, 'enm_heading': 90, 'ego_alt': 26315.78947368421, 'ego_lat': 60, 'ego_lon': 120, 'ego_speed': 986.8421052631579, 'ego_heading': 0, 'enm_angle': 0, 'success': False, 'reward': 7.535535567367891, 'total_steps': 308}
2025-08-18 17:19:01,541 - CRITICAL [ENV 8] - [Episode #610] Result: both_alive
2025-08-18 17:19:01,586 - INFO [ENV 8] - A0100 launch mission! Total Steps=1, obs=[ 1.60419480e+00 -1.75202718e-02  9.99846508e-01 -2.36196396e-02
  9.99721017e-01  8.85178258e-01 -9.15881088e-04 -1.76092327e-02
  6.20588075e-01 -5.03335574e-04  7.86199990e-05  6.10414015e-03
  1.57079626e+00  2.99774911e+00  1.00000000e+00  0.00000000e+00
  0.00000000e+00  0.00000000e+00  0.00000000e+00  0.00000000e+00
  0.00000000e+00], state=[ 1.20000000e+02  6.00005394e+01  8.02097401e+03  6.01765838e+01
 -1.98445458e-03  8.02097373e+03  3.01018196e+02 -8.38846790e-03
  1.12948530e+00  1.20000000e+02  6.02692646e+01  8.02105263e+03
  3.00375848e+04 -3.63797881e-12  7.95047040e+03  3.05114798e-14
  3.00789474e+02  7.24962408e-15], current_reward=0
2025-08-18 17:19:11,180 - INFO [ENV 3] - render_result: {'enm_distance': 30000, 'enm_alt': 26315.78947368421, 'enm_lat': 60.26926459981188, 'enm_lon': 120.0, 'enm_speed': 986.8421052631579, 'enm_heading': 90, 'ego_alt': 26315.78947368421, 'ego_lat': 60, 'ego_lon': 120, 'ego_speed': 986.8421052631579, 'ego_heading': 0, 'enm_angle': 0, 'success': False, 'reward': -12.281107326565596, 'total_steps': 302}
2025-08-18 17:19:11,180 - INFO [ENV 1] - render_result: {'enm_distance': 30000, 'enm_alt': 26315.78947368421, 'enm_lat': 60.26926459981188, 'enm_lon': 120.0, 'enm_speed': 986.8421052631579, 'enm_heading': 90, 'ego_alt': 26315.78947368421, 'ego_lat': 60, 'ego_lon': 120, 'ego_speed': 986.8421052631579, 'ego_heading': 0, 'enm_angle': 0, 'success': False, 'reward': -9.71620317986924, 'total_steps': 302}
2025-08-18 17:19:11,181 - CRITICAL [ENV 3] - [Episode #906] Result: both_alive
2025-08-18 17:19:11,181 - CRITICAL [ENV 1] - [Episode #906] Result: both_alive
2025-08-18 17:19:11,183 - INFO [ENV 10] - render_result: {'enm_distance': 30000, 'enm_alt': 26315.78947368421, 'enm_lat': 60.26926459981188, 'enm_lon': 120.0, 'enm_speed': 986.8421052631579, 'enm_heading': 90, 'ego_alt': 26315.78947368421, 'ego_lat': 60, 'ego_lon': 120, 'ego_speed': 986.8421052631579, 'ego_heading': 0, 'enm_angle': 0, 'success': False, 'reward': -7.097958243129224, 'total_steps': 303}
2025-08-18 17:19:11,183 - CRITICAL [ENV 10] - [Episode #906] Result: both_alive
2025-08-18 17:19:11,251 - INFO [ENV 4] - render_result: {'enm_distance': 30000, 'enm_alt': 26315.78947368421, 'enm_lat': 60.26926459981188, 'enm_lon': 120.0, 'enm_speed': 986.8421052631579, 'enm_heading': 90, 'ego_alt': 26315.78947368421, 'ego_lat': 60, 'ego_lon': 120, 'ego_speed': 986.8421052631579, 'ego_heading': 0, 'enm_angle': 0, 'success': False, 'reward': -7.4343770711095765, 'total_steps': 303}
2025-08-18 17:19:11,251 - CRITICAL [ENV 4] - [Episode #907] Result: both_alive
2025-08-18 17:19:11,253 - INFO [ENV 6] - render_result: {'enm_distance': 30000, 'enm_alt': 26315.78947368421, 'enm_lat': 60.26926459981188, 'enm_lon': 120.0, 'enm_speed': 986.8421052631579, 'enm_heading': 90, 'ego_alt': 26315.78947368421, 'ego_lat': 60, 'ego_lon': 120, 'ego_speed': 986.8421052631579, 'ego_heading': 0, 'enm_angle': 0, 'success': False, 'reward': -7.1236321617614, 'total_steps': 304}
2025-08-18 17:19:11,253 - CRITICAL [ENV 6] - [Episode #907] Result: both_alive
2025-08-18 17:19:11,313 - INFO [ENV 14] - render_result: {'enm_distance': 30000, 'enm_alt': 26315.78947368421, 'enm_lat': 60.26926459981188, 'enm_lon': 120.0, 'enm_speed': 986.8421052631579, 'enm_heading': 90, 'ego_alt': 26315.78947368421, 'ego_lat': 60, 'ego_lon': 120, 'ego_speed': 986.8421052631579, 'ego_heading': 0, 'enm_angle': 0, 'success': False, 'reward': -8.91858513231216, 'total_steps': 302}
2025-08-18 17:19:11,313 - INFO [ENV 10] - A0100 launch mission! Total Steps=2, obs=[ 1.60423042e+00  2.05771677e-01  9.78600029e-01  1.02602927e-01
  9.94722393e-01  8.78277751e-01  5.26369804e-03  8.50212441e-02
  6.18261854e-01  6.39717172e-03 -9.94833024e-05  4.97014399e-03
  1.57079728e+00  2.99175159e+00 -1.00000000e+00  0.00000000e+00
  0.00000000e+00  0.00000000e+00  0.00000000e+00  0.00000000e+00
  0.00000000e+00], state=[ 1.20000001e+02  6.00010771e+01  8.02115211e+03  1.20152392e+02
  2.85179265e-02  8.02115099e+03  3.00007778e+02  4.41049287e-01
 -2.13308477e+00  1.20000000e+02  6.02692646e+01  8.02105263e+03
  3.00375848e+04 -3.63797881e-12  7.95047040e+03  3.05114798e-14
  3.00789474e+02  7.24962408e-15], current_reward=0.024940667987767284
2025-08-18 17:19:11,314 - CRITICAL [ENV 14] - [Episode #908] Result: both_alive
2025-08-18 17:19:11,314 - INFO [ENV 3] - A0100 launch mission! Total Steps=2, obs=[ 1.60402642e+00  1.92985986e-01  9.81201513e-01 -5.45118561e-02
  9.98513123e-01  8.82820199e-01 -5.09012947e-03 -3.24025393e-02
  6.19102679e-01  1.85472339e-03  9.20508617e-04  1.97611883e-02
  1.57079566e+00  2.99172961e+00  1.00000000e+00  0.00000000e+00
  0.00000000e+00  0.00000000e+00  0.00000000e+00  0.00000000e+00
  0.00000000e+00], state=[ 1.20000000e+02  6.00010790e+01  8.02013212e+03  1.20369771e+02
 -1.99683931e-02  8.02013099e+03  3.00320322e+02 -1.03468275e-01
  5.23503333e+00  1.20000000e+02  6.02692646e+01  8.02105263e+03
  3.00375848e+04 -3.63797881e-12  7.95047040e+03  3.05114798e-14
  3.00789474e+02  7.24962408e-15], current_reward=0.02492941910200841
2025-08-18 17:19:11,315 - INFO [ENV 5] - render_result: {'enm_distance': 30000, 'enm_alt': 26315.78947368421, 'enm_lat': 60.26926459981188, 'enm_lon': 120.0, 'enm_speed': 986.8421052631579, 'enm_heading': 90, 'ego_alt': 26315.78947368421, 'ego_lat': 60, 'ego_lon': 120, 'ego_speed': 986.8421052631579, 'ego_heading': 0, 'enm_angle': 0, 'success': False, 'reward': -10.13721377665804, 'total_steps': 304}
2025-08-18 17:19:11,315 - CRITICAL [ENV 5] - [Episode #908] Result: both_alive
2025-08-18 17:19:11,321 - INFO [ENV 2] - render_result: {'enm_distance': 30000, 'enm_alt': 26315.78947368421, 'enm_lat': 60.26926459981188, 'enm_lon': 120.0, 'enm_speed': 986.8421052631579, 'enm_heading': 90, 'ego_alt': 26315.78947368421, 'ego_lat': 60, 'ego_lon': 120, 'ego_speed': 986.8421052631579, 'ego_heading': 0, 'enm_angle': 0, 'success': False, 'reward': -9.583496097157727, 'total_steps': 302}
2025-08-18 17:19:11,322 - CRITICAL [ENV 2] - [Episode #908] Result: both_alive
2025-08-18 17:19:11,322 - INFO [ENV 15] - render_result: {'enm_distance': 30000, 'enm_alt': 26315.78947368421, 'enm_lat': 60.26926459981188, 'enm_lon': 120.0, 'enm_speed': 986.8421052631579, 'enm_heading': 90, 'ego_alt': 26315.78947368421, 'ego_lat': 60, 'ego_lon': 120, 'ego_speed': 986.8421052631579, 'ego_heading': 0, 'enm_angle': 0, 'success': False, 'reward': -7.226073912470849, 'total_steps': 303}
2025-08-18 17:19:11,322 - INFO [ENV 13] - render_result: {'enm_distance': 30000, 'enm_alt': 26315.78947368421, 'enm_lat': 60.26926459981188, 'enm_lon': 120.0, 'enm_speed': 986.8421052631579, 'enm_heading': 90, 'ego_alt': 26315.78947368421, 'ego_lat': 60, 'ego_lon': 120, 'ego_speed': 986.8421052631579, 'ego_heading': 0, 'enm_angle': 0, 'success': False, 'reward': 14.022826569048995, 'total_steps': 305}
2025-08-18 17:19:11,322 - CRITICAL [ENV 15] - [Episode #908] Result: both_alive
2025-08-18 17:19:11,322 - CRITICAL [ENV 13] - [Episode #908] Result: both_alive
2025-08-18 17:19:11,389 - INFO [ENV 4] - A0100 launch mission! Total Steps=2, obs=[ 1.60435237e+00 -3.71923213e-01  9.28263499e-01  1.02953730e-01
  9.94686146e-01  8.76386905e-01 -9.75413480e-03  7.35845322e-02
  6.15987498e-01  8.28801742e-03 -7.09236837e-04  1.96476274e-02
  1.57079222e+00  2.99175220e+00  1.00000000e+00  0.00000000e+00
  0.00000000e+00  0.00000000e+00  0.00000000e+00  0.00000000e+00
  0.00000000e+00], state=[ 1.19999998e+02  6.00010771e+01  8.02176187e+03  1.20147737e+02
 -1.22939649e-01  8.02176074e+03  2.98966432e+02 -1.65275902e+00
 -6.34981303e+00  1.20000000e+02  6.02692646e+01  8.02105263e+03
  3.00375848e+04 -3.63797881e-12  7.95047040e+03  3.05114798e-14
  3.00789474e+02  7.24962408e-15], current_reward=0.024891896396910695
2025-08-18 17:19:11,390 - INFO [ENV 2] - A0100 launch mission! Total Steps=1, obs=[ 1.60418028e+00  9.54714173e-02  9.95432172e-01 -2.37615038e-02
  9.99717656e-01  8.85929330e-01 -4.42731596e-03 -1.45684329e-02
  6.21145391e-01 -1.25440780e-03  1.51219564e-04  9.26987963e-03
  1.57079609e+00  2.99774735e+00  1.00000000e+00  0.00000000e+00
  0.00000000e+00  0.00000000e+00  0.00000000e+00  0.00000000e+00
  0.00000000e+00], state=[ 1.20000000e+02  6.00005396e+01  8.02090141e+03  6.01940755e+01
 -7.09361046e-03  8.02090113e+03  3.01253242e+02 -4.77313507e-02
  2.08442377e+00  1.20000000e+02  6.02692646e+01  8.02105263e+03
  3.00375848e+04 -3.63797881e-12  7.95047040e+03  3.05114798e-14
  3.00789474e+02  7.24962408e-15], current_reward=0
2025-08-18 17:19:11,391 - INFO [ENV 6] - A0100 launch mission! Total Steps=2, obs=[ 1.60401152e+00  3.76737704e-01  9.26319979e-01 -5.64229440e-02
  9.98406957e-01  8.86550320e-01 -1.56733699e-02 -2.81664502e-02
  6.22017674e-01 -1.87539754e-03  9.95049400e-04  2.27315600e-02
  1.57079489e+00  2.99171807e+00  1.00000000e+00  0.00000000e+00
  0.00000000e+00  0.00000000e+00  0.00000000e+00  0.00000000e+00
  0.00000000e+00], state=[ 1.19999999e+02  6.00010801e+01  8.02005758e+03  1.20485059e+02
 -4.31319965e-02  8.02005645e+03  3.01563463e+02 -3.36976497e-01
  6.14613069e+00  1.20000000e+02  6.02692646e+01  8.02105263e+03
  3.00375848e+04 -3.63797881e-12  7.95047040e+03  3.05114798e-14
  3.00789474e+02  7.24962408e-15], current_reward=0.02492941910200841
2025-08-18 17:19:11,394 - INFO [ENV 15] - A0100 launch mission! Total Steps=1, obs=[ 1.60418200e+00  4.43068087e-02  9.99017971e-01 -2.28024379e-02
  9.99739991e-01  8.81876220e-01 -2.66340678e-03 -1.46742936e-02
  6.17957993e-01  2.79870248e-03  1.42652650e-04  8.39848242e-03
  1.57079619e+00  2.99776010e+00  1.00000000e+00  0.00000000e+00
  0.00000000e+00  0.00000000e+00  0.00000000e+00  0.00000000e+00
  0.00000000e+00], state=[ 1.20000000e+02  6.00005385e+01  8.02090998e+03  6.00665410e+01
 -4.18590110e-03  8.02090970e+03  2.99875304e+02 -1.29339264e-02
  1.81385920e+00  1.20000000e+02  6.02692646e+01  8.02105263e+03
  3.00375848e+04 -3.63797881e-12  7.95047040e+03  3.05114798e-14
  3.00789474e+02  7.24962408e-15], current_reward=0
2025-08-18 17:19:11,402 - INFO [ENV 7] - render_result: {'enm_distance': 30000, 'enm_alt': 26315.78947368421, 'enm_lat': 60.26926459981188, 'enm_lon': 120.0, 'enm_speed': 986.8421052631579, 'enm_heading': 90, 'ego_alt': 26315.78947368421, 'ego_lat': 60, 'ego_lon': 120, 'ego_speed': 986.8421052631579, 'ego_heading': 0, 'enm_angle': 0, 'success': False, 'reward': 14.76947478916421, 'total_steps': 304}
2025-08-18 17:19:11,402 - CRITICAL [ENV 7] - [Episode #909] Result: both_alive
2025-08-18 17:19:11,403 - INFO [ENV 0] - render_result: {'enm_distance': 30000, 'enm_alt': 26315.78947368421, 'enm_lat': 60.26926459981188, 'enm_lon': 120.0, 'enm_speed': 986.8421052631579, 'enm_heading': 90, 'ego_alt': 26315.78947368421, 'ego_lat': 60, 'ego_lon': 120, 'ego_speed': 986.8421052631579, 'ego_heading': 0, 'enm_angle': 0, 'success': False, 'reward': -7.16297418652454, 'total_steps': 303}
2025-08-18 17:19:11,403 - CRITICAL [ENV 0] - [Episode #909] Result: both_alive
2025-08-18 17:19:11,456 - INFO [ENV 0] - A0100 launch mission! Total Steps=1, obs=[ 1.60418200e+00  4.43068087e-02  9.99017971e-01 -2.28024379e-02
  9.99739991e-01  8.81876220e-01 -2.66340678e-03 -1.46742936e-02
  6.17957993e-01  2.79870248e-03  1.42652650e-04  8.39848242e-03
  1.57079619e+00  2.99776010e+00  1.00000000e+00  0.00000000e+00
  0.00000000e+00  0.00000000e+00  0.00000000e+00  0.00000000e+00
  0.00000000e+00], state=[ 1.20000000e+02  6.00005385e+01  8.02090998e+03  6.00665410e+01
 -4.18590110e-03  8.02090970e+03  2.99875304e+02 -1.29339264e-02
  1.81385920e+00  1.20000000e+02  6.02692646e+01  8.02105263e+03
  3.00375848e+04 -3.63797881e-12  7.95047040e+03  3.05114798e-14
  3.00789474e+02  7.24962408e-15], current_reward=0
2025-08-18 17:19:11,457 - INFO [ENV 7] - A0100 launch mission! Total Steps=1, obs=[ 1.60420064e+00 -9.46398156e-02  9.95511580e-01 -2.28045348e-02
  9.99739943e-01  8.80877092e-01  4.95468340e-03 -1.80817285e-02
  6.17228557e-01  3.79783092e-03  4.94176549e-05  4.19527087e-03
  1.57079656e+00  2.99776236e+00 -1.00000000e+00  0.00000000e+00
  0.00000000e+00  0.00000000e+00  0.00000000e+00  0.00000000e+00
  0.00000000e+00], state=[ 1.20000000e+02  6.00005383e+01  8.02100321e+03  6.00441560e+01
  7.03660062e-03  8.02100293e+03  2.99565530e+02  2.07163823e-03
  5.51927102e-01  1.20000000e+02  6.02692646e+01  8.02105263e+03
  3.00375848e+04 -3.63797881e-12  7.95047040e+03  3.05114798e-14
  3.00789474e+02  7.24962408e-15], current_reward=0
2025-08-18 17:19:11,458 - INFO [ENV 9] - render_result: {'enm_distance': 30000, 'enm_alt': 26315.78947368421, 'enm_lat': 60.26926459981188, 'enm_lon': 120.0, 'enm_speed': 986.8421052631579, 'enm_heading': 90, 'ego_alt': 26315.78947368421, 'ego_lat': 60, 'ego_lon': 120, 'ego_speed': 986.8421052631579, 'ego_heading': 0, 'enm_angle': 0, 'success': False, 'reward': -8.587036256314875, 'total_steps': 303}
2025-08-18 17:19:11,458 - INFO [ENV 5] - A0100 launch mission! Total Steps=2, obs=[ 1.60403887e+00  2.15008070e-01  9.76612272e-01 -5.55007778e-02
  9.98458644e-01  8.80683388e-01 -1.11901002e-02 -3.09633450e-02
  6.17428042e-01  3.99153496e-03  8.58300473e-04  2.08148630e-02
  1.57079577e+00  2.99176560e+00  1.00000000e+00  0.00000000e+00
  0.00000000e+00  0.00000000e+00  0.00000000e+00  0.00000000e+00
  0.00000000e+00], state=[ 1.20000000e+02  6.00010758e+01  8.02019433e+03  1.20010072e+02
 -1.65495184e-02  8.02019320e+03  2.99590323e+02 -1.53039747e-01
  5.53648732e+00  1.20000000e+02  6.02692646e+01  8.02105263e+03
  3.00375848e+04 -3.63797881e-12  7.95047040e+03  3.05114798e-14
  3.00789474e+02  7.24962408e-15], current_reward=0.024892674733292708
2025-08-18 17:19:11,459 - CRITICAL [ENV 9] - [Episode #910] Result: both_alive
2025-08-18 17:19:11,463 - INFO [ENV 11] - render_result: {'enm_distance': 30000, 'enm_alt': 26315.78947368421, 'enm_lat': 60.26926459981188, 'enm_lon': 120.0, 'enm_speed': 986.8421052631579, 'enm_heading': 90, 'ego_alt': 26315.78947368421, 'ego_lat': 60, 'ego_lon': 120, 'ego_speed': 986.8421052631579, 'ego_heading': 0, 'enm_angle': 0, 'success': False, 'reward': -6.784617719403748, 'total_steps': 306}
2025-08-18 17:19:11,463 - CRITICAL [ENV 11] - [Episode #910] Result: both_alive
2025-08-18 17:19:11,464 - INFO [ENV 12] - render_result: {'enm_distance': 30000, 'enm_alt': 26315.78947368421, 'enm_lat': 60.26926459981188, 'enm_lon': 120.0, 'enm_speed': 986.8421052631579, 'enm_heading': 90, 'ego_alt': 26315.78947368421, 'ego_lat': 60, 'ego_lon': 120, 'ego_speed': 986.8421052631579, 'ego_heading': 0, 'enm_angle': 0, 'success': False, 'reward': -8.577483781947638, 'total_steps': 304}
2025-08-18 17:19:11,464 - CRITICAL [ENV 12] - [Episode #910] Result: both_alive
2025-08-18 17:19:11,517 - INFO [ENV 13] - A0100 launch mission! Total Steps=3, obs=[ 1.60398882e+00  8.69298875e-02  9.96214432e-01  1.31388996e-02
  9.99913681e-01  8.84992447e-01 -1.81774746e-03  1.75962750e-02
  6.20475312e-01 -3.17524519e-04  1.10852830e-03  9.00826166e-03
  1.57079878e+00  2.98571826e+00 -1.00000000e+00  0.00000000e+00
  0.00000000e+00  0.00000000e+00  0.00000000e+00  0.00000000e+00
  0.00000000e+00], state=[ 1.20000001e+02  6.00016179e+01  8.01994410e+03  1.80483025e+02
  7.32122313e-02  8.01994156e+03  3.00950686e+02  5.59119402e-01
  1.95238886e+00  1.20000000e+02  6.02692646e+01  8.02105263e+03
  3.00375848e+04 -3.63797881e-12  7.95047040e+03  3.05114798e-14
  3.00789474e+02  7.24962408e-15], current_reward=0.05004902121746113
2025-08-18 17:19:11,557 - INFO [ENV 1] - A0100 launch mission! Total Steps=6, obs=[ 1.60476182e+00  4.02584194e-02  9.99189301e-01  1.40262060e-02
  9.99901628e-01  8.76372797e-01  1.33291258e-02  5.77698283e-03
  6.13547329e-01  8.30212533e-03 -2.75645951e-03  6.72989048e-03
  1.57083797e+00  2.96789600e+00 -1.00000000e+00  0.00000000e+00
  0.00000000e+00  0.00000000e+00  0.00000000e+00  0.00000000e+00
  0.00000000e+00], state=[ 1.20000022e+02  6.00032157e+01  8.02380909e+03  3.58715447e+02
  1.23594685e+00  8.02379902e+03  2.97996884e+02  1.51623471e+00
 -2.03452500e+00  1.20000000e+02  6.02692646e+01  8.02105263e+03
  3.00375848e+04 -3.63797881e-12  7.95047040e+03  3.05114798e-14
  3.00789474e+02  7.24962408e-15], current_reward=0.1263438868465947
2025-08-18 17:19:11,566 - INFO [ENV 8] - render_result: {'enm_distance': 30000, 'enm_alt': 26315.78947368421, 'enm_lat': 60.26926459981188, 'enm_lon': 120.0, 'enm_speed': 986.8421052631579, 'enm_heading': 90, 'ego_alt': 26315.78947368421, 'ego_lat': 60, 'ego_lon': 120, 'ego_speed': 986.8421052631579, 'ego_heading': 0, 'enm_angle': 0, 'success': False, 'reward': -7.048599042672954, 'total_steps': 302}
2025-08-18 17:19:11,566 - CRITICAL [ENV 8] - [Episode #912] Result: both_alive
2025-08-18 17:19:11,678 - INFO [ENV 14] - A0100 launch mission! Total Steps=6, obs=[ 1.60569464 -0.12639814  0.99197959 -0.05685278  0.99838257  0.87564852
  0.00559727 -0.06129458  0.61443313  0.0090264  -0.00742058  0.0125387
  1.57073825  2.96784738  1.          0.          0.          0.
  0.          0.          0.        ], state=[ 1.19999969e+02  6.00032201e+01  8.02847322e+03  3.59213522e+02
 -1.72376841e+00  8.02846312e+03  2.98422363e+02 -1.97251255e+00
 -3.95349026e+00  1.20000000e+02  6.02692646e+01  8.02105263e+03
  3.00375848e+04 -3.63797881e-12  7.95047040e+03  3.05114798e-14
  3.00789474e+02  7.24962408e-15], current_reward=0.12473034187853038
2025-08-18 17:19:11,679 - INFO [ENV 12] - A0100 launch mission! Total Steps=4, obs=[ 1.60500004 -0.01654833  0.99986307  0.14418974  0.98955006  0.87510275
 -0.00792618  0.08379923  0.61558597  0.00957217 -0.00394756  0.04665029
  1.57080455  2.97980961 -1.          0.          0.          0.
  0.          0.          0.        ], state=[ 1.20000004e+02  6.00021477e+01  8.02500020e+03  2.39581886e+02
  2.44956891e-01  8.02499570e+03  2.98547212e+02  7.17316549e-01
 -1.46672147e+01  1.20000000e+02  6.02692646e+01  8.02105263e+03
  3.00375848e+04 -3.63797881e-12  7.95047040e+03  3.05114798e-14
  3.00789474e+02  7.24962408e-15], current_reward=0.07278948442376532
2025-08-18 17:19:11,680 - INFO [ENV 9] - A0100 launch mission! Total Steps=4, obs=[ 1.60484178e+00 -5.35045108e-03  9.99985686e-01 -2.22531512e-03
  9.99997524e-01  8.71801440e-01 -1.89031966e-03 -2.47878674e-02
  6.10139098e-01  1.28734829e-02 -3.15624394e-03  2.38188257e-02
  1.57080455e+00  2.97985146e+00 -1.00000000e+00  0.00000000e+00
  0.00000000e+00  0.00000000e+00  0.00000000e+00  0.00000000e+00
  0.00000000e+00], state=[ 1.20000004e+02  6.00021439e+01  8.02420888e+03  2.39161394e+02
  2.45122937e-01  8.02420440e+03  2.96430563e+02  6.61026600e-01
 -7.76468343e+00  1.20000000e+02  6.02692646e+01  8.02105263e+03
  3.00375848e+04 -3.63797881e-12  7.95047040e+03  3.05114798e-14
  3.00789474e+02  7.24962408e-15], current_reward=0.07331051626207064
2025-08-18 17:19:11,761 - INFO [ENV 8] - A0100 launch mission! Total Steps=4, obs=[ 1.60430096e+00 -6.69399482e-03  9.99977595e-01  3.53818439e-02
  9.99373867e-01  8.73716393e-01  8.89300590e-04  2.40522564e-02
  6.11703774e-01  1.09585293e-02 -4.52185692e-04  5.61315274e-03
  1.57080040e+00  2.97983196e+00 -1.00000000e+00  0.00000000e+00
  0.00000000e+00  0.00000000e+00  0.00000000e+00  0.00000000e+00
  0.00000000e+00], state=[ 1.20000002e+02  6.00021456e+01  8.02150482e+03  2.39349890e+02
  1.21305409e-01  8.02150034e+03  2.97166853e+02  3.44565657e-01
 -2.34021603e+00  1.20000000e+02  6.02692646e+01  8.02105263e+03
  3.00375848e+04 -3.63797881e-12  7.95047040e+03  3.05114798e-14
  3.00789474e+02  7.24962408e-15], current_reward=0.07526168606597494
2025-08-18 17:19:11,761 - INFO [ENV 11] - A0100 launch mission! Total Steps=6, obs=[ 1.60157455  0.7298034   0.68365708 -0.15264805  0.98828061  0.87797814
 -0.04312152 -0.03640212  0.61662903  0.00669678  0.01317989  0.09163418
  1.57077702  2.96787346  1.          0.          0.          0.
  0.          0.          0.        ], state=[ 1.19999990e+02  6.00032174e+01  8.00787274e+03  3.58905743e+02
 -5.73086597e-01  8.00786266e+03  2.97925679e+02 -2.99853941e+00
  2.66306095e+01  1.20000000e+02  6.02692646e+01  8.02105263e+03
  3.00375848e+04 -3.63797881e-12  7.95047040e+03  3.05114798e-14
  3.00789474e+02  7.24962408e-15], current_reward=0.11546752325903142
2025-08-18 17:19:22,793 - INFO [ENV 3] - render_result: {'enm_distance': 30000, 'enm_alt': 26315.78947368421, 'enm_lat': 60.26926459981188, 'enm_lon': 120.0, 'enm_speed': 986.8421052631579, 'enm_heading': 90, 'ego_alt': 26315.78947368421, 'ego_lat': 60, 'ego_lon': 120, 'ego_speed': 986.8421052631579, 'ego_heading': 0, 'enm_angle': 0, 'success': False, 'reward': -8.056330827954412, 'total_steps': 303}
2025-08-18 17:19:22,793 - CRITICAL [ENV 3] - [Episode #1209] Result: both_alive
2025-08-18 17:19:22,794 - INFO [ENV 10] - render_result: {'enm_distance': 30000, 'enm_alt': 26315.78947368421, 'enm_lat': 60.26926459981188, 'enm_lon': 120.0, 'enm_speed': 986.8421052631579, 'enm_heading': 90, 'ego_alt': 26315.78947368421, 'ego_lat': 60, 'ego_lon': 120, 'ego_speed': 986.8421052631579, 'ego_heading': 0, 'enm_angle': 0, 'success': False, 'reward': -9.888332993345745, 'total_steps': 303}
2025-08-18 17:19:22,794 - CRITICAL [ENV 10] - [Episode #1209] Result: both_alive
2025-08-18 17:19:22,858 - INFO [ENV 2] - render_result: {'enm_distance': 30000, 'enm_alt': 26315.78947368421, 'enm_lat': 60.26926459981188, 'enm_lon': 120.0, 'enm_speed': 986.8421052631579, 'enm_heading': 90, 'ego_alt': 26315.78947368421, 'ego_lat': 60, 'ego_lon': 120, 'ego_speed': 986.8421052631579, 'ego_heading': 0, 'enm_angle': 0, 'success': False, 'reward': -7.42535098262621, 'total_steps': 302}
2025-08-18 17:19:22,858 - CRITICAL [ENV 2] - [Episode #1210] Result: both_alive
2025-08-18 17:19:22,861 - INFO [ENV 3] - A0100 launch mission! Total Steps=1, obs=[ 1.60421062e+00 -6.02781035e-02  9.98181622e-01  8.96919185e-04
  9.99999598e-01  8.81499249e-01  2.14338946e-03  4.82081332e-04
  6.17560827e-01  3.17567398e-03 -4.57774338e-07  1.85805532e-03
  1.57079643e+00  2.99776148e+00  1.00000000e+00  0.00000000e+00
  0.00000000e+00  0.00000000e+00  0.00000000e+00  0.00000000e+00
  0.00000000e+00], state=[ 1.20000000e+02  6.00005383e+01  8.02105309e+03  6.00530461e+01
  3.23824726e-03  8.02105281e+03  2.99710638e+02 -1.95490446e-02
 -1.49133675e-01  1.20000000e+02  6.02692646e+01  8.02105263e+03
  3.00375848e+04 -3.63797881e-12  7.95047040e+03  3.05114798e-14
  3.00789474e+02  7.24962408e-15], current_reward=0
2025-08-18 17:19:22,862 - INFO [ENV 6] - render_result: {'enm_distance': 30000, 'enm_alt': 26315.78947368421, 'enm_lat': 60.26926459981188, 'enm_lon': 120.0, 'enm_speed': 986.8421052631579, 'enm_heading': 90, 'ego_alt': 26315.78947368421, 'ego_lat': 60, 'ego_lon': 120, 'ego_speed': 986.8421052631579, 'ego_heading': 0, 'enm_angle': 0, 'success': False, 'reward': -7.282172205313351, 'total_steps': 303}
2025-08-18 17:19:22,862 - INFO [ENV 4] - render_result: {'enm_distance': 30000, 'enm_alt': 26315.78947368421, 'enm_lat': 60.26926459981188, 'enm_lon': 120.0, 'enm_speed': 986.8421052631579, 'enm_heading': 90, 'ego_alt': 26315.78947368421, 'ego_lat': 60, 'ego_lon': 120, 'ego_speed': 986.8421052631579, 'ego_heading': 0, 'enm_angle': 0, 'success': False, 'reward': -8.831828017729165, 'total_steps': 303}
2025-08-18 17:19:22,863 - CRITICAL [ENV 6] - [Episode #1210] Result: both_alive
2025-08-18 17:19:22,863 - CRITICAL [ENV 4] - [Episode #1210] Result: both_alive
2025-08-18 17:19:22,864 - INFO [ENV 15] - render_result: {'enm_distance': 30000, 'enm_alt': 26315.78947368421, 'enm_lat': 60.26926459981188, 'enm_lon': 120.0, 'enm_speed': 986.8421052631579, 'enm_heading': 90, 'ego_alt': 26315.78947368421, 'ego_lat': 60, 'ego_lon': 120, 'ego_speed': 986.8421052631579, 'ego_heading': 0, 'enm_angle': 0, 'success': False, 'reward': -6.909548301587133, 'total_steps': 302}
2025-08-18 17:19:22,865 - CRITICAL [ENV 15] - [Episode #1210] Result: both_alive
2025-08-18 17:19:22,925 - INFO [ENV 4] - A0100 launch mission! Total Steps=1, obs=[ 1.60420033e+00 -9.57519454e-02  9.95405227e-01 -2.37016796e-02
  9.99719076e-01  8.84750668e-01  4.58614374e-03 -1.89068573e-02
  6.20281315e-01 -7.57456554e-05  5.09779578e-05  4.29229417e-03
  1.57079653e+00  2.99774977e+00  1.00000000e+00  0.00000000e+00
  0.00000000e+00  0.00000000e+00  0.00000000e+00  0.00000000e+00
  0.00000000e+00], state=[ 1.20000000e+02  6.00005394e+01  8.02100165e+03  6.01700473e+01
  6.01982986e-03  8.02100137e+03  3.00887380e+02 -3.38201658e-03
  5.83565963e-01  1.20000000e+02  6.02692646e+01  8.02105263e+03
  3.00375848e+04 -3.63797881e-12  7.95047040e+03  3.05114798e-14
  3.00789474e+02  7.24962408e-15], current_reward=0
2025-08-18 17:19:22,925 - INFO [ENV 2] - A0100 launch mission! Total Steps=1, obs=[ 1.60419489e+00 -1.75122633e-02  9.99846649e-01 -2.33468357e-02
  9.99727425e-01  8.84009830e-01 -9.16772993e-04 -1.73649439e-02
  6.19666525e-01  6.65092160e-04  7.81923725e-05  6.08121890e-03
  1.57079626e+00  2.99775291e+00  1.00000000e+00  0.00000000e+00
  0.00000000e+00  0.00000000e+00  0.00000000e+00  0.00000000e+00
  0.00000000e+00], state=[ 1.20000000e+02  6.00005391e+01  8.02097444e+03  6.01385952e+01
 -1.99439401e-03  8.02097416e+03  3.00619396e+02 -8.62528269e-03
  1.12109363e+00  1.20000000e+02  6.02692646e+01  8.02105263e+03
  3.00375848e+04 -3.63797881e-12  7.95047040e+03  3.05114798e-14
  3.00789474e+02  7.24962408e-15], current_reward=0
2025-08-18 17:19:22,927 - INFO [ENV 6] - A0100 launch mission! Total Steps=1, obs=[ 1.60419776e+00  9.47389001e-02  9.95502155e-01  1.68825953e-02
  9.99857479e-01  8.83487219e-01 -2.87742725e-03  1.67712986e-02
  6.19250000e-01  1.18770356e-03  6.38395433e-05  4.05605690e-03
  1.57079615e+00  2.99775459e+00 -1.00000000e+00  0.00000000e+00
  0.00000000e+00  0.00000000e+00  0.00000000e+00  0.00000000e+00
  0.00000000e+00], state=[ 1.20000000e+02  6.00005390e+01  8.02098879e+03  6.01218649e+01
 -5.44424539e-03  8.02098851e+03  3.00440929e+02  9.39483816e-03
  5.11823001e-01  1.20000000e+02  6.02692646e+01  8.02105263e+03
  3.00375848e+04 -3.63797881e-12  7.95047040e+03  3.05114798e-14
  3.00789474e+02  7.24962408e-15], current_reward=0
2025-08-18 17:19:22,933 - INFO [ENV 0] - render_result: {'enm_distance': 30000, 'enm_alt': 26315.78947368421, 'enm_lat': 60.26926459981188, 'enm_lon': 120.0, 'enm_speed': 986.8421052631579, 'enm_heading': 90, 'ego_alt': 26315.78947368421, 'ego_lat': 60, 'ego_lon': 120, 'ego_speed': 986.8421052631579, 'ego_heading': 0, 'enm_angle': 0, 'success': False, 'reward': -14.31089641192414, 'total_steps': 302}
2025-08-18 17:19:22,934 - CRITICAL [ENV 0] - [Episode #1211] Result: both_alive
2025-08-18 17:19:22,934 - INFO [ENV 5] - render_result: {'enm_distance': 30000, 'enm_alt': 26315.78947368421, 'enm_lat': 60.26926459981188, 'enm_lon': 120.0, 'enm_speed': 986.8421052631579, 'enm_heading': 90, 'ego_alt': 26315.78947368421, 'ego_lat': 60, 'ego_lon': 120, 'ego_speed': 986.8421052631579, 'ego_heading': 0, 'enm_angle': 0, 'success': False, 'reward': -8.495574944326982, 'total_steps': 303}
2025-08-18 17:19:22,934 - INFO [ENV 7] - render_result: {'enm_distance': 30000, 'enm_alt': 26315.78947368421, 'enm_lat': 60.26926459981188, 'enm_lon': 120.0, 'enm_speed': 986.8421052631579, 'enm_heading': 90, 'ego_alt': 26315.78947368421, 'ego_lat': 60, 'ego_lon': 120, 'ego_speed': 986.8421052631579, 'ego_heading': 0, 'enm_angle': 0, 'success': False, 'reward': -11.822137022848707, 'total_steps': 302}
2025-08-18 17:19:22,934 - CRITICAL [ENV 5] - [Episode #1211] Result: both_alive
2025-08-18 17:19:22,934 - CRITICAL [ENV 7] - [Episode #1211] Result: both_alive
2025-08-18 17:19:22,993 - INFO [ENV 7] - A0100 launch mission! Total Steps=1, obs=[ 1.60419922e+00  4.40398540e-02  9.99029775e-01  1.68789164e-02
  9.99857541e-01  8.83671594e-01 -2.07828136e-03  1.58050800e-02
  6.19378798e-01  1.00332894e-03  5.65187170e-05  3.23620027e-03
  1.57079621e+00  2.99775368e+00 -1.00000000e+00  0.00000000e+00
  0.00000000e+00  0.00000000e+00  0.00000000e+00  0.00000000e+00
  0.00000000e+00], state=[ 1.20000000e+02  6.00005390e+01  8.02099611e+03  6.01309995e+01
 -3.42515489e-03  8.02099583e+03  3.00497108e+02  1.55968461e-02
  2.65391404e-01  1.20000000e+02  6.02692646e+01  8.02105263e+03
  3.00375848e+04 -3.63797881e-12  7.95047040e+03  3.05114798e-14
  3.00789474e+02  7.24962408e-15], current_reward=0
2025-08-18 17:19:22,999 - INFO [ENV 13] - render_result: {'enm_distance': 30000, 'enm_alt': 26315.78947368421, 'enm_lat': 60.26926459981188, 'enm_lon': 120.0, 'enm_speed': 986.8421052631579, 'enm_heading': 90, 'ego_alt': 26315.78947368421, 'ego_lat': 60, 'ego_lon': 120, 'ego_speed': 986.8421052631579, 'ego_heading': 0, 'enm_angle': 0, 'success': False, 'reward': 15.284194413107546, 'total_steps': 304}
2025-08-18 17:19:22,999 - CRITICAL [ENV 13] - [Episode #1212] Result: both_alive
2025-08-18 17:19:23,061 - INFO [ENV 0] - A0100 launch mission! Total Steps=2, obs=[ 1.60431600e+00 -1.75459757e-01  9.84486604e-01  9.59836172e-02
  9.95382914e-01  8.81641700e-01 -3.32007966e-03  7.18530088e-02
  6.19954057e-01  3.03322298e-03 -5.27386990e-04  1.32254016e-02
  1.57079453e+00  2.99173514e+00  1.00000000e+00  0.00000000e+00
  0.00000000e+00  0.00000000e+00  0.00000000e+00  0.00000000e+00
  0.00000000e+00], state=[ 1.19999999e+02  6.00010786e+01  8.02158002e+03  1.20317871e+02
 -5.37579707e-02  8.02157889e+03  3.00717694e+02 -6.73370201e-01
 -4.63474025e+00  1.20000000e+02  6.02692646e+01  8.02105263e+03
  3.00375848e+04 -3.63797881e-12  7.95047040e+03  3.05114798e-14
  3.00789474e+02  7.24962408e-15], current_reward=0.024905994806097453
2025-08-18 17:19:23,062 - INFO [ENV 10] - A0100 launch mission! Total Steps=4, obs=[ 1.60509884e+00 -1.26359273e-01  9.91984543e-01  9.71442187e-02
  9.95270315e-01  8.72193366e-01  1.83586354e-03  4.68407130e-02
  6.11113659e-01  1.24815568e-02 -4.44155450e-03  4.27540928e-02
  1.57076611e+00  2.97982286e+00  1.00000000e+00  0.00000000e+00
  0.00000000e+00  0.00000000e+00  0.00000000e+00  0.00000000e+00
  0.00000000e+00], state=[ 1.19999984e+02  6.00021465e+01  8.02549419e+03  2.39450661e+02
 -9.00312339e-01  8.02548970e+03  2.96670239e+02 -2.62910939e+00
 -1.31627352e+01  1.20000000e+02  6.02692646e+01  8.02105263e+03
  3.00375848e+04 -3.63797881e-12  7.95047040e+03  3.05114798e-14
  3.00789474e+02  7.24962408e-15], current_reward=0.07254967122493738
2025-08-18 17:19:23,062 - INFO [ENV 13] - A0100 launch mission! Total Steps=1, obs=[ 1.60420033e+00 -9.57519454e-02  9.95405227e-01 -2.37016796e-02
  9.99719076e-01  8.84750668e-01  4.58614374e-03 -1.89068573e-02
  6.20281315e-01 -7.57456554e-05  5.09779578e-05  4.29229417e-03
  1.57079653e+00  2.99774977e+00  1.00000000e+00  0.00000000e+00
  0.00000000e+00  0.00000000e+00  0.00000000e+00  0.00000000e+00
  0.00000000e+00], state=[ 1.20000000e+02  6.00005394e+01  8.02100165e+03  6.01700473e+01
  6.01982986e-03  8.02100137e+03  3.00887380e+02 -3.38201658e-03
  5.83565963e-01  1.20000000e+02  6.02692646e+01  8.02105263e+03
  3.00375848e+04 -3.63797881e-12  7.95047040e+03  3.05114798e-14
  3.00789474e+02  7.24962408e-15], current_reward=0
2025-08-18 17:19:23,063 - INFO [ENV 5] - A0100 launch mission! Total Steps=2, obs=[ 1.60422728e+00  2.05668880e-01  9.78621639e-01  9.73682246e-02
  9.95248426e-01  8.79076951e-01  4.72775793e-03  8.09183436e-02
  6.18581800e-01  5.59797137e-03 -8.37512254e-05  4.45748310e-03
  1.57079723e+00  2.99174764e+00 -1.00000000e+00  0.00000000e+00
  0.00000000e+00  0.00000000e+00  0.00000000e+00  0.00000000e+00
  0.00000000e+00], state=[ 1.20000000e+02  6.00010774e+01  8.02113638e+03  1.20191805e+02
  2.70399113e-02  8.02113525e+03  3.00147223e+02  4.26914265e-01
 -1.97684749e+00  1.20000000e+02  6.02692646e+01  8.02105263e+03
  3.00375848e+04 -3.63797881e-12  7.95047040e+03  3.05114798e-14
  3.00789474e+02  7.24962408e-15], current_reward=0.024945281781535655
2025-08-18 17:19:23,063 - INFO [ENV 1] - render_result: {'enm_distance': 30000, 'enm_alt': 26315.78947368421, 'enm_lat': 60.26926459981188, 'enm_lon': 120.0, 'enm_speed': 986.8421052631579, 'enm_heading': 90, 'ego_alt': 26315.78947368421, 'ego_lat': 60, 'ego_lon': 120, 'ego_speed': 986.8421052631579, 'ego_heading': 0, 'enm_angle': 0, 'success': False, 'reward': 12.754022974108558, 'total_steps': 307}
2025-08-18 17:19:23,063 - CRITICAL [ENV 1] - [Episode #1213] Result: both_alive
2025-08-18 17:19:23,175 - INFO [ENV 1] - A0100 launch mission! Total Steps=2, obs=[ 1.60408268e+00  5.71142042e-02  9.98367652e-01 -7.02671825e-02
  9.97528207e-01  8.80316623e-01 -8.37946736e-03 -4.67452570e-02
  6.17655139e-01  4.35830004e-03  6.39235604e-04  1.91563095e-02
  1.57079622e+00  2.99174942e+00 -1.00000000e+00  0.00000000e+00
  0.00000000e+00  0.00000000e+00  0.00000000e+00  0.00000000e+00
  0.00000000e+00], state=[ 1.20000000e+02  6.00010773e+01  8.02041340e+03  1.20172376e+02
 -3.22396726e-03  8.02041227e+03  2.99700476e+02  1.40435245e-02
  5.04096535e+00  1.20000000e+02  6.02692646e+01  8.02105263e+03
  3.00375848e+04 -3.63797881e-12  7.95047040e+03  3.05114798e-14
  3.00789474e+02  7.24962408e-15], current_reward=0.02494898580772187
2025-08-18 17:19:23,177 - INFO [ENV 9] - render_result: {'enm_distance': 30000, 'enm_alt': 26315.78947368421, 'enm_lat': 60.26926459981188, 'enm_lon': 120.0, 'enm_speed': 986.8421052631579, 'enm_heading': 90, 'ego_alt': 26315.78947368421, 'ego_lat': 60, 'ego_lon': 120, 'ego_speed': 986.8421052631579, 'ego_heading': 0, 'enm_angle': 0, 'success': False, 'reward': -6.982965750398094, 'total_steps': 305}
2025-08-18 17:19:23,177 - CRITICAL [ENV 9] - [Episode #1215] Result: both_alive
2025-08-18 17:19:23,179 - INFO [ENV 12] - render_result: {'enm_distance': 30000, 'enm_alt': 26315.78947368421, 'enm_lat': 60.26926459981188, 'enm_lon': 120.0, 'enm_speed': 986.8421052631579, 'enm_heading': 90, 'ego_alt': 26315.78947368421, 'ego_lat': 60, 'ego_lon': 120, 'ego_speed': 986.8421052631579, 'ego_heading': 0, 'enm_angle': 0, 'success': False, 'reward': -11.321756678903412, 'total_steps': 305}
2025-08-18 17:19:23,179 - CRITICAL [ENV 12] - [Episode #1215] Result: both_alive
2025-08-18 17:19:23,180 - INFO [ENV 14] - render_result: {'enm_distance': 30000, 'enm_alt': 26315.78947368421, 'enm_lat': 60.26926459981188, 'enm_lon': 120.0, 'enm_speed': 986.8421052631579, 'enm_heading': 90, 'ego_alt': 26315.78947368421, 'ego_lat': 60, 'ego_lon': 120, 'ego_speed': 986.8421052631579, 'ego_heading': 0, 'enm_angle': 0, 'success': False, 'reward': -9.45669721954324, 'total_steps': 307}
2025-08-18 17:19:23,180 - CRITICAL [ENV 14] - [Episode #1215] Result: both_alive
2025-08-18 17:19:23,243 - INFO [ENV 15] - A0100 launch mission! Total Steps=6, obs=[ 1.60179639 -0.10332884  0.99464725 -0.14573739  0.98932331  0.86724525
  0.00824298 -0.06075903  0.60846258  0.01742967  0.01207067  0.07769544
  1.57078191  2.96804363  1.          0.          0.          0.
  0.          0.          0.        ], state=[ 1.19999992e+02  6.00032021e+01  8.00898196e+03  3.57206144e+02
 -4.27928670e-01  8.00897198e+03  2.94752327e+02 -4.59707396e-01
  2.23580087e+01  1.20000000e+02  6.02692646e+01  8.02105263e+03
  3.00375848e+04 -3.63797881e-12  7.95047040e+03  3.05114798e-14
  3.00789474e+02  7.24962408e-15], current_reward=0.11821044243152556
2025-08-18 17:19:23,245 - INFO [ENV 9] - A0100 launch mission! Total Steps=1, obs=[ 1.60419781e+00  9.46377068e-02  9.95511780e-01  1.73212033e-02
  9.99849977e-01  8.81775954e-01 -2.86051025e-03  1.71187575e-02
  6.17911900e-01  2.89896814e-03  6.35891350e-05  4.04790301e-03
  1.57079614e+00  2.99776012e+00 -1.00000000e+00  0.00000000e+00
  0.00000000e+00  0.00000000e+00  0.00000000e+00  0.00000000e+00
  0.00000000e+00], state=[ 1.20000000e+02  6.00005385e+01  8.02098904e+03  6.00665905e+01
 -5.47369170e-03  8.02098876e+03  2.99861464e+02  8.79644035e-03
  5.08393835e-01  1.20000000e+02  6.02692646e+01  8.02105263e+03
  3.00375848e+04 -3.63797881e-12  7.95047040e+03  3.05114798e-14
  3.00789474e+02  7.24962408e-15], current_reward=0
2025-08-18 17:19:23,284 - INFO [ENV 12] - A0100 launch mission! Total Steps=2, obs=[ 1.60413804e+00 -1.95567345e-01  9.80690274e-01 -6.83427004e-02
  9.97661904e-01  8.77411027e-01  4.02352984e-03 -5.10003379e-02
  6.15531922e-01  7.26389610e-03  3.62448459e-04  1.29072978e-02
  1.57079585e+00  2.99177913e+00  1.00000000e+00  0.00000000e+00
  0.00000000e+00  0.00000000e+00  0.00000000e+00  0.00000000e+00
  0.00000000e+00], state=[ 1.20000000e+02  6.00010746e+01  8.02069018e+03  1.19875866e+02
 -1.43030777e-02  8.02068906e+03  2.98809748e+02 -2.40720873e-02
  3.15554455e+00  1.20000000e+02  6.02692646e+01  8.02105263e+03
  3.00375848e+04 -3.63797881e-12  7.95047040e+03  3.05114798e-14
  3.00789474e+02  7.24962408e-15], current_reward=0.024913268784994003
2025-08-18 17:19:23,286 - INFO [ENV 8] - render_result: {'enm_distance': 30000, 'enm_alt': 26315.78947368421, 'enm_lat': 60.26926459981188, 'enm_lon': 120.0, 'enm_speed': 986.8421052631579, 'enm_heading': 90, 'ego_alt': 26315.78947368421, 'ego_lat': 60, 'ego_lon': 120, 'ego_speed': 986.8421052631579, 'ego_heading': 0, 'enm_angle': 0, 'success': False, 'reward': 9.04527335086284, 'total_steps': 305}
7}
2025-08-18 17:19:23,287 - CRITICAL [ENV 11] - [Episode #1217] Result: both_alive
2025-08-18 17:19:23,287 - CRITICAL [ENV 8] - [Episode #1217] Result: both_alive
2025-08-18 17:19:23,357 - INFO [ENV 14] - A0100 launch mission! Total Steps=3, obs=[ 1.60399343e+00 -3.85244929e-02  9.99257656e-01 -1.43321087e-02
  9.99897290e-01  8.80128000e-01 -1.58704313e-03  1.28376842e-03
  6.16518539e-01  4.54692248e-03  1.08546072e-03  1.81945558e-02
  1.57079494e+00  2.98578820e+00  1.00000000e+00  0.00000000e+00
  0.00000000e+00  0.00000000e+00  0.00000000e+00  0.00000000e+00
  0.00000000e+00], state=[ 1.19999999e+02  6.00016117e+01  8.01996717e+03  1.79783659e+02
 -4.13450087e-02  8.01996464e+03  2.99206651e+02 -1.55664374e-01
  4.74568858e+00  1.20000000e+02  6.02692646e+01  8.02105263e+03
  3.00375848e+04 -3.63797881e-12  7.95047040e+03  3.05114798e-14
  3.00789474e+02  7.24962408e-15], current_reward=0.0499239518378225
2025-08-18 17:19:23,358 - INFO [ENV 11] - A0100 launch mission! Total Steps=1, obs=[ 1.60421778e+00 -9.60428631e-02  9.95377199e-01  1.64707153e-02
  9.99864349e-01  8.84521647e-01  2.56312602e-03  1.19727369e-02
  6.19997207e-01  1.53275218e-04 -3.62794364e-05  9.47040904e-04
  1.57079644e+00  2.99775048e+00  1.00000000e+00  0.00000000e+00
  0.00000000e+00  0.00000000e+00  0.00000000e+00  0.00000000e+00
  0.00000000e+00], state=[ 1.20000000e+02  6.00005393e+01  8.02108891e+03  6.01631862e+01
  3.25728287e-03  8.02108863e+03  3.00764549e+02 -6.56905660e-02
 -9.85683167e-01  1.20000000e+02  6.02692646e+01  8.02105263e+03
  3.00375848e+04 -3.63797881e-12  7.95047040e+03  3.05114798e-14
  3.00789474e+02  7.24962408e-15], current_reward=0
2025-08-18 17:19:23,759 - INFO [ENV 8] - A0100 launch mission! Total Steps=11, obs=[ 1.60609444e+00 -4.74035865e-01  8.80505536e-01  5.52282559e-02
  9.98473755e-01  8.82465919e-01 -2.30677720e-02  4.67565387e-03
  6.18268959e-01  2.20900371e-03 -9.41954636e-03  3.97608843e-02
  1.57067131e+00  2.93767536e+00  1.00000000e+00  0.00000000e+00
  0.00000000e+00  0.00000000e+00  0.00000000e+00  0.00000000e+00
  0.00000000e+00], state=[ 1.19999934e+02  6.00059249e+01  8.03047218e+03  6.60940224e+02
 -3.67269457e+00  8.03043800e+03  2.99878476e+02 -5.35162699e+00
 -1.14607663e+01  1.20000000e+02  6.02692646e+01  8.02105263e+03
  3.00375848e+04 -3.63797881e-12  7.95047040e+03  3.05114798e-14
  3.00789474e+02  7.24962408e-15], current_reward=0.25586721051655914
2025-08-18 17:19:34,476 - INFO [ENV 3] - render_result: {'enm_distance': 30000, 'enm_alt': 26315.78947368421, 'enm_lat': 60.26926459981188, 'enm_lon': 120.0, 'enm_speed': 986.8421052631579, 'enm_heading': 90, 'ego_alt': 26315.78947368421, 'ego_lat': 60, 'ego_lon': 120, 'ego_speed': 986.8421052631579, 'ego_heading': 0, 'enm_angle': 0, 'success': False, 'reward': -12.030701660337925, 'total_steps': 302}
2025-08-18 17:19:34,476 - CRITICAL [ENV 3] - [Episode #1511] Result: both_alive
2025-08-18 17:19:34,530 - INFO [ENV 2] - render_result: {'enm_distance': 30000, 'enm_alt': 26315.78947368421, 'enm_lat': 60.26926459981188, 'enm_lon': 120.0, 'enm_speed': 986.8421052631579, 'enm_heading': 90, 'ego_alt': 26315.78947368421, 'ego_lat': 60, 'ego_lon': 120, 'ego_speed': 986.8421052631579, 'ego_heading': 0, 'enm_angle': 0, 'success': False, 'reward': -22.622025961465543, 'total_steps': 302}
2025-08-18 17:19:34,531 - CRITICAL [ENV 2] - [Episode #1512] Result: both_alive
2025-08-18 17:19:34,534 - INFO [ENV 3] - A0100 launch mission! Total Steps=1, obs=[ 1.60421798e+00 -9.42352024e-02  9.95549962e-01  1.74125370e-02
  9.99848390e-01  8.80783915e-01  3.32111682e-03  1.27497513e-02
  6.17073518e-01  3.89100779e-03 -3.72664764e-05  1.01966750e-03
  1.57079650e+00  2.99776252e+00  1.00000000e+00  0.00000000e+00
  0.00000000e+00  0.00000000e+00  0.00000000e+00  0.00000000e+00
  0.00000000e+00], state=[ 1.20000000e+02  6.00005382e+01  8.02108990e+03  6.00427630e+01
  5.13758432e-03  8.02108962e+03  2.99498339e+02 -5.52877335e-02
 -1.00589381e+00  1.20000000e+02  6.02692646e+01  8.02105263e+03
  3.00375848e+04 -3.63797881e-12  7.95047040e+03  3.05114798e-14
  3.00789474e+02  7.24962408e-15], current_reward=0
2025-08-18 17:19:34,541 - INFO [ENV 6] - render_result: {'enm_distance': 30000, 'enm_alt': 26315.78947368421, 'enm_lat': 60.26926459981188, 'enm_lon': 120.0, 'enm_speed': 986.8421052631579, 'enm_heading': 90, 'ego_alt': 26315.78947368421, 'ego_lat': 60, 'ego_lon': 120, 'ego_speed': 986.8421052631579, 'ego_heading': 0, 'enm_angle': 0, 'success': False, 'reward': -7.375973708616556, 'total_steps': 302}
2025-08-18 17:19:34,541 - INFO [ENV 4] - render_result: {'enm_distance': 30000, 'enm_alt': 26315.78947368421, 'enm_lat': 60.26926459981188, 'enm_lon': 120.0, 'enm_speed': 986.8421052631579, 'enm_heading': 90, 'ego_alt': 26315.78947368421, 'ego_lat': 60, 'ego_lon': 120, 'ego_speed': 986.8421052631579, 'ego_heading': 0, 'enm_angle': 0, 'success': False, 'reward': -7.336934086963449, 'total_steps': 302}
2025-08-18 17:19:34,542 - CRITICAL [ENV 6] - [Episode #1512] Result: both_alive
2025-08-18 17:19:34,542 - CRITICAL [ENV 4] - [Episode #1512] Result: both_alive
2025-08-18 17:19:34,601 - INFO [ENV 4] - A0100 launch mission! Total Steps=1, obs=[ 1.60419929e+00  4.40005317e-02  9.99031508e-01  1.74038744e-02
  9.99848541e-01  8.81624620e-01 -2.06791765e-03  1.62189754e-02
  6.17777824e-01  3.05030242e-03  5.62028535e-05  3.22187666e-03
  1.57079621e+00  2.99776029e+00 -1.00000000e+00  0.00000000e+00
  0.00000000e+00  0.00000000e+00  0.00000000e+00  0.00000000e+00
  0.00000000e+00], state=[ 1.20000000e+02  6.00005384e+01  8.02099643e+03  6.00648807e+01
 -3.45712125e-03  8.02099615e+03  2.99803801e+02  1.49582910e-02
  2.60492161e-01  1.20000000e+02  6.02692646e+01  8.02105263e+03
  3.00375848e+04 -3.63797881e-12  7.95047040e+03  3.05114798e-14
  3.00789474e+02  7.24962408e-15], current_reward=0
2025-08-18 17:19:34,605 - INFO [ENV 6] - A0100 launch mission! Total Steps=1, obs=[ 1.60421778e+00 -9.60428631e-02  9.95377199e-01  1.64707153e-02
  9.99864349e-01  8.84521647e-01  2.56312602e-03  1.19727369e-02
  6.19997207e-01  1.53275218e-04 -3.62794364e-05  9.47040904e-04
  1.57079644e+00  2.99775048e+00  1.00000000e+00  0.00000000e+00
  0.00000000e+00  0.00000000e+00  0.00000000e+00  0.00000000e+00
  0.00000000e+00], state=[ 1.20000000e+02  6.00005393e+01  8.02108891e+03  6.01631862e+01
  3.25728287e-03  8.02108863e+03  3.00764549e+02 -6.56905660e-02
 -9.85683167e-01  1.20000000e+02  6.02692646e+01  8.02105263e+03
  3.00375848e+04 -3.63797881e-12  7.95047040e+03  3.05114798e-14
  3.00789474e+02  7.24962408e-15], current_reward=0
2025-08-18 17:19:34,609 - INFO [ENV 7] - render_result: {'enm_distance': 30000, 'enm_alt': 26315.78947368421, 'enm_lat': 60.26926459981188, 'enm_lon': 120.0, 'enm_speed': 986.8421052631579, 'enm_heading': 90, 'ego_alt': 26315.78947368421, 'ego_lat': 60, 'ego_lon': 120, 'ego_speed': 986.8421052631579, 'ego_heading': 0, 'enm_angle': 0, 'success': False, 'reward': -7.666373813994692, 'total_steps': 302}
2025-08-18 17:19:34,609 - CRITICAL [ENV 7] - [Episode #1513] Result: both_alive
2025-08-18 17:19:34,669 - INFO [ENV 5] - render_result: {'enm_distance': 30000, 'enm_alt': 26315.78947368421, 'enm_lat': 60.26926459981188, 'enm_lon': 120.0, 'enm_speed': 986.8421052631579, 'enm_heading': 90, 'ego_alt': 26315.78947368421, 'ego_lat': 60, 'ego_lon': 120, 'ego_speed': 986.8421052631579, 'ego_heading': 0, 'enm_angle': 0, 'success': False, 'reward': -7.934382039790663, 'total_steps': 303}
2025-08-18 17:19:34,669 - CRITICAL [ENV 5] - [Episode #1514] Result: both_alive
2025-08-18 17:19:34,669 - INFO [ENV 2] - A0100 launch mission! Total Steps=2, obs=[ 1.60413835e+00 -1.95639034e-01  9.80675975e-01 -6.82025367e-02
  9.97671496e-01  8.76415893e-01  4.02299491e-03 -5.08668596e-02
  6.14746910e-01  8.25903000e-03  3.60888446e-04  1.28508265e-02
  1.57079585e+00  2.99178238e+00  1.00000000e+00  0.00000000e+00
  0.00000000e+00  0.00000000e+00  0.00000000e+00  0.00000000e+00
  0.00000000e+00], state=[ 1.20000000e+02  6.00010743e+01  8.02069174e+03  1.19843414e+02
 -1.42681950e-02  8.02069062e+03  2.98469540e+02 -2.46006792e-02
  3.13507629e+00  1.20000000e+02  6.02692646e+01  8.02105263e+03
  3.00375848e+04 -3.63797881e-12  7.95047040e+03  3.05114798e-14
  3.00789474e+02  7.24962408e-15], current_reward=0.024913268784994003
2025-08-18 17:19:34,669 - INFO [ENV 7] - A0100 launch mission! Total Steps=1, obs=[ 1.60418200e+00  4.43068087e-02  9.99017971e-01 -2.28024379e-02
  9.99739991e-01  8.81876220e-01 -2.66340678e-03 -1.46742936e-02
  6.17957993e-01  2.79870248e-03  1.42652650e-04  8.39848242e-03
  1.57079619e+00  2.99776010e+00  1.00000000e+00  0.00000000e+00
  0.00000000e+00  0.00000000e+00  0.00000000e+00  0.00000000e+00
  0.00000000e+00], state=[ 1.20000000e+02  6.00005385e+01  8.02090998e+03  6.00665410e+01
 -4.18590110e-03  8.02090970e+03  2.99875304e+02 -1.29339264e-02
  1.81385920e+00  1.20000000e+02  6.02692646e+01  8.02105263e+03
  3.00375848e+04 -3.63797881e-12  7.95047040e+03  3.05114798e-14
  3.00789474e+02  7.24962408e-15], current_reward=0
2025-08-18 17:19:34,670 - INFO [ENV 13] - render_result: {'enm_distance': 30000, 'enm_alt': 26315.78947368421, 'enm_lat': 60.26926459981188, 'enm_lon': 120.0, 'enm_speed': 986.8421052631579, 'enm_heading': 90, 'ego_alt': 26315.78947368421, 'ego_lat': 60, 'ego_lon': 120, 'ego_speed': 986.8421052631579, 'ego_heading': 0, 'enm_angle': 0, 'success': False, 'reward': -13.259509304559806, 'total_steps': 302}
2025-08-18 17:19:34,670 - CRITICAL [ENV 13] - [Episode #1514] Result: both_alive
2025-08-18 17:19:34,675 - INFO [ENV 10] - render_result: {'enm_distance': 30000, 'enm_alt': 26315.78947368421, 'enm_lat': 60.26926459981188, 'enm_lon': 120.0, 'enm_speed': 986.8421052631579, 'enm_heading': 90, 'ego_alt': 26315.78947368421, 'ego_lat': 60, 'ego_lon': 120, 'ego_speed': 986.8421052631579, 'ego_heading': 0, 'enm_angle': 0, 'success': False, 'reward': 16.171900025016445, 'total_steps': 305}
2025-08-18 17:19:34,676 - CRITICAL [ENV 10] - [Episode #1514] Result: both_alive
2025-08-18 17:19:34,679 - INFO [ENV 0] - render_result: {'enm_distance': 30000, 'enm_alt': 26315.78947368421, 'enm_lat': 60.26926459981188, 'enm_lon': 120.0, 'enm_speed': 986.8421052631579, 'enm_heading': 90, 'ego_alt': 26315.78947368421, 'ego_lat': 60, 'ego_lon': 120, 'ego_speed': 986.8421052631579, 'ego_heading': 0, 'enm_angle': 0, 'success': False, 'reward': 8.957498810197247, 'total_steps': 303}
2025-08-18 17:19:34,679 - CRITICAL [ENV 0] - [Episode #1514] Result: both_alive
2025-08-18 17:19:34,742 - INFO [ENV 5] - A0100 launch mission! Total Steps=1, obs=[ 1.60419918e+00  4.40656410e-02  9.99028638e-01  1.65348649e-02
  9.99863290e-01  8.85022276e-01 -2.08506020e-03  1.55408975e-02
  6.20435979e-01 -3.47353576e-04  5.67319739e-05  3.25466638e-03
  1.57079621e+00  2.99774934e+00 -1.00000000e+00  0.00000000e+00
  0.00000000e+00  0.00000000e+00  0.00000000e+00  0.00000000e+00
  0.00000000e+00], state=[ 1.20000000e+02  6.00005394e+01  8.02099590e+03  6.01743758e+01
 -3.40427196e-03  8.02099562e+03  3.00954675e+02  1.59156072e-02
  2.71350070e-01  1.20000000e+02  6.02692646e+01  8.02105263e+03
  3.00375848e+04 -3.63797881e-12  7.95047040e+03  3.05114798e-14
  3.00789474e+02  7.24962408e-15], current_reward=0
2025-08-18 17:19:34,743 - INFO [ENV 10] - A0100 launch mission! Total Steps=1, obs=[ 1.60420033e+00 -9.57519454e-02  9.95405227e-01 -2.37016796e-02
  9.99719076e-01  8.84750668e-01  4.58614374e-03 -1.89068573e-02
  6.20281315e-01 -7.57456554e-05  5.09779578e-05  4.29229417e-03
  1.57079653e+00  2.99774977e+00  1.00000000e+00  0.00000000e+00
  0.00000000e+00  0.00000000e+00  0.00000000e+00  0.00000000e+00
  0.00000000e+00], state=[ 1.20000000e+02  6.00005394e+01  8.02100165e+03  6.01700473e+01
  6.01982986e-03  8.02100137e+03  3.00887380e+02 -3.38201658e-03
  5.83565963e-01  1.20000000e+02  6.02692646e+01  8.02105263e+03
  3.00375848e+04 -3.63797881e-12  7.95047040e+03  3.05114798e-14
  3.00789474e+02  7.24962408e-15], current_reward=0
2025-08-18 17:19:34,785 - INFO [ENV 1] - render_result: {'enm_distance': 30000, 'enm_alt': 26315.78947368421, 'enm_lat': 60.26926459981188, 'enm_lon': 120.0, 'enm_speed': 986.8421052631579, 'enm_heading': 90, 'ego_alt': 26315.78947368421, 'ego_lat': 60, 'ego_lon': 120, 'ego_speed': 986.8421052631579, 'ego_heading': 0, 'enm_angle': 0, 'success': False, 'reward': -7.525589938400003, 'total_steps': 303}
2025-08-18 17:19:34,786 - CRITICAL [ENV 1] - [Episode #1516] Result: both_alive
2025-08-18 17:19:34,848 - INFO [ENV 1] - A0100 launch mission! Total Steps=1, obs=[ 1.60419918e+00  4.40656410e-02  9.99028638e-01  1.65348649e-02
  9.99863290e-01  8.85022276e-01 -2.08506020e-03  1.55408975e-02
  6.20435979e-01 -3.47353576e-04  5.67319739e-05  3.25466638e-03
  1.57079621e+00  2.99774934e+00 -1.00000000e+00  0.00000000e+00
  0.00000000e+00  0.00000000e+00  0.00000000e+00  0.00000000e+00
  0.00000000e+00], state=[ 1.20000000e+02  6.00005394e+01  8.02099590e+03  6.01743758e+01
 -3.40427196e-03  8.02099562e+03  3.00954675e+02  1.59156072e-02
  2.71350070e-01  1.20000000e+02  6.02692646e+01  8.02105263e+03
  3.00375848e+04 -3.63797881e-12  7.95047040e+03  3.05114798e-14
  3.00789474e+02  7.24962408e-15], current_reward=0
2025-08-18 17:19:34,850 - INFO [ENV 15] - render_result: {'enm_distance': 30000, 'enm_alt': 26315.78947368421, 'enm_lat': 60.26926459981188, 'enm_lon': 120.0, 'enm_speed': 986.8421052631579, 'enm_heading': 90, 'ego_alt': 26315.78947368421, 'ego_lat': 60, 'ego_lon': 120, 'ego_speed': 986.8421052631579, 'ego_heading': 0, 'enm_angle': 0, 'success': False, 'reward': -7.361356694063911, 'total_steps': 307}
2025-08-18 17:19:34,851 - CRITICAL [ENV 15] - [Episode #1517] Result: both_alive
2025-08-18 17:19:34,854 - INFO [ENV 9] - render_result: {'enm_distance': 30000, 'enm_alt': 26315.78947368421, 'enm_lat': 60.26926459981188, 'enm_lon': 120.0, 'enm_speed': 986.8421052631579, 'enm_heading': 90, 'ego_alt': 26315.78947368421, 'ego_lat': 60, 'ego_lon': 120, 'ego_speed': 986.8421052631579, 'ego_heading': 0, 'enm_angle': 0, 'success': False, 'reward': -11.19692472177583, 'total_steps': 302}
2025-08-18 17:19:34,855 - CRITICAL [ENV 9] - [Episode #1517] Result: both_alive
2025-08-18 17:19:34,911 - INFO [ENV 0] - A0100 launch mission! Total Steps=4, obs=[ 1.60397183e+00  6.77169164e-02  9.97704575e-01  9.15155303e-02
  9.95803649e-01  8.82018087e-01 -5.18393452e-03  7.75520976e-02
  6.20687686e-01  2.65683559e-03  1.19348220e-03  3.91895167e-03
  1.57080383e+00  2.97969633e+00 -1.00000000e+00  0.00000000e+00
  0.00000000e+00  0.00000000e+00  0.00000000e+00  0.00000000e+00
  0.00000000e+00], state=[ 1.20000004e+02  6.00021578e+01  8.01985915e+03  2.40702314e+02
  2.23485454e-01  8.01985462e+03  3.01043608e+02  9.72056419e-01
 -1.36629890e+00  1.20000000e+02  6.02692646e+01  8.02105263e+03
  3.00375848e+04 -3.63797881e-12  7.95047040e+03  3.05114798e-14
  3.00789474e+02  7.24962408e-15], current_reward=0.07562122023658624
2025-08-18 17:19:34,915 - INFO [ENV 12] - render_result: {'enm_distance': 30000, 'enm_alt': 26315.78947368421, 'enm_lat': 60.26926459981188, 'enm_lon': 120.0, 'enm_speed': 986.8421052631579, 'enm_heading': 90, 'ego_alt': 26315.78947368421, 'ego_lat': 60, 'ego_lon': 120, 'ego_speed': 986.8421052631579, 'ego_heading': 0, 'enm_angle': 0, 'success': False, 'reward': -7.957237499605252, 'total_steps': 303}
2025-08-18 17:19:34,915 - CRITICAL [ENV 12] - [Episode #1518] Result: both_alive
2025-08-18 17:19:34,972 - INFO [ENV 9] - A0100 launch mission! Total Steps=2, obs=[ 1.60425399e+00  2.17972135e-02  9.99762413e-01  1.08552445e-01
  9.94090724e-01  8.79485961e-01 -5.92703427e-04  8.45125515e-02
  6.19151895e-01  5.18896164e-03 -2.17338575e-04  1.07267692e-02
  1.57079775e+00  2.99174468e+00 -1.00000000e+00  0.00000000e+00
  0.00000000e+00  0.00000000e+00  0.00000000e+00  0.00000000e+00
  0.00000000e+00], state=[ 1.20000001e+02  6.00010777e+01  8.02126997e+03  1.20221775e+02
  4.25650441e-02  8.02126884e+03  3.00377019e+02  4.12179627e-01
 -3.90660394e+00  1.20000000e+02  6.02692646e+01  8.02105263e+03
  3.00375848e+04 -3.63797881e-12  7.95047040e+03  3.05114798e-14
  3.00789474e+02  7.24962408e-15], current_reward=0.024945203899475743
2025-08-18 17:19:34,975 - INFO [ENV 12] - A0100 launch mission! Total Steps=1, obs=[ 1.60418028e+00  9.54714173e-02  9.95432172e-01 -2.37615038e-02
  9.99717656e-01  8.85929330e-01 -4.42731596e-03 -1.45684329e-02
  6.21145391e-01 -1.25440780e-03  1.51219564e-04  9.26987963e-03
  1.57079609e+00  2.99774735e+00  1.00000000e+00  0.00000000e+00
  0.00000000e+00  0.00000000e+00  0.00000000e+00  0.00000000e+00
  0.00000000e+00], state=[ 1.20000000e+02  6.00005396e+01  8.02090141e+03  6.01940755e+01
 -7.09361046e-03  8.02090113e+03  3.01253242e+02 -4.77313507e-02
  2.08442377e+00  1.20000000e+02  6.02692646e+01  8.02105263e+03
  3.00375848e+04 -3.63797881e-12  7.95047040e+03  3.05114798e-14
  3.00789474e+02  7.24962408e-15], current_reward=0
2025-08-18 17:19:34,977 - INFO [ENV 11] - render_result: {'enm_distance': 30000, 'enm_alt': 26315.78947368421, 'enm_lat': 60.26926459981188, 'enm_lon': 120.0, 'enm_speed': 986.8421052631579, 'enm_heading': 90, 'ego_alt': 26315.78947368421, 'ego_lat': 60, 'ego_lon': 120, 'ego_speed': 986.8421052631579, 'ego_heading': 0, 'enm_angle': 0, 'success': False, 'reward': -8.815207309245725, 'total_steps': 302}
2025-08-18 17:19:34,977 - CRITICAL [ENV 11] - [Episode #1519] Result: both_alive
2025-08-18 17:19:34,979 - INFO [ENV 14] - render_result: {'enm_distance': 30000, 'enm_alt': 26315.78947368421, 'enm_lat': 60.26926459981188, 'enm_lon': 120.0, 'enm_speed': 986.8421052631579, 'enm_heading': 90, 'ego_alt': 26315.78947368421, 'ego_lat': 60, 'ego_lon': 120, 'ego_speed': 986.8421052631579, 'ego_heading': 0, 'enm_angle': 0, 'success': False, 'reward': -11.071150550956936, 'total_steps': 304}
2025-08-18 17:19:34,980 - CRITICAL [ENV 14] - [Episode #1519] Result: both_alive
2025-08-18 17:19:35,038 - INFO [ENV 13] - A0100 launch mission! Total Steps=6, obs=[ 1.60550151e+00 -2.23443976e-01  9.74716774e-01 -3.25527857e-02
  9.99470018e-01  8.73308236e-01 -1.00027764e-03 -4.18836402e-02
  6.11724650e-01  1.13666871e-02 -6.45491881e-03  1.28368731e-02
  1.57074621e+00  2.96797060e+00  1.00000000e+00  0.00000000e+00
  0.00000000e+00  0.00000000e+00  0.00000000e+00  0.00000000e+00
  0.00000000e+00], state=[ 1.19999973e+02  6.00032091e+01  8.02750755e+03  3.57978797e+02
 -1.48752963e+00  8.02749753e+03  2.97232159e+02 -1.79386348e+00
 -4.13135594e+00  1.20000000e+02  6.02692646e+01  8.02105263e+03
  3.00375848e+04 -3.63797881e-12  7.95047040e+03  3.05114798e-14
  3.00789474e+02  7.24962408e-15], current_reward=0.12475055413726821
2025-08-18 17:19:35,039 - INFO [ENV 15] - A0100 launch mission! Total Steps=3, obs=[ 1.60475739e+00 -6.85420550e-01  7.28147423e-01  1.48250473e-01
  9.88949846e-01  8.71047903e-01 -3.98274788e-02  8.88199399e-02
  6.13529847e-01  1.36270197e-02 -2.73429881e-03  4.63162883e-02
  1.57076676e+00  2.98581591e+00  1.00000000e+00  0.00000000e+00
  0.00000000e+00  0.00000000e+00  0.00000000e+00  0.00000000e+00
  0.00000000e+00], state=[ 1.19999984e+02  6.00016093e+01  8.02378693e+03  1.79515766e+02
 -8.82958319e-01  8.02378441e+03  2.97649436e+02 -6.34105878e+00
 -1.29801774e+01  1.20000000e+02  6.02692646e+01  8.02105263e+03
  3.00375848e+04 -3.63797881e-12  7.95047040e+03  3.05114798e-14
  3.00789474e+02  7.24962408e-15], current_reward=0.04853826102886316
2025-08-18 17:19:35,041 - INFO [ENV 14] - A0100 launch mission! Total Steps=1, obs=[ 1.60419480e+00 -1.75202718e-02  9.99846508e-01 -2.36196396e-02
  9.99721017e-01  8.85178258e-01 -9.15881088e-04 -1.76092327e-02
  6.20588075e-01 -5.03335574e-04  7.86199990e-05  6.10414015e-03
  1.57079626e+00  2.99774911e+00  1.00000000e+00  0.00000000e+00
  0.00000000e+00  0.00000000e+00  0.00000000e+00  0.00000000e+00
  0.00000000e+00], state=[ 1.20000000e+02  6.00005394e+01  8.02097401e+03  6.01765838e+01
 -1.98445458e-03  8.02097373e+03  3.01018196e+02 -8.38846790e-03
  1.12948530e+00  1.20000000e+02  6.02692646e+01  8.02105263e+03
  3.00375848e+04 -3.63797881e-12  7.95047040e+03  3.05114798e-14
  3.00789474e+02  7.24962408e-15], current_reward=0
2025-08-18 17:19:35,079 - INFO [ENV 11] - A0100 launch mission! Total Steps=2, obs=[ 1.60425301e+00  3.27943265e-02  9.99462121e-01  1.09657961e-01
  9.93969382e-01  8.75685574e-01 -5.53986717e-04  8.53002480e-02
  6.16242772e-01  8.98934871e-03 -2.12397876e-04  1.05660962e-02
  1.57079768e+00  2.99175669e+00 -1.00000000e+00  0.00000000e+00
  0.00000000e+00  0.00000000e+00  0.00000000e+00  0.00000000e+00
  0.00000000e+00], state=[ 1.20000001e+02  6.00010766e+01  8.02126503e+03  1.20101706e+02
  4.04157069e-02  8.02126390e+03  2.99117407e+02  3.98320070e-01
 -3.84326564e+00  1.20000000e+02  6.02692646e+01  8.02105263e+03
  3.00375848e+04 -3.63797881e-12  7.95047040e+03  3.05114798e-14
  3.00789474e+02  7.24962408e-15], current_reward=0.024945203899475743
2025-08-18 17:19:35,394 - INFO [ENV 8] - render_result: {'enm_distance': 30000, 'enm_alt': 26315.78947368421, 'enm_lat': 60.26926459981188, 'enm_lon': 120.0, 'enm_speed': 986.8421052631579, 'enm_heading': 90, 'ego_alt': 26315.78947368421, 'ego_lat': 60, 'ego_lon': 120, 'ego_speed': 986.8421052631579, 'ego_heading': 0, 'enm_angle': 0, 'success': False, 'reward': 16.317987272873882, 'total_steps': 312}
2025-08-18 17:19:35,395 - CRITICAL [ENV 8] - [Episode #1529] Result: both_alive
2025-08-18 17:19:35,492 - INFO [ENV 8] - A0100 launch mission! Total Steps=2, obs=[ 1.60408268e+00  5.71142042e-02  9.98367652e-01 -7.02671825e-02
  9.97528207e-01  8.80316623e-01 -8.37946736e-03 -4.67452570e-02
  6.17655139e-01  4.35830004e-03  6.39235604e-04  1.91563095e-02
  1.57079622e+00  2.99174942e+00 -1.00000000e+00  0.00000000e+00
  0.00000000e+00  0.00000000e+00  0.00000000e+00  0.00000000e+00
  0.00000000e+00], state=[ 1.20000000e+02  6.00010773e+01  8.02041340e+03  1.20172376e+02
 -3.22396726e-03  8.02041227e+03  2.99700476e+02  1.40435245e-02
  5.04096535e+00  1.20000000e+02  6.02692646e+01  8.02105263e+03
  3.00375848e+04 -3.63797881e-12  7.95047040e+03  3.05114798e-14
  3.00789474e+02  7.24962408e-15], current_reward=0.02494898580772187
2025-08-18 17:19:45,809 - INFO [ENV 3] - render_result: {'enm_distance': 30000, 'enm_alt': 26315.78947368421, 'enm_lat': 60.26926459981188, 'enm_lon': 120.0, 'enm_speed': 986.8421052631579, 'enm_heading': 90, 'ego_alt': 26315.78947368421, 'ego_lat': 60, 'ego_lon': 120, 'ego_speed': 986.8421052631579, 'ego_heading': 0, 'enm_angle': 0, 'success': False, 'reward': -8.084607608894263, 'total_steps': 302}
2025-08-18 17:19:45,810 - CRITICAL [ENV 3] - [Episode #1813] Result: both_alive
2025-08-18 17:19:45,866 - INFO [ENV 6] - render_result: {'enm_distance': 30000, 'enm_alt': 26315.78947368421, 'enm_lat': 60.26926459981188, 'enm_lon': 120.0, 'enm_speed': 986.8421052631579, 'enm_heading': 90, 'ego_alt': 26315.78947368421, 'ego_lat': 60, 'ego_lon': 120, 'ego_speed': 986.8421052631579, 'ego_heading': 0, 'enm_angle': 0, 'success': False, 'reward': -8.079614983458853, 'total_steps': 302}
2025-08-18 17:19:45,866 - CRITICAL [ENV 6] - [Episode #1814] Result: both_alive
2025-08-18 17:19:45,866 - INFO [ENV 3] - A0100 launch mission! Total Steps=1, obs=[ 1.60421779e+00 -9.44554297e-02  9.95529091e-01  1.64635806e-02
  9.99864466e-01  8.84511127e-01  3.35786292e-03  1.20261004e-02
  6.19991600e-01  1.63795646e-04 -3.63111988e-05  9.50929631e-04
  1.57079650e+00  2.99775048e+00  1.00000000e+00  0.00000000e+00
  0.00000000e+00  0.00000000e+00  0.00000000e+00  0.00000000e+00
  0.00000000e+00], state=[ 1.20000000e+02  6.00005393e+01  8.02108894e+03  6.01631846e+01
  5.08184651e-03  8.02108866e+03  3.00762114e+02 -5.62692931e-02
 -9.88936050e-01  1.20000000e+02  6.02692646e+01  8.02105263e+03
  3.00375848e+04 -3.63797881e-12  7.95047040e+03  3.05114798e-14
  3.00789474e+02  7.24962408e-15], current_reward=0
2025-08-18 17:19:45,868 - INFO [ENV 4] - render_result: {'enm_distance': 30000, 'enm_alt': 26315.78947368421, 'enm_lat': 60.26926459981188, 'enm_lon': 120.0, 'enm_speed': 986.8421052631579, 'enm_heading': 90, 'ego_alt': 26315.78947368421, 'ego_lat': 60, 'ego_lon': 120, 'ego_speed': 986.8421052631579, 'ego_heading': 0, 'enm_angle': 0, 'success': False, 'reward': -11.146900820170792, 'total_steps': 302}
2025-08-18 17:19:45,868 - CRITICAL [ENV 4] - [Episode #1814] Result: both_alive
2025-08-18 17:19:45,935 - INFO [ENV 2] - render_result: {'enm_distance': 30000, 'enm_alt': 26315.78947368421, 'enm_lat': 60.26926459981188, 'enm_lon': 120.0, 'enm_speed': 986.8421052631579, 'enm_heading': 90, 'ego_alt': 26315.78947368421, 'ego_lat': 60, 'ego_lon': 120, 'ego_speed': 986.8421052631579, 'ego_heading': 0, 'enm_angle': 0, 'success': False, 'reward': -11.644828346719923, 'total_steps': 303}
2025-08-18 17:19:45,935 - CRITICAL [ENV 2] - [Episode #1815] Result: both_alive
2025-08-18 17:19:45,935 - INFO [ENV 7] - render_result: {'enm_distance': 30000, 'enm_alt': 26315.78947368421, 'enm_lat': 60.26926459981188, 'enm_lon': 120.0, 'enm_speed': 986.8421052631579, 'enm_heading': 90, 'ego_alt': 26315.78947368421, 'ego_lat': 60, 'ego_lon': 120, 'ego_speed': 986.8421052631579, 'ego_heading': 0, 'enm_angle': 0, 'success': False, 'reward': -6.728170546634921, 'total_steps': 302}
2025-08-18 17:19:45,936 - CRITICAL [ENV 7] - [Episode #1815] Result: both_alive
2025-08-18 17:19:45,994 - INFO [ENV 4] - A0100 launch mission! Total Steps=2, obs=[ 1.60434915e+00 -3.72010343e-01  9.28228584e-01  9.37039853e-02
  9.95600102e-01  8.80875158e-01 -8.87209100e-03  6.64348159e-02
  6.19045914e-01  3.79976463e-03 -6.93093937e-04  1.85952325e-02
  1.57079233e+00  2.99173954e+00  1.00000000e+00  0.00000000e+00
  0.00000000e+00  0.00000000e+00  0.00000000e+00  0.00000000e+00
  0.00000000e+00], state=[ 1.19999998e+02  6.00010782e+01  8.02174573e+03  1.20274253e+02
 -1.19611017e-01  8.02174459e+03  3.00297734e+02 -1.57823821e+00
 -6.07245344e+00  1.20000000e+02  6.02692646e+01  8.02105263e+03
  3.00375848e+04 -3.63797881e-12  7.95047040e+03  3.05114798e-14
  3.00789474e+02  7.24962408e-15], current_reward=0.024891896396910695
2025-08-18 17:19:45,995 - INFO [ENV 6] - A0100 launch mission! Total Steps=2, obs=[ 1.60420239e+00 -7.56660502e-02  9.97133215e-01 -1.74432972e-02
  9.99847854e-01  8.81200550e-01 -1.78888902e-03 -1.22458787e-02
  6.17393753e-01  3.47437226e-03  4.06806678e-05  6.10904357e-03
  1.57079567e+00  2.99176882e+00  1.00000000e+00  0.00000000e+00
  0.00000000e+00  0.00000000e+00  0.00000000e+00  0.00000000e+00
  0.00000000e+00], state=[ 1.20000000e+02  6.00010755e+01  8.02101195e+03  1.19979770e+02
 -1.95194459e-02  8.02101082e+03  2.99635619e+02 -1.02220377e-01
  1.12113848e+00  1.20000000e+02  6.02692646e+01  8.02105263e+03
  3.00375848e+04 -3.63797881e-12  7.95047040e+03  3.05114798e-14
  3.00789474e+02  7.24962408e-15], current_reward=0.024899200424959744
2025-08-18 17:19:46,000 - INFO [ENV 5] - render_result: {'enm_distance': 30000, 'enm_alt': 26315.78947368421, 'enm_lat': 60.26926459981188, 'enm_lon': 120.0, 'enm_speed': 986.8421052631579, 'enm_heading': 90, 'ego_alt': 26315.78947368421, 'ego_lat': 60, 'ego_lon': 120, 'ego_speed': 986.8421052631579, 'ego_heading': 0, 'enm_angle': 0, 'success': False, 'reward': -8.415839776531609, 'total_steps': 302}
2025-08-18 17:19:46,001 - CRITICAL [ENV 5] - [Episode #1816] Result: both_alive
2025-08-18 17:19:46,003 - INFO [ENV 10] - render_result: {'enm_distance': 30000, 'enm_alt': 26315.78947368421, 'enm_lat': 60.26926459981188, 'enm_lon': 120.0, 'enm_speed': 986.8421052631579, 'enm_heading': 90, 'ego_alt': 26315.78947368421, 'ego_lat': 60, 'ego_lon': 120, 'ego_speed': 986.8421052631579, 'ego_heading': 0, 'enm_angle': 0, 'success': False, 'reward': -7.917029575419125, 'total_steps': 302}
2025-08-18 17:19:46,004 - CRITICAL [ENV 10] - [Episode #1816] Result: both_alive
2025-08-18 17:19:46,059 - INFO [ENV 10] - A0100 launch mission! Total Steps=1, obs=[ 1.60421066e+00 -5.91266203e-02  9.98250491e-01  8.86971749e-04
  9.99999607e-01  8.81493200e-01  2.94320804e-03  5.00783036e-04
  6.17557892e-01  3.18172238e-03 -6.93144464e-07  1.83757685e-03
  1.57079650e+00  2.99776149e+00  1.00000000e+00  0.00000000e+00
  0.00000000e+00  0.00000000e+00  0.00000000e+00  0.00000000e+00
  0.00000000e+00], state=[ 1.20000000e+02  6.00005383e+01  8.02105332e+03  6.00529962e+01
  5.07049427e-03  8.02105304e+03  2.99709367e+02 -1.05726467e-02
 -1.55031407e-01  1.20000000e+02  6.02692646e+01  8.02105263e+03
  3.00375848e+04 -3.63797881e-12  7.95047040e+03  3.05114798e-14
  3.00789474e+02  7.24962408e-15], current_reward=0
2025-08-18 17:19:46,103 - INFO [ENV 1] - render_result: {'enm_distance': 30000, 'enm_alt': 26315.78947368421, 'enm_lat': 60.26926459981188, 'enm_lon': 120.0, 'enm_speed': 986.8421052631579, 'enm_heading': 90, 'ego_alt': 26315.78947368421, 'ego_lat': 60, 'ego_lon': 120, 'ego_speed': 986.8421052631579, 'ego_heading': 0, 'enm_angle': 0, 'success': False, 'reward': -10.5367470528988, 'total_steps': 302}
2025-08-18 17:19:46,104 - CRITICAL [ENV 1] - [Episode #1818] Result: both_alive
2025-08-18 17:19:46,166 - INFO [ENV 2] - A0100 launch mission! Total Steps=4, obs=[ 1.60327579 -0.23821953  0.97121133 -0.11583712  0.99326822  0.87375362
  0.03024392 -0.06028314  0.6136685   0.0109213   0.00467368  0.04325671
  1.57078899  2.97981283  1.          0.          0.          0.
  0.          0.          0.        ], state=[ 1.19999996e+02  6.00021472e+01  8.01637895e+03  2.39529404e+02
 -2.18562697e-01  8.01637446e+03  2.97708947e+02 -7.00750523e-01
  1.22071492e+01  1.20000000e+02  6.02692646e+01  8.02105263e+03
  3.00375848e+04 -3.63797881e-12  7.95047040e+03  3.05114798e-14
  3.00789474e+02  7.24962408e-15], current_reward=0.07347180564999789
2025-08-18 17:19:46,166 - INFO [ENV 0] - render_result: {'enm_distance': 30000, 'enm_alt': 26315.78947368421, 'enm_lat': 60.26926459981188, 'enm_lon': 120.0, 'enm_speed': 986.8421052631579, 'enm_heading': 90, 'ego_alt': 26315.78947368421, 'ego_lat': 60, 'ego_lon': 120, 'ego_speed': 986.8421052631579, 'ego_heading': 0, 'enm_angle': 0, 'success': False, 'reward': 11.16906802494795, 'total_steps': 305}
2025-08-18 17:19:46,166 - INFO [ENV 1] - A0100 launch mission! Total Steps=1, obs=[ 1.60419923e+00  4.40334080e-02  9.99030059e-01  1.69649520e-02
  9.99856085e-01  8.83335921e-01 -2.07658043e-03  1.58730034e-02
  6.19116180e-01  1.33900111e-03  5.64661607e-05  3.23379727e-03
  1.57079621e+00  2.99775476e+00 -1.00000000e+00  0.00000000e+00
  0.00000000e+00  0.00000000e+00  0.00000000e+00  0.00000000e+00
  0.00000000e+00], state=[ 1.20000000e+02  6.00005389e+01  8.02099617e+03  6.01201578e+01
 -3.43038484e-03  8.02099588e+03  3.00383411e+02  1.54924907e-02
  2.64570378e-01  1.20000000e+02  6.02692646e+01  8.02105263e+03
  3.00375848e+04 -3.63797881e-12  7.95047040e+03  3.05114798e-14
  3.00789474e+02  7.24962408e-15], current_reward=0
2025-08-18 17:19:46,167 - CRITICAL [ENV 0] - [Episode #1819] Result: both_alive
2025-08-18 17:19:46,221 - INFO [ENV 0] - A0100 launch mission! Total Steps=1, obs=[ 1.60419769e+00  4.48111468e-02  9.98995476e-01  1.24773074e-02
  9.99922155e-01  8.83007841e-01 -1.55540240e-03  1.26525872e-02
  6.18817161e-01  1.66708135e-03  6.41888236e-05  4.10963144e-03
  1.57079625e+00  2.99775662e+00 -1.00000000e+00  0.00000000e+00
  0.00000000e+00  0.00000000e+00  0.00000000e+00  0.00000000e+00
  0.00000000e+00], state=[ 1.20000000e+02  6.00005388e+01  8.02098844e+03  6.01015311e+01
 -2.37367706e-03  8.02098816e+03  3.00253487e+02  1.33631641e-02
  5.27557315e-01  1.20000000e+02  6.02692646e+01  8.02105263e+03
  3.00375848e+04 -3.63797881e-12  7.95047040e+03  3.05114798e-14
  3.00789474e+02  7.24962408e-15], current_reward=0
2025-08-18 17:19:46,222 - INFO [ENV 12] - render_result: {'enm_distance': 30000, 'enm_alt': 26315.78947368421, 'enm_lat': 60.26926459981188, 'enm_lon': 120.0, 'enm_speed': 986.8421052631579, 'enm_heading': 90, 'ego_alt': 26315.78947368421, 'ego_lat': 60, 'ego_lon': 120, 'ego_speed': 986.8421052631579, 'ego_heading': 0, 'enm_angle': 0, 'success': False, 'reward': -7.353601428728108, 'total_steps': 302}
2025-08-18 17:19:46,223 - CRITICAL [ENV 12] - [Episode #1820] Result: both_alive
2025-08-18 17:19:46,223 - INFO [ENV 9] - render_result: {'enm_distance': 30000, 'enm_alt': 26315.78947368421, 'enm_lat': 60.26926459981188, 'enm_lon': 120.0, 'enm_speed': 986.8421052631579, 'enm_heading': 90, 'ego_alt': 26315.78947368421, 'ego_lat': 60, 'ego_lon': 120, 'ego_speed': 986.8421052631579, 'ego_heading': 0, 'enm_angle': 0, 'success': False, 'reward': -8.395400388542964, 'total_steps': 303}
2025-08-18 17:19:46,224 - CRITICAL [ENV 9] - [Episode #1820] Result: both_alive
2025-08-18 17:19:46,279 - INFO [ENV 7] - A0100 launch mission! Total Steps=6, obs=[ 1.60271580e+00  6.07418376e-01  7.94382097e-01 -1.25950542e-01
  9.92036522e-01  8.86677770e-01 -4.06925160e-02 -3.42148575e-02
  6.23113377e-01 -2.00284705e-03  7.47360911e-03  6.99748761e-02
  1.57080073e+00  2.96762558e+00  1.00000000e+00  0.00000000e+00
  0.00000000e+00  0.00000000e+00  0.00000000e+00  0.00000000e+00
  0.00000000e+00], state=[ 1.20000002e+02  6.00032397e+01  8.01357902e+03  3.61396093e+02
  1.30720875e-01  8.01356881e+03  3.01316976e+02 -6.34556551e-01
  2.04658832e+01  1.20000000e+02  6.02692646e+01  8.02105263e+03
  3.00375848e+04 -3.63797881e-12  7.95047040e+03  3.05114798e-14
  3.00789474e+02  7.24962408e-15], current_reward=0.12212928867668182
2025-08-18 17:19:46,279 - INFO [ENV 5] - A0100 launch mission! Total Steps=5, obs=[ 1.60552079 -0.192293    0.98133756  0.14625681  0.98924666  0.86971878
 -0.00913352  0.0787611   0.6109491   0.01495614 -0.00655131  0.05359059
  1.5708005   2.97386434  1.          0.          0.          0.
  0.          0.          0.        ], state=[ 1.20000002e+02  6.00026807e+01  8.02760394e+03  2.99041368e+02
  1.23985703e-01  8.02759695e+03  2.96462183e+02 -6.28563822e-01
 -1.66616239e+01  1.20000000e+02  6.02692646e+01  8.02105263e+03
  3.00375848e+04 -3.63797881e-12  7.95047040e+03  3.05114798e-14
  3.00789474e+02  7.24962408e-15], current_reward=0.09664510189299236
2025-08-18 17:19:46,280 - INFO [ENV 15] - render_result: {'enm_distance': 30000, 'enm_alt': 26315.78947368421, 'enm_lat': 60.26926459981188, 'enm_lon': 120.0, 'enm_speed': 986.8421052631579, 'enm_heading': 90, 'ego_alt': 26315.78947368421, 'ego_lat': 60, 'ego_lon': 120, 'ego_speed': 986.8421052631579, 'ego_heading': 0, 'enm_angle': 0, 'success': False, 'reward': -7.4041648495392955, 'total_steps': 304}
2025-08-18 17:19:46,281 - CRITICAL [ENV 15] - [Episode #1821] Result: both_alive
2025-08-18 17:19:46,281 - INFO [ENV 13] - render_result: {'enm_distance': 30000, 'enm_alt': 26315.78947368421, 'enm_lat': 60.26926459981188, 'enm_lon': 120.0, 'enm_speed': 986.8421052631579, 'enm_heading': 90, 'ego_alt': 26315.78947368421, 'ego_lat': 60, 'ego_lon': 120, 'ego_speed': 986.8421052631579, 'ego_heading': 0, 'enm_angle': 0, 'success': False, 'reward': 14.568123839558197, 'total_steps': 307}
2025-08-18 17:19:46,281 - CRITICAL [ENV 13] - [Episode #1821] Result: both_alive
2025-08-18 17:19:46,286 - INFO [ENV 14] - render_result: {'enm_distance': 30000, 'enm_alt': 26315.78947368421, 'enm_lat': 60.26926459981188, 'enm_lon': 120.0, 'enm_speed': 986.8421052631579, 'enm_heading': 90, 'ego_alt': 26315.78947368421, 'ego_lat': 60, 'ego_lon': 120, 'ego_speed': 986.8421052631579, 'ego_heading': 0, 'enm_angle': 0, 'success': False, 'reward': -7.4444585990487475, 'total_steps': 302}
2025-08-18 17:19:46,287 - CRITICAL [ENV 14] - [Episode #1821] Result: both_alive
2025-08-18 17:19:46,343 - INFO [ENV 13] - A0100 launch mission! Total Steps=1, obs=[ 1.60419480e+00 -1.75202718e-02  9.99846508e-01 -2.36196396e-02
  9.99721017e-01  8.85178258e-01 -9.15881088e-04 -1.76092327e-02
  6.20588075e-01 -5.03335574e-04  7.86199990e-05  6.10414015e-03
  1.57079626e+00  2.99774911e+00  1.00000000e+00  0.00000000e+00
  0.00000000e+00  0.00000000e+00  0.00000000e+00  0.00000000e+00
  0.00000000e+00], state=[ 1.20000000e+02  6.00005394e+01  8.02097401e+03  6.01765838e+01
 -1.98445458e-03  8.02097373e+03  3.01018196e+02 -8.38846790e-03
  1.12948530e+00  1.20000000e+02  6.02692646e+01  8.02105263e+03
  3.00375848e+04 -3.63797881e-12  7.95047040e+03  3.05114798e-14
  3.00789474e+02  7.24962408e-15], current_reward=0
2025-08-18 17:19:46,345 - INFO [ENV 14] - A0100 launch mission! Total Steps=1, obs=[ 1.60420064e+00 -9.46398156e-02  9.95511580e-01 -2.28045348e-02
  9.99739943e-01  8.80877092e-01  4.95468340e-03 -1.80817285e-02
  6.17228557e-01  3.79783092e-03  4.94176549e-05  4.19527087e-03
  1.57079656e+00  2.99776236e+00 -1.00000000e+00  0.00000000e+00
  0.00000000e+00  0.00000000e+00  0.00000000e+00  0.00000000e+00
  0.00000000e+00], state=[ 1.20000000e+02  6.00005383e+01  8.02100321e+03  6.00441560e+01
  7.03660062e-03  8.02100293e+03  2.99565530e+02  2.07163823e-03
  5.51927102e-01  1.20000000e+02  6.02692646e+01  8.02105263e+03
  3.00375848e+04 -3.63797881e-12  7.95047040e+03  3.05114798e-14
  3.00789474e+02  7.24962408e-15], current_reward=0
2025-08-18 17:19:46,346 - INFO [ENV 12] - A0100 launch mission! Total Steps=2, obs=[ 1.60433030e+00 -1.94105654e-01  9.80980629e-01  9.66853520e-02
  9.95314997e-01  8.79432879e-01 -5.66615241e-03  7.14165523e-02
  6.18204632e-01  5.24204392e-03 -5.98847330e-04  1.41523608e-02
  1.57079289e+00  2.99174365e+00  1.00000000e+00  0.00000000e+00
  0.00000000e+00  0.00000000e+00  0.00000000e+00  0.00000000e+00
  0.00000000e+00], state=[ 1.19999998e+02  6.00010778e+01  8.02165148e+03  1.20232973e+02
 -1.02859350e-01  8.02165035e+03  2.99956990e+02 -1.04151662e+00
 -4.82921268e+00  1.20000000e+02  6.02692646e+01  8.02105263e+03
  3.00375848e+04 -3.63797881e-12  7.95047040e+03  3.05114798e-14
  3.00789474e+02  7.24962408e-15], current_reward=0.024891896396910695
2025-08-18 17:19:46,347 - INFO [ENV 9] - A0100 launch mission! Total Steps=2, obs=[ 1.60423342e+00  2.05607605e-01  9.78634514e-01  1.08061935e-01
  9.94144164e-01  8.78040581e-01  5.48740693e-03  8.92547026e-02
  6.18405339e-01  6.63434157e-03 -1.14448922e-04  5.69863724e-03
  1.57079732e+00  2.99174871e+00 -1.00000000e+00  0.00000000e+00
  0.00000000e+00  0.00000000e+00  0.00000000e+00  0.00000000e+00
  0.00000000e+00], state=[ 1.20000001e+02  6.00010774e+01  8.02116708e+03  1.20181272e+02
  2.96031043e-02  8.02116595e+03  3.00068434e+02  4.65424954e-01
 -2.35445931e+00  1.20000000e+02  6.02692646e+01  8.02105263e+03
  3.00375848e+04 -3.63797881e-12  7.95047040e+03  3.05114798e-14
  3.00789474e+02  7.24962408e-15], current_reward=0.024945203899475743
2025-08-18 17:19:46,347 - INFO [ENV 15] - A0100 launch mission! Total Steps=1, obs=[ 1.60418051e+00  9.52220309e-02  9.95456059e-01 -2.28531763e-02
  9.99738832e-01  8.82060338e-01 -4.38003711e-03 -1.37394158e-02
  6.18096289e-01  2.61458430e-03  1.50096429e-04  9.22884771e-03
  1.57079609e+00  2.99775993e+00  1.00000000e+00  0.00000000e+00
  0.00000000e+00  0.00000000e+00  0.00000000e+00  0.00000000e+00
  0.00000000e+00], state=[ 1.20000000e+02  6.00005385e+01  8.02090254e+03  6.00682693e+01
 -7.15750966e-03  8.02090225e+03  2.99933493e+02 -4.89221245e-02
  2.06295022e+00  1.20000000e+02  6.02692646e+01  8.02105263e+03
  3.00375848e+04 -3.63797881e-12  7.95047040e+03  3.05114798e-14
  3.00789474e+02  7.24962408e-15], current_reward=0
2025-08-18 17:19:46,351 - INFO [ENV 11] - render_result: {'enm_distance': 30000, 'enm_alt': 26315.78947368421, 'enm_lat': 60.26926459981188, 'enm_lon': 120.0, 'enm_speed': 986.8421052631579, 'enm_heading': 90, 'ego_alt': 26315.78947368421, 'ego_lat': 60, 'ego_lon': 120, 'ego_speed': 986.8421052631579, 'ego_heading': 0, 'enm_angle': 0, 'success': False, 'reward': -7.35737435013813, 'total_steps': 303}
2025-08-18 17:19:46,352 - CRITICAL [ENV 11] - [Episode #1822] Result: both_alive
2025-08-18 17:19:46,408 - INFO [ENV 11] - A0100 launch mission! Total Steps=1, obs=[ 1.60420921e+00 -9.46186423e-02  9.95513592e-01 -3.64734101e-03
  9.99993348e-01  8.85105734e-01  4.15187968e-03 -3.34047015e-03
  6.20403454e-01 -4.30811366e-04  6.59848782e-06  1.80219415e-03
  1.57079653e+00  2.99774940e+00  1.00000000e+00  0.00000000e+00
  0.00000000e+00  0.00000000e+00  0.00000000e+00  0.00000000e+00
  0.00000000e+00], state=[ 1.20000000e+02  6.00005394e+01  8.02104603e+03  6.01739060e+01
  6.10875254e-03  8.02104575e+03  3.00941357e+02 -2.24375371e-02
 -1.66607304e-01  1.20000000e+02  6.02692646e+01  8.02105263e+03
  3.00375848e+04 -3.63797881e-12  7.95047040e+03  3.05114798e-14
  3.00789474e+02  7.24962408e-15], current_reward=0
2025-08-18 17:19:46,776 - INFO [ENV 8] - render_result: {'enm_distance': 30000, 'enm_alt': 26315.78947368421, 'enm_lat': 60.26926459981188, 'enm_lon': 120.0, 'enm_speed': 986.8421052631579, 'enm_heading': 90, 'ego_alt': 26315.78947368421, 'ego_lat': 60, 'ego_lon': 120, 'ego_speed': 986.8421052631579, 'ego_heading': 0, 'enm_angle': 0, 'success': False, 'reward': -8.188682051324342, 'total_steps': 303}
2025-08-18 17:19:46,776 - CRITICAL [ENV 8] - [Episode #1832] Result: both_alive
2025-08-18 17:19:46,833 - INFO [ENV 8] - A0100 launch mission! Total Steps=1, obs=[ 1.60419480e+00 -1.75202718e-02  9.99846508e-01 -2.36196396e-02
  9.99721017e-01  8.85178258e-01 -9.15881088e-04 -1.76092327e-02
  6.20588075e-01 -5.03335574e-04  7.86199990e-05  6.10414015e-03
  1.57079626e+00  2.99774911e+00  1.00000000e+00  0.00000000e+00
  0.00000000e+00  0.00000000e+00  0.00000000e+00  0.00000000e+00
  0.00000000e+00], state=[ 1.20000000e+02  6.00005394e+01  8.02097401e+03  6.01765838e+01
 -1.98445458e-03  8.02097373e+03  3.01018196e+02 -8.38846790e-03
  1.12948530e+00  1.20000000e+02  6.02692646e+01  8.02105263e+03
  3.00375848e+04 -3.63797881e-12  7.95047040e+03  3.05114798e-14
  3.00789474e+02  7.24962408e-15], current_reward=0
2025-08-18 17:20:29,530 - INFO [ENV 3] - render_result: {'enm_distance': 30000, 'enm_alt': 26315.78947368421, 'enm_lat': 60.26926459981188, 'enm_lon': 120.0, 'enm_speed': 986.8421052631579, 'enm_heading': 90, 'ego_alt': 26315.78947368421, 'ego_lat': 60, 'ego_lon': 120, 'ego_speed': 986.8421052631579, 'ego_heading': 0, 'enm_angle': 0, 'success': False, 'reward': -9.065311082594182, 'total_steps': 302}
2025-08-18 17:20:29,530 - CRITICAL [ENV 3] - [Episode #2115] Result: both_alive
2025-08-18 17:20:29,623 - INFO [ENV 3] - A0100 launch mission! Total Steps=2, obs=[ 1.60402139e+00  1.97824734e-01  9.80237407e-01 -6.99462283e-02
  9.97550763e-01  8.78550838e-01 -2.49259370e-03 -4.46302967e-02
  6.16166580e-01  6.12408500e-03  9.45699458e-04  2.20266314e-02
  1.57079564e+00  2.99176913e+00  1.00000000e+00  0.00000000e+00
  0.00000000e+00  0.00000000e+00  0.00000000e+00  0.00000000e+00
  0.00000000e+00], state=[ 1.20000000e+02  6.00010755e+01  8.02010693e+03  1.19974531e+02
 -2.05411341e-02  8.02010581e+03  2.99035626e+02 -2.07160626e-01
  5.88821928e+00  1.20000000e+02  6.02692646e+01  8.02105263e+03
  3.00375848e+04 -3.63797881e-12  7.95047040e+03  3.05114798e-14
  3.00789474e+02  7.24962408e-15], current_reward=0.024877806818613735
2025-08-18 17:20:29,626 - INFO [ENV 4] - render_result: {'enm_distance': 30000, 'enm_alt': 26315.78947368421, 'enm_lat': 60.26926459981188, 'enm_lon': 120.0, 'enm_speed': 986.8421052631579, 'enm_heading': 90, 'ego_alt': 26315.78947368421, 'ego_lat': 60, 'ego_lon': 120, 'ego_speed': 986.8421052631579, 'ego_heading': 0, 'enm_angle': 0, 'success': False, 'reward': -7.933968061811864, 'total_steps': 303}
2025-08-18 17:20:29,626 - CRITICAL [ENV 4] - [Episode #2117] Result: both_alive
2025-08-18 17:20:29,627 - INFO [ENV 6] - render_result: {'enm_distance': 30000, 'enm_alt': 26315.78947368421, 'enm_lat': 60.26926459981188, 'enm_lon': 120.0, 'enm_speed': 986.8421052631579, 'enm_heading': 90, 'ego_alt': 26315.78947368421, 'ego_lat': 60, 'ego_lon': 120, 'ego_speed': 986.8421052631579, 'ego_heading': 0, 'enm_angle': 0, 'success': False, 'reward': -6.79228831545889, 'total_steps': 303}
2025-08-18 17:20:29,627 - CRITICAL [ENV 6] - [Episode #2117] Result: both_alive
2025-08-18 17:20:29,688 - INFO [ENV 10] - render_result: {'enm_distance': 30000, 'enm_alt': 26315.78947368421, 'enm_lat': 60.26926459981188, 'enm_lon': 120.0, 'enm_speed': 986.8421052631579, 'enm_heading': 90, 'ego_alt': 26315.78947368421, 'ego_lat': 60, 'ego_lon': 120, 'ego_speed': 986.8421052631579, 'ego_heading': 0, 'enm_angle': 0, 'success': False, 'reward': -7.195846214892619, 'total_steps': 302}
2025-08-18 17:20:29,688 - CRITICAL [ENV 10] - [Episode #2118] Result: both_alive
2025-08-18 17:20:29,781 - INFO [ENV 1] - render_result: {'enm_distance': 30000, 'enm_alt': 26315.78947368421, 'enm_lat': 60.26926459981188, 'enm_lon': 120.0, 'enm_speed': 986.8421052631579, 'enm_heading': 90, 'ego_alt': 26315.78947368421, 'ego_lat': 60, 'ego_lon': 120, 'ego_speed': 986.8421052631579, 'ego_heading': 0, 'enm_angle': 0, 'success': False, 'reward': -9.153733762903283, 'total_steps': 302}
2025-08-18 17:20:29,781 - INFO [ENV 4] - A0100 launch mission! Total Steps=3, obs=[ 1.60424026e+00 -3.15171596e-02  9.99503211e-01  2.45238850e-02
  9.99699244e-01  8.79988694e-01  2.11254798e-03  1.92746451e-02
  6.16536421e-01  4.68622880e-03 -1.48675234e-04  1.13285746e-03
  1.57079372e+00  2.98578387e+00  1.00000000e+00  0.00000000e+00
  0.00000000e+00  0.00000000e+00  0.00000000e+00  0.00000000e+00
  0.00000000e+00], state=[ 1.19999999e+02  6.00016121e+01  8.02120131e+03  1.79829829e+02
 -7.78157414e-02  8.02119878e+03  2.99267505e+02 -3.22220491e-01
 -8.11929334e-01  1.20000000e+02  6.02692646e+01  8.02105263e+03
  3.00375848e+04 -3.63797881e-12  7.95047040e+03  3.05114798e-14
  3.00789474e+02  7.24962408e-15], current_reward=0.050001209091449894
2025-08-18 17:20:29,782 - CRITICAL [ENV 1] - [Episode #2120] Result: both_alive
2025-08-18 17:20:29,782 - INFO [ENV 2] - render_result: {'enm_distance': 30000, 'enm_alt': 26315.78947368421, 'enm_lat': 60.26926459981188, 'enm_lon': 120.0, 'enm_speed': 986.8421052631579, 'enm_heading': 90, 'ego_alt': 26315.78947368421, 'ego_lat': 60, 'ego_lon': 120, 'ego_speed': 986.8421052631579, 'ego_heading': 0, 'enm_angle': 0, 'success': False, 'reward': -8.590446433479372, 'total_steps': 305}
2025-08-18 17:20:29,783 - CRITICAL [ENV 2] - [Episode #2120] Result: both_alive
2025-08-18 17:20:29,831 - INFO [ENV 10] - A0100 launch mission! Total Steps=3, obs=[ 1.60441105e+00 -3.85913913e-01  9.22534797e-01  1.11964110e-01
  9.93712251e-01  8.79498264e-01 -6.06060433e-03  8.27562005e-02
  6.19022518e-01  5.17665882e-03 -1.00262688e-03  2.28394829e-02
  1.57078406e+00  2.98572030e+00  1.00000000e+00  0.00000000e+00
  0.00000000e+00  0.00000000e+00  0.00000000e+00  0.00000000e+00
  0.00000000e+00], state=[ 1.19999993e+02  6.00016178e+01  8.02205526e+03  1.80467648e+02
 -3.66367813e-01  8.02205271e+03  3.00263369e+02 -2.98061711e+00
 -6.89609799e+00  1.20000000e+02  6.02692646e+01  8.02105263e+03
  3.00375848e+04 -3.63797881e-12  7.95047040e+03  3.05114798e-14
  3.00789474e+02  7.24962408e-15], current_reward=0.0500104029908357
2025-08-18 17:20:29,833 - INFO [ENV 6] - A0100 launch mission! Total Steps=4, obs=[ 1.60337016e+00 -1.46566049e-01  9.89200886e-01 -2.98127105e-02
  9.99555502e-01  8.72588490e-01  1.02472608e-02  1.82956497e-03
  6.10754372e-01  1.20864323e-02  4.20180846e-03  3.24789888e-02
  1.57078947e+00  2.97985943e+00  1.00000000e+00  0.00000000e+00
  0.00000000e+00  0.00000000e+00  0.00000000e+00  0.00000000e+00
  0.00000000e+00], state=[ 1.19999996e+02  6.00021431e+01  8.01685082e+03  2.39064469e+02
 -2.04253985e-01  8.01684635e+03  2.96565392e+02 -6.88932291e-01
  8.94947931e+00  1.20000000e+02  6.02692646e+01  8.02105263e+03
  3.00375848e+04 -3.63797881e-12  7.95047040e+03  3.05114798e-14
  3.00789474e+02  7.24962408e-15], current_reward=0.07373692068745008
2025-08-18 17:20:29,834 - INFO [ENV 1] - A0100 launch mission! Total Steps=1, obs=[ 1.60418051e+00  9.52220309e-02  9.95456059e-01 -2.28531763e-02
  9.99738832e-01  8.82060338e-01 -4.38003711e-03 -1.37394158e-02
  6.18096289e-01  2.61458430e-03  1.50096429e-04  9.22884771e-03
  1.57079609e+00  2.99775993e+00  1.00000000e+00  0.00000000e+00
  0.00000000e+00  0.00000000e+00  0.00000000e+00  0.00000000e+00
  0.00000000e+00], state=[ 1.20000000e+02  6.00005385e+01  8.02090254e+03  6.00682693e+01
 -7.15750966e-03  8.02090225e+03  2.99933493e+02 -4.89221245e-02
  2.06295022e+00  1.20000000e+02  6.02692646e+01  8.02105263e+03
  3.00375848e+04 -3.63797881e-12  7.95047040e+03  3.05114798e-14
  3.00789474e+02  7.24962408e-15], current_reward=0
2025-08-18 17:20:29,838 - INFO [ENV 0] - render_result: {'enm_distance': 30000, 'enm_alt': 26315.78947368421, 'enm_lat': 60.26926459981188, 'enm_lon': 120.0, 'enm_speed': 986.8421052631579, 'enm_heading': 90, 'ego_alt': 26315.78947368421, 'ego_lat': 60, 'ego_lon': 120, 'ego_speed': 986.8421052631579, 'ego_heading': 0, 'enm_angle': 0, 'success': False, 'reward': -7.340072059165763, 'total_steps': 302}
2025-08-18 17:20:29,838 - CRITICAL [ENV 0] - [Episode #2121] Result: both_alive
2025-08-18 17:20:29,891 - INFO [ENV 0] - A0100 launch mission! Total Steps=1, obs=[ 1.60419770e+00  9.48481368e-02  9.95491753e-01  1.64098532e-02
  9.99865349e-01  8.85333863e-01 -2.89572501e-03  1.63957253e-02
  6.20694904e-01 -6.58940404e-04  6.41180885e-05  4.06544208e-03
  1.57079615e+00  2.99774862e+00 -1.00000000e+00  0.00000000e+00
  0.00000000e+00  0.00000000e+00  0.00000000e+00  0.00000000e+00
  0.00000000e+00], state=[ 1.20000000e+02  6.00005395e+01  8.02098851e+03  6.01815028e+01
 -5.41275660e-03  8.02098823e+03  3.01066295e+02  1.00318432e-02
  5.15710525e-01  1.20000000e+02  6.02692646e+01  8.02105263e+03
  3.00375848e+04 -3.63797881e-12  7.95047040e+03  3.05114798e-14
  3.00789474e+02  7.24962408e-15], current_reward=0
2025-08-18 17:20:29,893 - INFO [ENV 2] - A0100 launch mission! Total Steps=2, obs=[ 1.60411421e+00  7.26845016e-02  9.97354984e-01 -3.44486597e-02
  9.99406469e-01  8.85437352e-01  6.22881195e-05 -2.26308801e-02
  6.20893552e-01 -7.62429600e-04  4.81597689e-04  1.13179854e-02
  1.57079653e+00  2.99172504e+00 -1.00000000e+00  0.00000000e+00
  0.00000000e+00  0.00000000e+00  0.00000000e+00  0.00000000e+00
  0.00000000e+00], state=[ 1.20000000e+02  6.00010795e+01  8.02057103e+03  1.20416553e+02
  6.10799020e-03  8.02056990e+03  3.01134888e+02  1.81749644e-02
  2.70267028e+00  1.20000000e+02  6.02692646e+01  8.02105263e+03
  3.00375848e+04 -3.63797881e-12  7.95047040e+03  3.05114798e-14
  3.00789474e+02  7.24962408e-15], current_reward=0.02496623313153634
2025-08-18 17:20:29,894 - INFO [ENV 5] - render_result: {'enm_distance': 30000, 'enm_alt': 26315.78947368421, 'enm_lat': 60.26926459981188, 'enm_lon': 120.0, 'enm_speed': 986.8421052631579, 'enm_heading': 90, 'ego_alt': 26315.78947368421, 'ego_lat': 60, 'ego_lon': 120, 'ego_speed': 986.8421052631579, 'ego_heading': 0, 'enm_angle': 0, 'success': False, 'reward': -12.7192358230431, 'total_steps': 306}
2025-08-18 17:20:29,896 - CRITICAL [ENV 5] - [Episode #2122] Result: both_alive
2025-08-18 17:20:29,896 - INFO [ENV 7] - render_result: {'enm_distance': 30000, 'enm_alt': 26315.78947368421, 'enm_lat': 60.26926459981188, 'enm_lon': 120.0, 'enm_speed': 986.8421052631579, 'enm_heading': 90, 'ego_alt': 26315.78947368421, 'ego_lat': 60, 'ego_lon': 120, 'ego_speed': 986.8421052631579, 'ego_heading': 0, 'enm_angle': 0, 'success': False, 'reward': -8.566967960478308, 'total_steps': 307}
2025-08-18 17:20:29,897 - CRITICAL [ENV 7] - [Episode #2122] Result: both_alive
2025-08-18 17:20:29,953 - INFO [ENV 5] - A0100 launch mission! Total Steps=1, obs=[ 1.60418051e+00  9.52220309e-02  9.95456059e-01 -2.28531763e-02
  9.99738832e-01  8.82060338e-01 -4.38003711e-03 -1.37394158e-02
  6.18096289e-01  2.61458430e-03  1.50096429e-04  9.22884771e-03
  1.57079609e+00  2.99775993e+00  1.00000000e+00  0.00000000e+00
  0.00000000e+00  0.00000000e+00  0.00000000e+00  0.00000000e+00
  0.00000000e+00], state=[ 1.20000000e+02  6.00005385e+01  8.02090254e+03  6.00682693e+01
 -7.15750966e-03  8.02090225e+03  2.99933493e+02 -4.89221245e-02
  2.06295022e+00  1.20000000e+02  6.02692646e+01  8.02105263e+03
  3.00375848e+04 -3.63797881e-12  7.95047040e+03  3.05114798e-14
  3.00789474e+02  7.24962408e-15], current_reward=0
2025-08-18 17:20:29,953 - INFO [ENV 14] - render_result: {'enm_distance': 30000, 'enm_alt': 26315.78947368421, 'enm_lat': 60.26926459981188, 'enm_lon': 120.0, 'enm_speed': 986.8421052631579, 'enm_heading': 90, 'ego_alt': 26315.78947368421, 'ego_lat': 60, 'ego_lon': 120, 'ego_speed': 986.8421052631579, 'ego_heading': 0, 'enm_angle': 0, 'success': False, 'reward': -17.94363315600734, 'total_steps': 302}
2025-08-18 17:20:29,953 - CRITICAL [ENV 14] - [Episode #2123] Result: both_alive
2025-08-18 17:20:29,955 - INFO [ENV 13] - render_result: {'enm_distance': 30000, 'enm_alt': 26315.78947368421, 'enm_lat': 60.26926459981188, 'enm_lon': 120.0, 'enm_speed': 986.8421052631579, 'enm_heading': 90, 'ego_alt': 26315.78947368421, 'ego_lat': 60, 'ego_lon': 120, 'ego_speed': 986.8421052631579, 'ego_heading': 0, 'enm_angle': 0, 'success': False, 'reward': -7.02490020657638, 'total_steps': 302}
2025-08-18 17:20:29,955 - INFO [ENV 9] - render_result: {'enm_distance': 30000, 'enm_alt': 26315.78947368421, 'enm_lat': 60.26926459981188, 'enm_lon': 120.0, 'enm_speed': 986.8421052631579, 'enm_heading': 90, 'ego_alt': 26315.78947368421, 'ego_lat': 60, 'ego_lon': 120, 'ego_speed': 986.8421052631579, 'ego_heading': 0, 'enm_angle': 0, 'success': False, 'reward': -7.374001608321599, 'total_steps': 303}
2025-08-18 17:20:29,955 - CRITICAL [ENV 9] - [Episode #2123] Result: both_alive
2025-08-18 17:20:29,955 - CRITICAL [ENV 13] - [Episode #2123] Result: both_alive
2025-08-18 17:20:29,965 - INFO [ENV 15] - render_result: {'enm_distance': 30000, 'enm_alt': 26315.78947368421, 'enm_lat': 60.26926459981188, 'enm_lon': 120.0, 'enm_speed': 986.8421052631579, 'enm_heading': 90, 'ego_alt': 26315.78947368421, 'ego_lat': 60, 'ego_lon': 120, 'ego_speed': 986.8421052631579, 'ego_heading': 0, 'enm_angle': 0, 'success': False, 'reward': -8.227390833659808, 'total_steps': 302}
2025-08-18 17:20:29,965 - INFO [ENV 12] - render_result: {'enm_distance': 30000, 'enm_alt': 26315.78947368421, 'enm_lat': 60.26926459981188, 'enm_lon': 120.0, 'enm_speed': 986.8421052631579, 'enm_heading': 90, 'ego_alt': 26315.78947368421, 'ego_lat': 60, 'ego_lon': 120, 'ego_speed': 986.8421052631579, 'ego_heading': 0, 'enm_angle': 0, 'success': False, 'reward': -7.1364599293225055, 'total_steps': 303}
2025-08-18 17:20:29,965 - CRITICAL [ENV 15] - [Episode #2123] Result: both_alive
2025-08-18 17:20:29,965 - CRITICAL [ENV 12] - [Episode #2123] Result: both_alive
2025-08-18 17:20:30,015 - INFO [ENV 14] - A0100 launch mission! Total Steps=1, obs=[ 1.60420064e+00 -9.46398156e-02  9.95511580e-01 -2.28045348e-02
  9.99739943e-01  8.80877092e-01  4.95468340e-03 -1.80817285e-02
  6.17228557e-01  3.79783092e-03  4.94176549e-05  4.19527087e-03
  1.57079656e+00  2.99776236e+00 -1.00000000e+00  0.00000000e+00
  0.00000000e+00  0.00000000e+00  0.00000000e+00  0.00000000e+00
  0.00000000e+00], state=[ 1.20000000e+02  6.00005383e+01  8.02100321e+03  6.00441560e+01
  7.03660062e-03  8.02100293e+03  2.99565530e+02  2.07163823e-03
  5.51927102e-01  1.20000000e+02  6.02692646e+01  8.02105263e+03
  3.00375848e+04 -3.63797881e-12  7.95047040e+03  3.05114798e-14
  3.00789474e+02  7.24962408e-15], current_reward=0
2025-08-18 17:20:30,017 - INFO [ENV 9] - A0100 launch mission! Total Steps=1, obs=[ 1.60420033e+00 -9.57519454e-02  9.95405227e-01 -2.37016796e-02
  9.99719076e-01  8.84750668e-01  4.58614374e-03 -1.89068573e-02
  6.20281315e-01 -7.57456554e-05  5.09779578e-05  4.29229417e-03
  1.57079653e+00  2.99774977e+00  1.00000000e+00  0.00000000e+00
  0.00000000e+00  0.00000000e+00  0.00000000e+00  0.00000000e+00
  0.00000000e+00], state=[ 1.20000000e+02  6.00005394e+01  8.02100165e+03  6.01700473e+01
  6.01982986e-03  8.02100137e+03  3.00887380e+02 -3.38201658e-03
  5.83565963e-01  1.20000000e+02  6.02692646e+01  8.02105263e+03
  3.00375848e+04 -3.63797881e-12  7.95047040e+03  3.05114798e-14
  3.00789474e+02  7.24962408e-15], current_reward=0
2025-08-18 17:20:30,018 - INFO [ENV 13] - A0100 launch mission! Total Steps=1, obs=[ 1.60421697e+00 -6.03394972e-02  9.98177913e-01  1.65424746e-02
  9.99863164e-01  8.84634281e-01  1.81132060e-03  1.23692260e-02
  6.20088632e-01  4.06415510e-05 -3.22410428e-05  3.80869457e-04
  1.57079641e+00  2.99775038e+00  1.00000000e+00  0.00000000e+00
  0.00000000e+00  0.00000000e+00  0.00000000e+00  0.00000000e+00
  0.00000000e+00], state=[ 1.20000000e+02  6.00005393e+01  8.02108487e+03  6.01641231e+01
  2.53649508e-03  8.02108459e+03  3.00804578e+02 -4.13385108e-02
 -8.15429006e-01  1.20000000e+02  6.02692646e+01  8.02105263e+03
  3.00375848e+04 -3.63797881e-12  7.95047040e+03  3.05114798e-14
  3.00789474e+02  7.24962408e-15], current_reward=0
2025-08-18 17:20:30,018 - INFO [ENV 11] - render_result: {'enm_distance': 30000, 'enm_alt': 26315.78947368421, 'enm_lat': 60.26926459981188, 'enm_lon': 120.0, 'enm_speed': 986.8421052631579, 'enm_heading': 90, 'ego_alt': 26315.78947368421, 'ego_lat': 60, 'ego_lon': 120, 'ego_speed': 986.8421052631579, 'ego_heading': 0, 'enm_angle': 0, 'success': False, 'reward': -9.586435010472243, 'total_steps': 302}
2025-08-18 17:20:30,018 - CRITICAL [ENV 11] - [Episode #2124] Result: both_alive
2025-08-18 17:20:30,078 - INFO [ENV 12] - A0100 launch mission! Total Steps=2, obs=[ 1.60433077e+00 -1.95363052e-01  9.80730992e-01  9.60578398e-02
  9.95375754e-01  8.81141518e-01 -5.07277895e-03  7.10560125e-02
  6.19516103e-01  3.53340496e-03 -6.01198462e-04  1.42044277e-02
  1.57079293e+00  2.99173824e+00  1.00000000e+00  0.00000000e+00
  0.00000000e+00  0.00000000e+00  0.00000000e+00  0.00000000e+00
  0.00000000e+00], state=[ 1.19999998e+02  6.00010783e+01  8.02165383e+03  1.20287104e+02
 -1.01579917e-01  8.02165270e+03  3.00524562e+02 -1.02785803e+00
 -4.85843525e+00  1.20000000e+02  6.02692646e+01  8.02105263e+03
  3.00375848e+04 -3.63797881e-12  7.95047040e+03  3.05114798e-14
  3.00789474e+02  7.24962408e-15], current_reward=0.024891896396910695
2025-08-18 17:20:30,153 - INFO [ENV 7] - A0100 launch mission! Total Steps=5, obs=[ 1.60388624e+00 -1.25237787e-01  9.92126754e-01 -1.49508285e-02
  9.99888230e-01  8.74572656e-01  2.65466105e-03 -1.44749402e-02
  6.12276068e-01  1.01022661e-02  1.62145491e-03  2.50625867e-03
  1.57078965e+00  2.97383073e+00  1.00000000e+00  0.00000000e+00
  0.00000000e+00  0.00000000e+00  0.00000000e+00  0.00000000e+00
  0.00000000e+00], state=[ 1.19999996e+02  6.00026836e+01  8.01943118e+03  2.99357463e+02
 -1.98629864e-01  8.01942417e+03  2.97395394e+02 -7.30089242e-01
 -5.49511815e-01  1.20000000e+02  6.02692646e+01  8.02105263e+03
  3.00375848e+04 -3.63797881e-12  7.95047040e+03  3.05114798e-14
  3.00789474e+02  7.24962408e-15], current_reward=0.10099658851129689
2025-08-18 17:20:30,233 - INFO [ENV 11] - A0100 launch mission! Total Steps=5, obs=[ 1.60561042 -0.16325157  0.98658447  0.14930494  0.9887912   0.86697063
 -0.01090043  0.075673    0.60859619  0.01770429 -0.00699948  0.05940535
  1.57079567  2.97384876  1.          0.          0.          0.
  0.          0.          0.        ], state=[ 1.20000000e+02  6.00026821e+01  8.02805211e+03  2.99198427e+02
 -1.95864585e-02  8.02804511e+03  2.95345205e+02 -9.51375505e-01
 -1.83132336e+01  1.20000000e+02  6.02692646e+01  8.02105263e+03
  3.00375848e+04 -3.63797881e-12  7.95047040e+03  3.05114798e-14
  3.00789474e+02  7.24962408e-15], current_reward=0.09558310645510737
2025-08-18 17:20:30,414 - INFO [ENV 15] - A0100 launch mission! Total Steps=11, obs=[ 1.59869596  0.14575155  0.98932122  0.01201609  0.9999278   0.86370095
 -0.0187388   0.0768079   0.60730042  0.02097397  0.02757285  0.07448042
  1.5707902   2.93850703 -1.          0.          0.          0.
  0.          0.          0.        ], state=[ 1.19999997e+02  6.00058497e+01  7.99347978e+03  6.52545975e+02
 -1.80076701e-01  7.99344647e+03  2.94100072e+02  2.44153911e+00
  2.13767796e+01  1.20000000e+02  6.02692646e+01  8.02105263e+03
  3.00375848e+04 -3.63797881e-12  7.95047040e+03  3.05114798e-14
  3.00789474e+02  7.24962408e-15], current_reward=0.24080630874879816
2025-08-18 17:20:30,418 - INFO [ENV 8] - render_result: {'enm_distance': 30000, 'enm_alt': 26315.78947368421, 'enm_lat': 60.26926459981188, 'enm_lon': 120.0, 'enm_speed': 986.8421052631579, 'enm_heading': 90, 'ego_alt': 26315.78947368421, 'ego_lat': 60, 'ego_lon': 120, 'ego_speed': 986.8421052631579, 'ego_heading': 0, 'enm_angle': 0, 'success': False, 'reward': -7.443033687162387, 'total_steps': 302}
2025-08-18 17:20:30,419 - CRITICAL [ENV 8] - [Episode #2134] Result: both_alive
2025-08-18 17:20:30,480 - INFO [ENV 8] - A0100 launch mission! Total Steps=1, obs=[ 1.60418051e+00  9.52220309e-02  9.95456059e-01 -2.28531763e-02
  9.99738832e-01  8.82060338e-01 -4.38003711e-03 -1.37394158e-02
  6.18096289e-01  2.61458430e-03  1.50096429e-04  9.22884771e-03
  1.57079609e+00  2.99775993e+00  1.00000000e+00  0.00000000e+00
  0.00000000e+00  0.00000000e+00  0.00000000e+00  0.00000000e+00
  0.00000000e+00], state=[ 1.20000000e+02  6.00005385e+01  8.02090254e+03  6.00682693e+01
 -7.15750966e-03  8.02090225e+03  2.99933493e+02 -4.89221245e-02
  2.06295022e+00  1.20000000e+02  6.02692646e+01  8.02105263e+03
  3.00375848e+04 -3.63797881e-12  7.95047040e+03  3.05114798e-14
  3.00789474e+02  7.24962408e-15], current_reward=0
2025-08-18 17:20:40,819 - INFO [ENV 3] - render_result: {'enm_distance': 30000, 'enm_alt': 26315.78947368421, 'enm_lat': 60.26926459981188, 'enm_lon': 120.0, 'enm_speed': 986.8421052631579, 'enm_heading': 90, 'ego_alt': 26315.78947368421, 'ego_lat': 60, 'ego_lon': 120, 'ego_speed': 986.8421052631579, 'ego_heading': 0, 'enm_angle': 0, 'success': False, 'reward': -15.769782212806557, 'total_steps': 303}
2025-08-18 17:20:40,820 - CRITICAL [ENV 3] - [Episode #2418] Result: both_alive
2025-08-18 17:20:40,878 - INFO [ENV 3] - A0100 launch mission! Total Steps=1, obs=[ 1.60420921e+00 -9.46186423e-02  9.95513592e-01 -3.64734101e-03
  9.99993348e-01  8.85105734e-01  4.15187968e-03 -3.34047015e-03
  6.20403454e-01 -4.30811366e-04  6.59848782e-06  1.80219415e-03
  1.57079653e+00  2.99774940e+00  1.00000000e+00  0.00000000e+00
  0.00000000e+00  0.00000000e+00  0.00000000e+00  0.00000000e+00
  0.00000000e+00], state=[ 1.20000000e+02  6.00005394e+01  8.02104603e+03  6.01739060e+01
  6.10875254e-03  8.02104575e+03  3.00941357e+02 -2.24375371e-02
 -1.66607304e-01  1.20000000e+02  6.02692646e+01  8.02105263e+03
  3.00375848e+04 -3.63797881e-12  7.95047040e+03  3.05114798e-14
  3.00789474e+02  7.24962408e-15], current_reward=0
2025-08-18 17:20:40,957 - INFO [ENV 4] - render_result: {'enm_distance': 30000, 'enm_alt': 26315.78947368421, 'enm_lat': 60.26926459981188, 'enm_lon': 120.0, 'enm_speed': 986.8421052631579, 'enm_heading': 90, 'ego_alt': 26315.78947368421, 'ego_lat': 60, 'ego_lon': 120, 'ego_speed': 986.8421052631579, 'ego_heading': 0, 'enm_angle': 0, 'success': False, 'reward': 15.063666486757867, 'total_steps': 304}
2025-08-18 17:20:40,958 - CRITICAL [ENV 4] - [Episode #2421] Result: both_alive
2025-08-18 17:20:41,017 - INFO [ENV 4] - A0100 launch mission! Total Steps=1, obs=[ 1.60419480e+00 -1.75202718e-02  9.99846508e-01 -2.36196396e-02
  9.99721017e-01  8.85178258e-01 -9.15881088e-04 -1.76092327e-02
  6.20588075e-01 -5.03335574e-04  7.86199990e-05  6.10414015e-03
  1.57079626e+00  2.99774911e+00  1.00000000e+00  0.00000000e+00
  0.00000000e+00  0.00000000e+00  0.00000000e+00  0.00000000e+00
  0.00000000e+00], state=[ 1.20000000e+02  6.00005394e+01  8.02097401e+03  6.01765838e+01
 -1.98445458e-03  8.02097373e+03  3.01018196e+02 -8.38846790e-03
  1.12948530e+00  1.20000000e+02  6.02692646e+01  8.02105263e+03
  3.00375848e+04 -3.63797881e-12  7.95047040e+03  3.05114798e-14
  3.00789474e+02  7.24962408e-15], current_reward=0
2025-08-18 17:20:41,020 - INFO [ENV 10] - render_result: {'enm_distance': 30000, 'enm_alt': 26315.78947368421, 'enm_lat': 60.26926459981188, 'enm_lon': 120.0, 'enm_speed': 986.8421052631579, 'enm_heading': 90, 'ego_alt': 26315.78947368421, 'ego_lat': 60, 'ego_lon': 120, 'ego_speed': 986.8421052631579, 'ego_heading': 0, 'enm_angle': 0, 'success': False, 'reward': 13.67977452461409, 'total_steps': 304}
2025-08-18 17:20:41,021 - CRITICAL [ENV 10] - [Episode #2422] Result: both_alive
2025-08-18 17:20:41,022 - INFO [ENV 1] - render_result: {'enm_distance': 30000, 'enm_alt': 26315.78947368421, 'enm_lat': 60.26926459981188, 'enm_lon': 120.0, 'enm_speed': 986.8421052631579, 'enm_heading': 90, 'ego_alt': 26315.78947368421, 'ego_lat': 60, 'ego_lon': 120, 'ego_speed': 986.8421052631579, 'ego_heading': 0, 'enm_angle': 0, 'success': False, 'reward': -8.91701412714075, 'total_steps': 302}
2025-08-18 17:20:41,022 - CRITICAL [ENV 1] - [Episode #2422] Result: both_alive
2025-08-18 17:20:41,022 - INFO [ENV 6] - render_result: {'enm_distance': 30000, 'enm_alt': 26315.78947368421, 'enm_lat': 60.26926459981188, 'enm_lon': 120.0, 'enm_speed': 986.8421052631579, 'enm_heading': 90, 'ego_alt': 26315.78947368421, 'ego_lat': 60, 'ego_lon': 120, 'ego_speed': 986.8421052631579, 'ego_heading': 0, 'enm_angle': 0, 'success': False, 'reward': -7.442919463251215, 'total_steps': 305}
2025-08-18 17:20:41,023 - CRITICAL [ENV 6] - [Episode #2422] Result: both_alive
2025-08-18 17:20:41,083 - INFO [ENV 6] - A0100 launch mission! Total Steps=1, obs=[ 1.60421062e+00 -6.02781035e-02  9.98181622e-01  8.96919185e-04
  9.99999598e-01  8.81499249e-01  2.14338946e-03  4.82081332e-04
  6.17560827e-01  3.17567398e-03 -4.57774338e-07  1.85805532e-03
  1.57079643e+00  2.99776148e+00  1.00000000e+00  0.00000000e+00
  0.00000000e+00  0.00000000e+00  0.00000000e+00  0.00000000e+00
  0.00000000e+00], state=[ 1.20000000e+02  6.00005383e+01  8.02105309e+03  6.00530461e+01
  3.23824726e-03  8.02105281e+03  2.99710638e+02 -1.95490446e-02
 -1.49133675e-01  1.20000000e+02  6.02692646e+01  8.02105263e+03
  3.00375848e+04 -3.63797881e-12  7.95047040e+03  3.05114798e-14
  3.00789474e+02  7.24962408e-15], current_reward=0
2025-08-18 17:20:41,088 - INFO [ENV 0] - render_result: {'enm_distance': 30000, 'enm_alt': 26315.78947368421, 'enm_lat': 60.26926459981188, 'enm_lon': 120.0, 'enm_speed': 986.8421052631579, 'enm_heading': 90, 'ego_alt': 26315.78947368421, 'ego_lat': 60, 'ego_lon': 120, 'ego_speed': 986.8421052631579, 'ego_heading': 0, 'enm_angle': 0, 'success': False, 'reward': -19.97470701864782, 'total_steps': 302}
2025-08-18 17:20:41,088 - CRITICAL [ENV 0] - [Episode #2423] Result: both_alive
2025-08-18 17:20:41,089 - INFO [ENV 2] - render_result: {'enm_distance': 30000, 'enm_alt': 26315.78947368421, 'enm_lat': 60.26926459981188, 'enm_lon': 120.0, 'enm_speed': 986.8421052631579, 'enm_heading': 90, 'ego_alt': 26315.78947368421, 'ego_lat': 60, 'ego_lon': 120, 'ego_speed': 986.8421052631579, 'ego_heading': 0, 'enm_angle': 0, 'success': False, 'reward': -7.94508530609372, 'total_steps': 303}
2025-08-18 17:20:41,089 - CRITICAL [ENV 2] - [Episode #2423] Result: both_alive
2025-08-18 17:20:41,148 - INFO [ENV 10] - A0100 launch mission! Total Steps=2, obs=[ 1.60408128e+00  5.75274893e-02  9.98343923e-01 -7.07759146e-02
  9.97492241e-01  8.83706611e-01 -8.41868707e-03 -4.72415668e-02
  6.20334509e-01  9.68311877e-04  6.46248382e-04  1.93066910e-02
  1.57079623e+00  2.99173018e+00 -1.00000000e+00  0.00000000e+00
  0.00000000e+00  0.00000000e+00  0.00000000e+00  0.00000000e+00
  0.00000000e+00], state=[ 1.20000000e+02  6.00010790e+01  8.02040638e+03  1.20364756e+02
 -2.98822877e-03  8.02040525e+03  3.00859563e+02  1.62440420e-02
  5.10577843e+00  1.20000000e+02  6.02692646e+01  8.02105263e+03
  3.00375848e+04 -3.63797881e-12  7.95047040e+03  3.05114798e-14
  3.00789474e+02  7.24962408e-15], current_reward=0.02496468105800176
2025-08-18 17:20:41,149 - INFO [ENV 5] - render_result: {'enm_distance': 30000, 'enm_alt': 26315.78947368421, 'enm_lat': 60.26926459981188, 'enm_lon': 120.0, 'enm_speed': 986.8421052631579, 'enm_heading': 90, 'ego_alt': 26315.78947368421, 'ego_lat': 60, 'ego_lon': 120, 'ego_speed': 986.8421052631579, 'ego_heading': 0, 'enm_angle': 0, 'success': False, 'reward': -7.435279732498184, 'total_steps': 302}
2025-08-18 17:20:41,149 - CRITICAL [ENV 5] - [Episode #2424] Result: both_alive
2025-08-18 17:20:41,215 - INFO [ENV 9] - render_result: {'enm_distance': 30000, 'enm_alt': 26315.78947368421, 'enm_lat': 60.26926459981188, 'enm_lon': 120.0, 'enm_speed': 986.8421052631579, 'enm_heading': 90, 'ego_alt': 26315.78947368421, 'ego_lat': 60, 'ego_lon': 120, 'ego_speed': 986.8421052631579, 'ego_heading': 0, 'enm_angle': 0, 'success': False, 'reward': -8.993959322330525, 'total_steps': 302}
2025-08-18 17:20:41,216 - CRITICAL [ENV 9] - [Episode #2425] Result: both_alive
2025-08-18 17:20:41,219 - INFO [ENV 13] - render_result: {'enm_distance': 30000, 'enm_alt': 26315.78947368421, 'enm_lat': 60.26926459981188, 'enm_lon': 120.0, 'enm_speed': 986.8421052631579, 'enm_heading': 90, 'ego_alt': 26315.78947368421, 'ego_lat': 60, 'ego_lon': 120, 'ego_speed': 986.8421052631579, 'ego_heading': 0, 'enm_angle': 0, 'success': False, 'reward': -7.079260292202836, 'total_steps': 302}
2025-08-18 17:20:41,219 - CRITICAL [ENV 13] - [Episode #2425] Result: both_alive
2025-08-18 17:20:41,219 - INFO [ENV 14] - render_result: {'enm_distance': 30000, 'enm_alt': 26315.78947368421, 'enm_lat': 60.26926459981188, 'enm_lon': 120.0, 'enm_speed': 986.8421052631579, 'enm_heading': 90, 'ego_alt': 26315.78947368421, 'ego_lat': 60, 'ego_lon': 120, 'ego_speed': 986.8421052631579, 'ego_heading': 0, 'enm_angle': 0, 'success': False, 'reward': -7.965620813824838, 'total_steps': 302}
2025-08-18 17:20:41,219 - CRITICAL [ENV 14] - [Episode #2425] Result: both_alive
2025-08-18 17:20:41,274 - INFO [ENV 2] - A0100 launch mission! Total Steps=3, obs=[ 1.60411530e+00 -6.88962392e-03  9.99976266e-01 -6.80398040e-02
  9.97682607e-01  8.80509262e-01 -1.32791195e-02 -4.61778206e-02
  6.17824774e-01  4.16566043e-03  4.76123828e-04  1.81476790e-02
  1.57079410e+00  2.98574017e+00 -1.00000000e+00  0.00000000e+00
  0.00000000e+00  0.00000000e+00  0.00000000e+00  0.00000000e+00
  0.00000000e+00], state=[ 1.19999999e+02  6.00016160e+01  8.02057651e+03  1.80265426e+02
 -6.65962397e-02  8.02057397e+03  2.99781142e+02  5.11654370e-02
  4.73662117e+00  1.20000000e+02  6.02692646e+01  8.02105263e+03
  3.00375848e+04 -3.63797881e-12  7.95047040e+03  3.05114798e-14
  3.00789474e+02  7.24962408e-15], current_reward=0.05015752707611654
2025-08-18 17:20:41,274 - INFO [ENV 14] - A0100 launch mission! Total Steps=1, obs=[ 1.60418884e+00  4.76570428e-02  9.98863758e-01 -7.21326485e-03
  9.99973984e-01  8.85666699e-01 -7.96280256e-05 -2.85316801e-03
  6.20838445e-01 -9.91776106e-04  1.08454865e-04  6.34255315e-03
  1.57079638e+00  2.99774834e+00 -1.00000000e+00  0.00000000e+00
  0.00000000e+00  0.00000000e+00  0.00000000e+00  0.00000000e+00
  0.00000000e+00], state=[ 1.20000000e+02  6.00005395e+01  8.02094418e+03  6.01842014e+01
  1.46291632e-03  8.02094389e+03  3.01125842e+02  2.26742775e-02
  1.20186660e+00  1.20000000e+02  6.02692646e+01  8.02105263e+03
  3.00375848e+04 -3.63797881e-12  7.95047040e+03  3.05114798e-14
  3.00789474e+02  7.24962408e-15], current_reward=0
2025-08-18 17:20:41,274 - INFO [ENV 1] - A0100 launch mission! Total Steps=4, obs=[ 1.60473232e+00 -1.23321446e-02  9.99923956e-01  2.02338855e-02
  9.99795274e-01  8.85187409e-01 -6.26720984e-03 -4.50811605e-03
  6.20399408e-01 -5.12486529e-04 -2.60894490e-03  2.35616616e-02
  1.57081958e+00  2.97969129e+00 -1.00000000e+00  0.00000000e+00
  0.00000000e+00  0.00000000e+00  0.00000000e+00  0.00000000e+00
  0.00000000e+00], state=[ 1.20000012e+02  6.00021583e+01  8.02366158e+03  2.40761780e+02
  6.92970798e-01  8.02365704e+03  3.00873919e+02  1.80004568e+00
 -7.59572197e+00  1.20000000e+02  6.02692646e+01  8.02105263e+03
  3.00375848e+04 -3.63797881e-12  7.95047040e+03  3.05114798e-14
  3.00789474e+02  7.24962408e-15], current_reward=0.0740751752729416
2025-08-18 17:20:41,274 - INFO [ENV 9] - A0100 launch mission! Total Steps=1, obs=[ 1.60421289e+00 -9.44869103e-02  9.95526104e-01  3.44156370e-03
  9.99994078e-01  8.85036615e-01  3.78771550e-03  2.16352835e-03
  6.20344413e-01 -3.61691926e-04 -1.18156601e-05  9.47405474e-04
  1.57079652e+00  2.99774972e+00  1.00000000e+00  0.00000000e+00
  0.00000000e+00  0.00000000e+00  0.00000000e+00  0.00000000e+00
  0.00000000e+00], state=[ 1.20000000e+02  6.00005394e+01  8.02106445e+03  6.01706753e+01
  5.87429650e-03  8.02106416e+03  3.00915802e+02 -2.87848860e-02
 -4.24986776e-01  1.20000000e+02  6.02692646e+01  8.02105263e+03
  3.00375848e+04 -3.63797881e-12  7.95047040e+03  3.05114798e-14
  3.00789474e+02  7.24962408e-15], current_reward=0
2025-08-18 17:20:41,274 - INFO [ENV 5] - A0100 launch mission! Total Steps=2, obs=[ 1.60433768e+00 -1.94115967e-01  9.80978589e-01  1.09600775e-01
  9.93975689e-01  8.78588834e-01 -4.88337377e-03  8.16395636e-02
  6.18235766e-01  6.08608856e-03 -6.35755380e-04  1.59164071e-02
  1.57079276e+00  2.99174379e+00  1.00000000e+00  0.00000000e+00
  0.00000000e+00  0.00000000e+00  0.00000000e+00  0.00000000e+00
  0.00000000e+00], state=[ 1.19999998e+02  6.00010778e+01  8.02168839e+03  1.20231626e+02
 -1.06798230e-01  8.02168726e+03  2.99961763e+02 -1.12542424e+00
 -5.35418054e+00  1.20000000e+02  6.02692646e+01  8.02105263e+03
  3.00375848e+04 -3.63797881e-12  7.95047040e+03  3.05114798e-14
  3.00789474e+02  7.24962408e-15], current_reward=0.024891649200583288
2025-08-18 17:20:41,276 - INFO [ENV 12] - render_result: {'enm_distance': 30000, 'enm_alt': 26315.78947368421, 'enm_lat': 60.26926459981188, 'enm_lon': 120.0, 'enm_speed': 986.8421052631579, 'enm_heading': 90, 'ego_alt': 26315.78947368421, 'ego_lat': 60, 'ego_lon': 120, 'ego_speed': 986.8421052631579, 'ego_heading': 0, 'enm_angle': 0, 'success': False, 'reward': 15.904471309699677, 'total_steps': 303}
0e+00
  0.00000000e+00], state=[ 1.20000000e+02  6.00005393e+01  8.02108487e+03  6.01641231e+01
  2.53649508e-03  8.02108459e+03  3.00804578e+02 -4.13385108e-02
 -8.15429006e-01  1.20000000e+02  6.02692646e+01  8.02105263e+03
  3.00375848e+04 -3.63797881e-12  7.95047040e+03  3.05114798e-14
  3.00789474e+02  7.24962408e-15], current_reward=0
2025-08-18 17:20:41,285 - CRITICAL [ENV 12] - [Episode #2426] Result: both_alive
2025-08-18 17:20:41,339 - INFO [ENV 12] - A0100 launch mission! Total Steps=1, obs=[ 1.60421289e+00 -9.44869103e-02  9.95526104e-01  3.44156370e-03
  9.99994078e-01  8.85036615e-01  3.78771550e-03  2.16352835e-03
  6.20344413e-01 -3.61691926e-04 -1.18156601e-05  9.47405474e-04
  1.57079652e+00  2.99774972e+00  1.00000000e+00  0.00000000e+00
  0.00000000e+00  0.00000000e+00  0.00000000e+00  0.00000000e+00
  0.00000000e+00], state=[ 1.20000000e+02  6.00005394e+01  8.02106445e+03  6.01706753e+01
  5.87429650e-03  8.02106416e+03  3.00915802e+02 -2.87848860e-02
 -4.24986776e-01  1.20000000e+02  6.02692646e+01  8.02105263e+03
  3.00375848e+04 -3.63797881e-12  7.95047040e+03  3.05114798e-14
  3.00789474e+02  7.24962408e-15], current_reward=0
2025-08-18 17:20:41,381 - INFO [ENV 7] - render_result: {'enm_distance': 30000, 'enm_alt': 26315.78947368421, 'enm_lat': 60.26926459981188, 'enm_lon': 120.0, 'enm_speed': 986.8421052631579, 'enm_heading': 90, 'ego_alt': 26315.78947368421, 'ego_lat': 60, 'ego_lon': 120, 'ego_speed': 986.8421052631579, 'ego_heading': 0, 'enm_angle': 0, 'success': False, 'reward': 16.28999628762236, 'total_steps': 306}
2025-08-18 17:20:41,381 - CRITICAL [ENV 7] - [Episode #2428] Result: both_alive
2025-08-18 17:20:41,440 - INFO [ENV 0] - A0100 launch mission! Total Steps=6, obs=[ 1.60594783e+00 -2.81692288e-01  9.59504797e-01  1.28703184e-03
  9.99999172e-01  8.77484596e-01  3.16322377e-03 -4.08843871e-02
  6.14889932e-01  7.19032685e-03 -8.68651474e-03  4.59780527e-02
  1.57087506e+00  2.96775494e+00 -1.00000000e+00  0.00000000e+00
  0.00000000e+00  0.00000000e+00  0.00000000e+00  0.00000000e+00
  0.00000000e+00], state=[ 1.20000042e+02  6.00032284e+01  8.02973915e+03  3.60141338e+02
  2.33655741e+00  8.02972900e+03  2.98318619e+02  3.64584939e+00
 -1.40247072e+01  1.20000000e+02  6.02692646e+01  8.02105263e+03
  3.00375848e+04 -3.63797881e-12  7.95047040e+03  3.05114798e-14
  3.00789474e+02  7.24962408e-15], current_reward=0.12073568159096659
2025-08-18 17:20:41,482 - INFO [ENV 11] - render_result: {'enm_distance': 30000, 'enm_alt': 26315.78947368421, 'enm_lat': 60.26926459981188, 'enm_lon': 120.0, 'enm_speed': 986.8421052631579, 'enm_heading': 90, 'ego_alt': 26315.78947368421, 'ego_lat': 60, 'ego_lon': 120, 'ego_speed': 986.8421052631579, 'ego_heading': 0, 'enm_angle': 0, 'success': False, 'reward': -8.940297877734594, 'total_steps': 306}
2025-08-18 17:20:41,482 - CRITICAL [ENV 11] - [Episode #2430] Result: both_alive
2025-08-18 17:20:41,575 - INFO [ENV 11] - A0100 launch mission! Total Steps=2, obs=[ 1.60400650e+00  3.76117316e-01  9.26572051e-01 -7.17300029e-02
  9.97424086e-01  8.82347068e-01 -1.64884879e-02 -4.01670712e-02
  6.19094366e-01  2.32785413e-03  1.02013300e-03  2.50099278e-02
  1.57079463e+00  2.99175755e+00  1.00000000e+00  0.00000000e+00
  0.00000000e+00  0.00000000e+00  0.00000000e+00  0.00000000e+00
  0.00000000e+00], state=[ 1.19999999e+02  6.00010765e+01  8.02003250e+03  1.20090170e+02
 -5.08805938e-02  8.02003137e+03  3.00283691e+02 -5.29617019e-01
  6.79432569e+00  1.20000000e+02  6.02692646e+01  8.02105263e+03
  3.00375848e+04 -3.63797881e-12  7.95047040e+03  3.05114798e-14
  3.00789474e+02  7.24962408e-15], current_reward=0.024877806818613735
2025-08-18 17:20:41,696 - INFO [ENV 7] - A0100 launch mission! Total Steps=7, obs=[ 1.60281409 -0.85534958  0.51805125  0.03763827  0.99929143  0.86121501
 -0.00354154  0.09307188  0.60582501  0.02345992  0.00698216  0.03852368
  1.57076     2.96217398  1.          0.          0.          0.
  0.          0.          0.        ], state=[ 1.19999981e+02  6.00037284e+01  8.01407047e+03  4.15913291e+02
 -1.07612164e+00  8.01405694e+03  2.94316714e+02 -8.89785550e+00
  6.39006409e+00  1.20000000e+02  6.02692646e+01  8.02105263e+03
  3.00375848e+04 -3.63797881e-12  7.95047040e+03  3.05114798e-14
  3.00789474e+02  7.24962408e-15], current_reward=0.14999270537874665
2025-08-18 17:20:41,700 - INFO [ENV 15] - render_result: {'enm_distance': 30000, 'enm_alt': 26315.78947368421, 'enm_lat': 60.26926459981188, 'enm_lon': 120.0, 'enm_speed': 986.8421052631579, 'enm_heading': 90, 'ego_alt': 26315.78947368421, 'ego_lat': 60, 'ego_lon': 120, 'ego_speed': 986.8421052631579, 'ego_heading': 0, 'enm_angle': 0, 'success': False, 'reward': 12.819830980406337, 'total_steps': 312}
2025-08-18 17:20:41,700 - CRITICAL [ENV 15] - [Episode #2435] Result: both_alive
2025-08-18 17:20:41,757 - INFO [ENV 15] - A0100 launch mission! Total Steps=1, obs=[ 1.60421066e+00 -5.91266203e-02  9.98250491e-01  8.86971749e-04
  9.99999607e-01  8.81493200e-01  2.94320804e-03  5.00783036e-04
  6.17557892e-01  3.18172238e-03 -6.93144464e-07  1.83757685e-03
  1.57079650e+00  2.99776149e+00  1.00000000e+00  0.00000000e+00
  0.00000000e+00  0.00000000e+00  0.00000000e+00  0.00000000e+00
  0.00000000e+00], state=[ 1.20000000e+02  6.00005383e+01  8.02105332e+03  6.00529962e+01
  5.07049427e-03  8.02105304e+03  2.99709367e+02 -1.05726467e-02
 -1.55031407e-01  1.20000000e+02  6.02692646e+01  8.02105263e+03
  3.00375848e+04 -3.63797881e-12  7.95047040e+03  3.05114798e-14
  3.00789474e+02  7.24962408e-15], current_reward=0
2025-08-18 17:20:41,759 - INFO [ENV 8] - render_result: {'enm_distance': 30000, 'enm_alt': 26315.78947368421, 'enm_lat': 60.26926459981188, 'enm_lon': 120.0, 'enm_speed': 986.8421052631579, 'enm_heading': 90, 'ego_alt': 26315.78947368421, 'ego_lat': 60, 'ego_lon': 120, 'ego_speed': 986.8421052631579, 'ego_heading': 0, 'enm_angle': 0, 'success': False, 'reward': -11.614944456262236, 'total_steps': 302}
2025-08-18 17:20:41,759 - CRITICAL [ENV 8] - [Episode #2436] Result: both_alive
2025-08-18 17:20:41,902 - INFO [ENV 8] - A0100 launch mission! Total Steps=3, obs=[ 1.60377492e+00  4.99359215e-01  8.66395045e-01  8.74232267e-03
  9.99961785e-01  8.81723187e-01 -8.33769065e-03  3.71398168e-02
  6.18447242e-01  2.95173517e-03  2.17802415e-03  2.53099538e-02
  1.57079516e+00  2.98577020e+00 -1.00000000e+00  0.00000000e+00
  0.00000000e+00  0.00000000e+00  0.00000000e+00  0.00000000e+00
  0.00000000e+00], state=[ 1.19999999e+02  6.00016132e+01  8.01887461e+03  1.79961128e+02
 -3.49685236e-02  8.01887207e+03  2.99985602e+02  2.11683930e-01
  6.90365629e+00  1.20000000e+02  6.02692646e+01  8.02105263e+03
  3.00375848e+04 -3.63797881e-12  7.95047040e+03  3.05114798e-14
  3.00789474e+02  7.24962408e-15], current_reward=0.049458332830720764
2025-08-18 17:20:52,245 - INFO [ENV 3] - render_result: {'enm_distance': 30000, 'enm_alt': 26315.78947368421, 'enm_lat': 60.26926459981188, 'enm_lon': 120.0, 'enm_speed': 986.8421052631579, 'enm_heading': 90, 'ego_alt': 26315.78947368421, 'ego_lat': 60, 'ego_lon': 120, 'ego_speed': 986.8421052631579, 'ego_heading': 0, 'enm_angle': 0, 'success': False, 'reward': -7.260899659933244, 'total_steps': 302}
2025-08-18 17:20:52,246 - CRITICAL [ENV 3] - [Episode #2720] Result: both_alive
2025-08-18 17:20:52,306 - INFO [ENV 3] - A0100 launch mission! Total Steps=1, obs=[ 1.60420064e+00 -9.46398156e-02  9.95511580e-01 -2.28045348e-02
  9.99739943e-01  8.80877092e-01  4.95468340e-03 -1.80817285e-02
  6.17228557e-01  3.79783092e-03  4.94176549e-05  4.19527087e-03
  1.57079656e+00  2.99776236e+00 -1.00000000e+00  0.00000000e+00
  0.00000000e+00  0.00000000e+00  0.00000000e+00  0.00000000e+00
  0.00000000e+00], state=[ 1.20000000e+02  6.00005383e+01  8.02100321e+03  6.00441560e+01
  7.03660062e-03  8.02100293e+03  2.99565530e+02  2.07163823e-03
  5.51927102e-01  1.20000000e+02  6.02692646e+01  8.02105263e+03
  3.00375848e+04 -3.63797881e-12  7.95047040e+03  3.05114798e-14
  3.00789474e+02  7.24962408e-15], current_reward=0
2025-08-18 17:20:52,384 - INFO [ENV 4] - render_result: {'enm_distance': 30000, 'enm_alt': 26315.78947368421, 'enm_lat': 60.26926459981188, 'enm_lon': 120.0, 'enm_speed': 986.8421052631579, 'enm_heading': 90, 'ego_alt': 26315.78947368421, 'ego_lat': 60, 'ego_lon': 120, 'ego_speed': 986.8421052631579, 'ego_heading': 0, 'enm_angle': 0, 'success': False, 'reward': -9.083044631347843, 'total_steps': 302}
2025-08-18 17:20:52,385 - CRITICAL [ENV 4] - [Episode #2723] Result: both_alive
2025-08-18 17:20:52,442 - INFO [ENV 6] - render_result: {'enm_distance': 30000, 'enm_alt': 26315.78947368421, 'enm_lat': 60.26926459981188, 'enm_lon': 120.0, 'enm_speed': 986.8421052631579, 'enm_heading': 90, 'ego_alt': 26315.78947368421, 'ego_lat': 60, 'ego_lon': 120, 'ego_speed': 986.8421052631579, 'ego_heading': 0, 'enm_angle': 0, 'success': False, 'reward': -14.391133596805297, 'total_steps': 302}
2025-08-18 17:20:52,442 - CRITICAL [ENV 6] - [Episode #2724] Result: both_alive
2025-08-18 17:20:52,494 - INFO [ENV 6] - A0100 launch mission! Total Steps=1, obs=[ 1.60419929e+00  4.40005317e-02  9.99031508e-01  1.74038744e-02
  9.99848541e-01  8.81624620e-01 -2.06791765e-03  1.62189754e-02
  6.17777824e-01  3.05030242e-03  5.62028535e-05  3.22187666e-03
  1.57079621e+00  2.99776029e+00 -1.00000000e+00  0.00000000e+00
  0.00000000e+00  0.00000000e+00  0.00000000e+00  0.00000000e+00
  0.00000000e+00], state=[ 1.20000000e+02  6.00005384e+01  8.02099643e+03  6.00648807e+01
 -3.45712125e-03  8.02099615e+03  2.99803801e+02  1.49582910e-02
  2.60492161e-01  1.20000000e+02  6.02692646e+01  8.02105263e+03
  3.00375848e+04 -3.63797881e-12  7.95047040e+03  3.05114798e-14
  3.00789474e+02  7.24962408e-15], current_reward=0
2025-08-18 17:20:52,502 - INFO [ENV 10] - render_result: {'enm_distance': 30000, 'enm_alt': 26315.78947368421, 'enm_lat': 60.26926459981188, 'enm_lon': 120.0, 'enm_speed': 986.8421052631579, 'enm_heading': 90, 'ego_alt': 26315.78947368421, 'ego_lat': 60, 'ego_lon': 120, 'ego_speed': 986.8421052631579, 'ego_heading': 0, 'enm_angle': 0, 'success': False, 'reward': -9.953855943556867, 'total_steps': 303}
2025-08-18 17:20:52,504 - CRITICAL [ENV 10] - [Episode #2725] Result: both_alive
2025-08-18 17:20:52,565 - INFO [ENV 10] - A0100 launch mission! Total Steps=1, obs=[ 1.60418203e+00  4.49303062e-02  9.98990124e-01 -2.27991706e-02
  9.99740065e-01  8.81874246e-01 -2.23685593e-03 -1.46999560e-02
  6.17955843e-01  2.80067689e-03  1.42468994e-04  8.38637033e-03
  1.57079622e+00  2.99776011e+00  1.00000000e+00  0.00000000e+00
  0.00000000e+00  0.00000000e+00  0.00000000e+00  0.00000000e+00
  0.00000000e+00], state=[ 1.20000000e+02  6.00005385e+01  8.02091016e+03  6.00664967e+01
 -3.22200014e-03  8.02090988e+03  2.99874397e+02 -8.49950355e-03
  1.81023860e+00  1.20000000e+02  6.02692646e+01  8.02105263e+03
  3.00375848e+04 -3.63797881e-12  7.95047040e+03  3.05114798e-14
  3.00789474e+02  7.24962408e-15], current_reward=0
2025-08-18 17:20:52,602 - INFO [ENV 4] - A0100 launch mission! Total Steps=4, obs=[ 1.60399226e+00 -4.85014568e-01  8.74506071e-01 -7.17439957e-02
  9.97423079e-01  8.72103804e-01  2.16137674e-02 -5.06445600e-02
  6.11589291e-01  1.25711185e-02  1.09131384e-03  1.14490470e-02
  1.57079697e+00  2.97981347e+00  1.00000000e+00  0.00000000e+00
  0.00000000e+00  0.00000000e+00  0.00000000e+00  0.00000000e+00
  0.00000000e+00], state=[ 1.20000000e+02  6.00021473e+01  8.01996132e+03  2.39531086e+02
  1.91634222e-02  8.01995683e+03  2.97093370e+02 -2.60893506e-01
  2.69871170e+00  1.20000000e+02  6.02692646e+01  8.02105263e+03
  3.00375848e+04 -3.63797881e-12  7.95047040e+03  3.05114798e-14
  3.00789474e+02  7.24962408e-15], current_reward=0.07542251234730202
2025-08-18 17:20:52,603 - INFO [ENV 5] - render_result: {'enm_distance': 30000, 'enm_alt': 26315.78947368421, 'enm_lat': 60.26926459981188, 'enm_lon': 120.0, 'enm_speed': 986.8421052631579, 'enm_heading': 90, 'ego_alt': 26315.78947368421, 'ego_lat': 60, 'ego_lon': 120, 'ego_speed': 986.8421052631579, 'ego_heading': 0, 'enm_angle': 0, 'success': False, 'reward': -7.6084147536989875, 'total_steps': 303}
2025-08-18 17:20:52,603 - INFO [ENV 14] - render_result: {'enm_distance': 30000, 'enm_alt': 26315.78947368421, 'enm_lat': 60.26926459981188, 'enm_lon': 120.0, 'enm_speed': 986.8421052631579, 'enm_heading': 90, 'ego_alt': 26315.78947368421, 'ego_lat': 60, 'ego_lon': 120, 'ego_speed': 986.8421052631579, 'ego_heading': 0, 'enm_angle': 0, 'success': False, 'reward': -7.338803444316802, 'total_steps': 302}
2025-08-18 17:20:52,605 - CRITICAL [ENV 5] - [Episode #2727] Result: both_alive
2025-08-18 17:20:52,605 - CRITICAL [ENV 14] - [Episode #2727] Result: both_alive
2025-08-18 17:20:52,606 - INFO [ENV 1] - render_result: {'enm_distance': 30000, 'enm_alt': 26315.78947368421, 'enm_lat': 60.26926459981188, 'enm_lon': 120.0, 'enm_speed': 986.8421052631579, 'enm_heading': 90, 'ego_alt': 26315.78947368421, 'ego_lat': 60, 'ego_lon': 120, 'ego_speed': 986.8421052631579, 'ego_heading': 0, 'enm_angle': 0, 'success': False, 'reward': 15.625661100279004, 'total_steps': 305}
2025-08-18 17:20:52,606 - INFO [ENV 2] - render_result: {'enm_distance': 30000, 'enm_alt': 26315.78947368421, 'enm_lat': 60.26926459981188, 'enm_lon': 120.0, 'enm_speed': 986.8421052631579, 'enm_heading': 90, 'ego_alt': 26315.78947368421, 'ego_lat': 60, 'ego_lon': 120, 'ego_speed': 986.8421052631579, 'ego_heading': 0, 'enm_angle': 0, 'success': False, 'reward': -7.189998700471495, 'total_steps': 304}
2025-08-18 17:20:52,606 - CRITICAL [ENV 1] - [Episode #2727] Result: both_alive
2025-08-18 17:20:52,607 - CRITICAL [ENV 2] - [Episode #2727] Result: both_alive
2025-08-18 17:20:52,607 - INFO [ENV 9] - render_result: {'enm_distance': 30000, 'enm_alt': 26315.78947368421, 'enm_lat': 60.26926459981188, 'enm_lon': 120.0, 'enm_speed': 986.8421052631579, 'enm_heading': 90, 'ego_alt': 26315.78947368421, 'ego_lat': 60, 'ego_lon': 120, 'ego_speed': 986.8421052631579, 'ego_heading': 0, 'enm_angle': 0, 'success': False, 'reward': -7.23746665055743, 'total_steps': 302}
2025-08-18 17:20:52,607 - CRITICAL [ENV 9] - [Episode #2727] Result: both_alive
2025-08-18 17:20:52,608 - INFO [ENV 13] - render_result: {'enm_distance': 30000, 'enm_alt': 26315.78947368421, 'enm_lat': 60.26926459981188, 'enm_lon': 120.0, 'enm_speed': 986.8421052631579, 'enm_heading': 90, 'ego_alt': 26315.78947368421, 'ego_lat': 60, 'ego_lon': 120, 'ego_speed': 986.8421052631579, 'ego_heading': 0, 'enm_angle': 0, 'success': False, 'reward': -10.10112692162786, 'total_steps': 302}
2025-08-18 17:20:52,609 - CRITICAL [ENV 13] - [Episode #2727] Result: both_alive
2025-08-18 17:20:52,680 - INFO [ENV 2] - A0100 launch mission! Total Steps=1, obs=[ 1.60421289e+00 -9.44869103e-02  9.95526104e-01  3.44156370e-03
  9.99994078e-01  8.85036615e-01  3.78771550e-03  2.16352835e-03
  6.20344413e-01 -3.61691926e-04 -1.18156601e-05  9.47405474e-04
  1.57079652e+00  2.99774972e+00  1.00000000e+00  0.00000000e+00
  0.00000000e+00  0.00000000e+00  0.00000000e+00  0.00000000e+00
  0.00000000e+00], state=[ 1.20000000e+02  6.00005394e+01  8.02106445e+03  6.01706753e+01
  5.87429650e-03  8.02106416e+03  3.00915802e+02 -2.87848860e-02
 -4.24986776e-01  1.20000000e+02  6.02692646e+01  8.02105263e+03
  3.00375848e+04 -3.63797881e-12  7.95047040e+03  3.05114798e-14
  3.00789474e+02  7.24962408e-15], current_reward=0
2025-08-18 17:20:52,680 - INFO [ENV 14] - A0100 launch mission! Total Steps=1, obs=[ 1.60419929e+00  4.40005317e-02  9.99031508e-01  1.74038744e-02
  9.99848541e-01  8.81624620e-01 -2.06791765e-03  1.62189754e-02
  6.17777824e-01  3.05030242e-03  5.62028535e-05  3.22187666e-03
  1.57079621e+00  2.99776029e+00 -1.00000000e+00  0.00000000e+00
  0.00000000e+00  0.00000000e+00  0.00000000e+00  0.00000000e+00
  0.00000000e+00], state=[ 1.20000000e+02  6.00005384e+01  8.02099643e+03  6.00648807e+01
 -3.45712125e-03  8.02099615e+03  2.99803801e+02  1.49582910e-02
  2.60492161e-01  1.20000000e+02  6.02692646e+01  8.02105263e+03
  3.00375848e+04 -3.63797881e-12  7.95047040e+03  3.05114798e-14
  3.00789474e+02  7.24962408e-15], current_reward=0
2025-08-18 17:20:52,682 - INFO [ENV 12] - render_result: {'enm_distance': 30000, 'enm_alt': 26315.78947368421, 'enm_lat': 60.26926459981188, 'enm_lon': 120.0, 'enm_speed': 986.8421052631579, 'enm_heading': 90, 'ego_alt': 26315.78947368421, 'ego_lat': 60, 'ego_lon': 120, 'ego_speed': 986.8421052631579, 'ego_heading': 0, 'enm_angle': 0, 'success': False, 'reward': -8.463562880987674, 'total_steps': 302}
2025-08-18 17:20:52,682 - CRITICAL [ENV 12] - [Episode #2728] Result: both_alive
2025-08-18 17:20:52,740 - INFO [ENV 12] - A0100 launch mission! Total Steps=1, obs=[ 1.60421062e+00 -6.02781035e-02  9.98181622e-01  8.96919185e-04
  9.99999598e-01  8.81499249e-01  2.14338946e-03  4.82081332e-04
  6.17560827e-01  3.17567398e-03 -4.57774338e-07  1.85805532e-03
  1.57079643e+00  2.99776148e+00  1.00000000e+00  0.00000000e+00
  0.00000000e+00  0.00000000e+00  0.00000000e+00  0.00000000e+00
  0.00000000e+00], state=[ 1.20000000e+02  6.00005383e+01  8.02105309e+03  6.00530461e+01
  3.23824726e-03  8.02105281e+03  2.99710638e+02 -1.95490446e-02
 -1.49133675e-01  1.20000000e+02  6.02692646e+01  8.02105263e+03
  3.00375848e+04 -3.63797881e-12  7.95047040e+03  3.05114798e-14
  3.00789474e+02  7.24962408e-15], current_reward=0
2025-08-18 17:20:52,741 - INFO [ENV 1] - A0100 launch mission! Total Steps=2, obs=[ 1.60402040e+00  1.91523764e-01  9.81487976e-01 -7.10600877e-02
  9.97472037e-01  8.82392798e-01 -5.15567202e-03 -4.51341753e-02
  6.19207348e-01  2.28212437e-03  9.50620082e-04  2.21841614e-02
  1.57079544e+00  2.99175658e+00  1.00000000e+00  0.00000000e+00
  0.00000000e+00  0.00000000e+00  0.00000000e+00  0.00000000e+00
  0.00000000e+00], state=[ 1.20000000e+02  6.00010766e+01  8.02010201e+03  1.20100069e+02
 -2.66116790e-02  8.02010088e+03  3.00351640e+02 -2.34778547e-01
  5.96064440e+00  1.20000000e+02  6.02692646e+01  8.02105263e+03
  3.00375848e+04 -3.63797881e-12  7.95047040e+03  3.05114798e-14
  3.00789474e+02  7.24962408e-15], current_reward=0.024877806818613735
2025-08-18 17:20:52,741 - INFO [ENV 5] - A0100 launch mission! Total Steps=2, obs=[ 1.60433098e+00 -2.69578770e-01  9.62978342e-01  9.53327271e-02
  9.95445464e-01  8.81100742e-01 -6.00608168e-03  7.08458204e-02
  6.19475492e-01  3.57418062e-03 -6.02284929e-04  1.44854686e-02
  1.57079303e+00  2.99173827e+00  1.00000000e+00  0.00000000e+00
  0.00000000e+00  0.00000000e+00  0.00000000e+00  0.00000000e+00
  0.00000000e+00], state=[ 1.19999998e+02  6.00010783e+01  8.02165492e+03  1.20286828e+02
 -9.86243231e-02  8.02165378e+03  3.00505637e+02 -1.12215128e+00
 -4.92106895e+00  1.20000000e+02  6.02692646e+01  8.02105263e+03
  3.00375848e+04 -3.63797881e-12  7.95047040e+03  3.05114798e-14
  3.00789474e+02  7.24962408e-15], current_reward=0.024891896396910695
2025-08-18 17:20:52,782 - INFO [ENV 0] - render_result: {'enm_distance': 30000, 'enm_alt': 26315.78947368421, 'enm_lat': 60.26926459981188, 'enm_lon': 120.0, 'enm_speed': 986.8421052631579, 'enm_heading': 90, 'ego_alt': 26315.78947368421, 'ego_lat': 60, 'ego_lon': 120, 'ego_speed': 986.8421052631579, 'ego_heading': 0, 'enm_angle': 0, 'success': False, 'reward': 12.472377672777185, 'total_steps': 307}
2025-08-18 17:20:52,783 - CRITICAL [ENV 0] - [Episode #2730] Result: both_alive
2025-08-18 17:20:52,785 - INFO [ENV 13] - A0100 launch mission! Total Steps=3, obs=[ 1.60387994e+00  8.43486105e-02  9.96436306e-01 -7.92878835e-02
  9.96851760e-01  8.84536189e-01  4.46949220e-03 -5.19258650e-02
  6.21200498e-01  1.38733484e-04  1.65295554e-03  2.36799666e-02
  1.57079565e+00  2.98571123e+00  1.00000000e+00  0.00000000e+00
  0.00000000e+00  0.00000000e+00  0.00000000e+00  0.00000000e+00
  0.00000000e+00], state=[ 1.20000000e+02  6.00016185e+01  8.01939968e+03  1.80552028e+02
 -2.01453381e-02  8.01939713e+03  3.01195095e+02 -1.43280459e-01
  6.43650135e+00  1.20000000e+02  6.02692646e+01  8.02105263e+03
  3.00375848e+04 -3.63797881e-12  7.95047040e+03  3.05114798e-14
  3.00789474e+02  7.24962408e-15], current_reward=0.04994112893510305
2025-08-18 17:20:52,888 - INFO [ENV 0] - A0100 launch mission! Total Steps=2, obs=[ 1.60420339e+00  3.65246258e-01  9.30910936e-01  9.88924150e-02
  9.95098131e-01  8.82812173e-01  1.17925960e-02  8.51817310e-02
  6.21873124e-01  1.86274974e-03  3.56984558e-05  3.55329671e-03
  1.57079802e+00  2.99172232e+00 -1.00000000e+00  0.00000000e+00
  0.00000000e+00  0.00000000e+00  0.00000000e+00  0.00000000e+00
  0.00000000e+00], state=[ 1.20000001e+02  6.00010797e+01  8.02101693e+03  1.20444763e+02
  5.07586375e-02  8.02101580e+03  3.01572445e+02  8.22643172e-01
 -1.39720832e+00  1.20000000e+02  6.02692646e+01  8.02105263e+03
  3.00375848e+04 -3.63797881e-12  7.95047040e+03  3.05114798e-14
  3.00789474e+02  7.24962408e-15], current_reward=0.024970209059576476
2025-08-18 17:20:52,944 - INFO [ENV 11] - render_result: {'enm_distance': 30000, 'enm_alt': 26315.78947368421, 'enm_lat': 60.26926459981188, 'enm_lon': 120.0, 'enm_speed': 986.8421052631579, 'enm_heading': 90, 'ego_alt': 26315.78947368421, 'ego_lat': 60, 'ego_lon': 120, 'ego_speed': 986.8421052631579, 'ego_heading': 0, 'enm_angle': 0, 'success': False, 'reward': -11.87566635722202, 'total_steps': 303}
2025-08-18 17:20:52,944 - CRITICAL [ENV 11] - [Episode #2733] Result: both_alive
2025-08-18 17:20:52,993 - INFO [ENV 9] - A0100 launch mission! Total Steps=7, obs=[ 1.60604512 -0.10147299  0.99483829  0.14431088  0.9895324   0.87470976
 -0.01776808  0.06288114  0.61385985  0.00996517 -0.00917295  0.07458622
  1.5709854   2.96182704 -1.          0.          0.          0.
  0.          0.          0.        ], state=[ 1.20000100e+02  6.00037599e+01  8.03022558e+03  4.19422295e+02
  5.60012913e+00  8.03021181e+03  2.97346289e+02  8.60858627e+00
 -2.12650537e+01  1.20000000e+02  6.02692646e+01  8.02105263e+03
  3.00375848e+04 -3.63797881e-12  7.95047040e+03  3.05114798e-14
  3.00789474e+02  7.24962408e-15], current_reward=0.14503896742966127
2025-08-18 17:20:53,077 - INFO [ENV 7] - render_result: {'enm_distance': 30000, 'enm_alt': 26315.78947368421, 'enm_lat': 60.26926459981188, 'enm_lon': 120.0, 'enm_speed': 986.8421052631579, 'enm_heading': 90, 'ego_alt': 26315.78947368421, 'ego_lat': 60, 'ego_lon': 120, 'ego_speed': 986.8421052631579, 'ego_heading': 0, 'enm_angle': 0, 'success': False, 'reward': -7.056647677864277, 'total_steps': 308}
2025-08-18 17:20:53,077 - CRITICAL [ENV 7] - [Episode #2736] Result: both_alive
2025-08-18 17:20:53,138 - INFO [ENV 11] - A0100 launch mission! Total Steps=4, obs=[ 1.60332029 -0.02331709  0.99972812 -0.10261384  0.99472127  0.88114096
  0.00313328 -0.05182777  0.61861655  0.00353396  0.00445116  0.04619723
  1.57079673  2.9797591  -1.          0.          0.          0.
  0.          0.          0.        ], state=[ 1.20000000e+02  6.00021521e+01  8.01660147e+03  2.40067133e+02
  1.19519981e-02  8.01659696e+03  2.99817439e+02  1.03580524e-01
  1.31935006e+01  1.20000000e+02  6.02692646e+01  8.02105263e+03
  3.00375848e+04 -3.63797881e-12  7.95047040e+03  3.05114798e-14
  3.00789474e+02  7.24962408e-15], current_reward=0.07368655490907372
2025-08-18 17:20:53,140 - INFO [ENV 15] - render_result: {'enm_distance': 30000, 'enm_alt': 26315.78947368421, 'enm_lat': 60.26926459981188, 'enm_lon': 120.0, 'enm_speed': 986.8421052631579, 'enm_heading': 90, 'ego_alt': 26315.78947368421, 'ego_lat': 60, 'ego_lon': 120, 'ego_speed': 986.8421052631579, 'ego_heading': 0, 'enm_angle': 0, 'success': False, 'reward': -8.375050677228383, 'total_steps': 302}
2025-08-18 17:20:53,141 - CRITICAL [ENV 15] - [Episode #2737] Result: both_alive
2025-08-18 17:20:53,234 - INFO [ENV 7] - A0100 launch mission! Total Steps=3, obs=[ 1.60393052e+00 -2.38864402e-01  9.71052932e-01 -9.83725491e-02
  9.95149658e-01  8.74368657e-01  8.20681865e-03 -6.56321943e-02
  6.13969494e-01  1.03062661e-02  1.40002231e-03  2.58947371e-02
  1.57079752e+00  2.98579675e+00 -1.00000000e+00  0.00000000e+00
  0.00000000e+00  0.00000000e+00  0.00000000e+00  0.00000000e+00
  0.00000000e+00], state=[ 1.20000001e+02  6.00016109e+01  8.01965261e+03  1.79697433e+02
  3.55063861e-02  8.01965008e+03  2.98051841e+02  4.14436734e-01
  7.01755032e+00  1.20000000e+02  6.02692646e+01  8.02105263e+03
  3.00375848e+04 -3.63797881e-12  7.95047040e+03  3.05114798e-14
  3.00789474e+02  7.24962408e-15], current_reward=0.0498596115760499
2025-08-18 17:20:53,234 - INFO [ENV 15] - A0100 launch mission! Total Steps=2, obs=[ 1.60414488e+00 -1.95464709e-01  9.80710736e-01 -5.22570124e-02
  9.98633669e-01  8.76859270e-01  4.00691650e-03 -3.85752925e-02
  6.14602052e-01  7.81565258e-03  3.28218875e-04  1.06328650e-02
  1.57079565e+00  2.99178278e+00  1.00000000e+00  0.00000000e+00
  0.00000000e+00  0.00000000e+00  0.00000000e+00  0.00000000e+00
  0.00000000e+00], state=[ 1.20000000e+02  6.00010743e+01  8.02072441e+03  1.19839499e+02
 -2.03888707e-02  8.02072329e+03  2.98413367e+02 -1.54614621e-01
  2.46853312e+00  1.20000000e+02  6.02692646e+01  8.02105263e+03
  3.00375848e+04 -3.63797881e-12  7.95047040e+03  3.05114798e-14
  3.00789474e+02  7.24962408e-15], current_reward=0.024913268784994003
2025-08-18 17:20:53,280 - INFO [ENV 8] - render_result: {'enm_distance': 30000, 'enm_alt': 26315.78947368421, 'enm_lat': 60.26926459981188, 'enm_lon': 120.0, 'enm_speed': 986.8421052631579, 'enm_heading': 90, 'ego_alt': 26315.78947368421, 'ego_lat': 60, 'ego_lon': 120, 'ego_speed': 986.8421052631579, 'ego_heading': 0, 'enm_angle': 0, 'success': False, 'reward': 15.586378272047394, 'total_steps': 304}
2025-08-18 17:20:53,280 - CRITICAL [ENV 8] - [Episode #2740] Result: both_alive
2025-08-18 17:20:53,419 - INFO [ENV 8] - A0100 launch mission! Total Steps=3, obs=[ 1.60394485e+00 -2.38733657e-01  9.71085084e-01 -7.53680526e-02
  9.97155784e-01  8.72112366e-01  7.27500941e-03 -4.78859664e-02
  6.11295964e-01  1.25625568e-02  1.32839967e-03  2.25132013e-02
  1.57079710e+00  2.98583103e+00 -1.00000000e+00  0.00000000e+00
  0.00000000e+00  0.00000000e+00  0.00000000e+00  0.00000000e+00
  0.00000000e+00], state=[ 1.20000000e+02  6.00016078e+01  8.01972423e+03  1.79354766e+02
  2.32005844e-02  8.01972172e+03  2.96914597e+02  1.99644503e-01
  5.99368083e+00  1.20000000e+02  6.02692646e+01  8.02105263e+03
  3.00375848e+04 -3.63797881e-12  7.95047040e+03  3.05114798e-14
  3.00789474e+02  7.24962408e-15], current_reward=0.049820693929248705
2025-08-18 17:21:03,596 - INFO [ENV 3] - render_result: {'enm_distance': 30000, 'enm_alt': 26315.78947368421, 'enm_lat': 60.26926459981188, 'enm_lon': 120.0, 'enm_speed': 986.8421052631579, 'enm_heading': 90, 'ego_alt': 26315.78947368421, 'ego_lat': 60, 'ego_lon': 120, 'ego_speed': 986.8421052631579, 'ego_heading': 0, 'enm_angle': 0, 'success': False, 'reward': -13.602062471318455, 'total_steps': 302}
2025-08-18 17:21:03,596 - CRITICAL [ENV 3] - [Episode #3022] Result: both_alive
2025-08-18 17:21:03,728 - INFO [ENV 3] - A0100 launch mission! Total Steps=3, obs=[ 1.60437705e+00  3.40758215e-01  9.40150966e-01  1.31496501e-01
  9.91316635e-01  8.78934416e-01  1.78459454e-02  9.84514306e-02
  6.19975969e-01  5.74050635e-03 -8.32604847e-04  1.91329884e-02
  1.57080517e+00  2.98572652e+00 -1.00000000e+00  0.00000000e+00
  0.00000000e+00  0.00000000e+00  0.00000000e+00  0.00000000e+00
  0.00000000e+00], state=[ 1.20000005e+02  6.00016172e+01  8.02188524e+03  1.80405029e+02
  2.64150826e-01  8.02188269e+03  3.00699148e+02  2.16488087e+00
 -6.04961011e+00  1.20000000e+02  6.02692646e+01  8.02105263e+03
  3.00375848e+04 -3.63797881e-12  7.95047040e+03  3.05114798e-14
  3.00789474e+02  7.24962408e-15], current_reward=0.0499735858565824
2025-08-18 17:21:03,766 - INFO [ENV 6] - render_result: {'enm_distance': 30000, 'enm_alt': 26315.78947368421, 'enm_lat': 60.26926459981188, 'enm_lon': 120.0, 'enm_speed': 986.8421052631579, 'enm_heading': 90, 'ego_alt': 26315.78947368421, 'ego_lat': 60, 'ego_lon': 120, 'ego_speed': 986.8421052631579, 'ego_heading': 0, 'enm_angle': 0, 'success': False, 'reward': -7.278298667996427, 'total_steps': 302}
2025-08-18 17:21:03,766 - CRITICAL [ENV 6] - [Episode #3026] Result: both_alive
2025-08-18 17:21:03,827 - INFO [ENV 10] - render_result: {'enm_distance': 30000, 'enm_alt': 26315.78947368421, 'enm_lat': 60.26926459981188, 'enm_lon': 120.0, 'enm_speed': 986.8421052631579, 'enm_heading': 90, 'ego_alt': 26315.78947368421, 'ego_lat': 60, 'ego_lon': 120, 'ego_speed': 986.8421052631579, 'ego_heading': 0, 'enm_angle': 0, 'success': False, 'reward': -7.300718917905783, 'total_steps': 302}
2025-08-18 17:21:03,827 - CRITICAL [ENV 10] - [Episode #3027] Result: both_alive
2025-08-18 17:21:03,887 - INFO [ENV 6] - A0100 launch mission! Total Steps=2, obs=[ 1.60423743e+00 -1.94306327e-01  9.80940901e-01 -1.05441701e-02
  9.99944409e-01  8.84924141e-01 -9.22304382e-04 -1.03660385e-02
  6.20291828e-01 -2.49218195e-04 -1.34520759e-04  2.02615745e-03
  1.57079469e+00  2.99173195e+00  1.00000000e+00  0.00000000e+00
  0.00000000e+00  0.00000000e+00  0.00000000e+00  0.00000000e+00
  0.00000000e+00], state=[ 1.19999999e+02  6.00010789e+01  8.02118715e+03  1.20348860e+02
 -4.89567148e-02  8.02118602e+03  3.00894708e+02 -3.65561631e-01
 -2.23691289e-01  1.20000000e+02  6.02692646e+01  8.02105263e+03
  3.00375848e+04 -3.63797881e-12  7.95047040e+03  3.05114798e-14
  3.00789474e+02  7.24962408e-15], current_reward=0.02493459062670844
2025-08-18 17:21:03,891 - INFO [ENV 4] - render_result: {'enm_distance': 30000, 'enm_alt': 26315.78947368421, 'enm_lat': 60.26926459981188, 'enm_lon': 120.0, 'enm_speed': 986.8421052631579, 'enm_heading': 90, 'ego_alt': 26315.78947368421, 'ego_lat': 60, 'ego_lon': 120, 'ego_speed': 986.8421052631579, 'ego_heading': 0, 'enm_angle': 0, 'success': False, 'reward': -7.177518117134333, 'total_steps': 305}
2025-08-18 17:21:03,891 - INFO [ENV 10] - A0100 launch mission! Total Steps=1, obs=[ 1.60421778e+00 -9.60428631e-02  9.95377199e-01  1.64707153e-02
  9.99864349e-01  8.84521647e-01  2.56312602e-03  1.19727369e-02
  6.19997207e-01  1.53275218e-04 -3.62794364e-05  9.47040904e-04
  1.57079644e+00  2.99775048e+00  1.00000000e+00  0.00000000e+00
  0.00000000e+00  0.00000000e+00  0.00000000e+00  0.00000000e+00
  0.00000000e+00], state=[ 1.20000000e+02  6.00005393e+01  8.02108891e+03  6.01631862e+01
  3.25728287e-03  8.02108863e+03  3.00764549e+02 -6.56905660e-02
 -9.85683167e-01  1.20000000e+02  6.02692646e+01  8.02105263e+03
  3.00375848e+04 -3.63797881e-12  7.95047040e+03  3.05114798e-14
  3.00789474e+02  7.24962408e-15], current_reward=0
2025-08-18 17:21:03,891 - CRITICAL [ENV 4] - [Episode #3028] Result: both_alive
2025-08-18 17:21:03,948 - INFO [ENV 2] - render_result: {'enm_distance': 30000, 'enm_alt': 26315.78947368421, 'enm_lat': 60.26926459981188, 'enm_lon': 120.0, 'enm_speed': 986.8421052631579, 'enm_heading': 90, 'ego_alt': 26315.78947368421, 'ego_lat': 60, 'ego_lon': 120, 'ego_speed': 986.8421052631579, 'ego_heading': 0, 'enm_angle': 0, 'success': False, 'reward': -7.398862880621721, 'total_steps': 302}
2025-08-18 17:21:03,949 - CRITICAL [ENV 2] - [Episode #3029] Result: both_alive
2025-08-18 17:21:03,950 - INFO [ENV 14] - render_result: {'enm_distance': 30000, 'enm_alt': 26315.78947368421, 'enm_lat': 60.26926459981188, 'enm_lon': 120.0, 'enm_speed': 986.8421052631579, 'enm_heading': 90, 'ego_alt': 26315.78947368421, 'ego_lat': 60, 'ego_lon': 120, 'ego_speed': 986.8421052631579, 'ego_heading': 0, 'enm_angle': 0, 'success': False, 'reward': -8.444721886708436, 'total_steps': 302}
2025-08-18 17:21:03,950 - CRITICAL [ENV 14] - [Episode #3029] Result: both_alive
2025-08-18 17:21:04,017 - INFO [ENV 4] - A0100 launch mission! Total Steps=2, obs=[ 1.60414177e+00 -1.99174849e-01  9.79963968e-01 -5.24492231e-02
  9.98623592e-01  8.82358247e-01  3.91412981e-03 -3.88021779e-02
  6.18920006e-01  2.31667569e-03  3.43804194e-04  1.08805030e-02
  1.57079565e+00  2.99173785e+00  1.00000000e+00  0.00000000e+00
  0.00000000e+00  0.00000000e+00  0.00000000e+00  0.00000000e+00
  0.00000000e+00], state=[ 1.20000000e+02  6.00010783e+01  8.02070883e+03  1.20288785e+02
 -2.01447012e-02  8.02070770e+03  3.00283753e+02 -1.34378806e-01
  2.55954811e+00  1.20000000e+02  6.02692646e+01  8.02105263e+03
  3.00375848e+04 -3.63797881e-12  7.95047040e+03  3.05114798e-14
  3.00789474e+02  7.24962408e-15], current_reward=0.024965957874576006
2025-08-18 17:21:04,022 - INFO [ENV 12] - render_result: {'enm_distance': 30000, 'enm_alt': 26315.78947368421, 'enm_lat': 60.26926459981188, 'enm_lon': 120.0, 'enm_speed': 986.8421052631579, 'enm_heading': 90, 'ego_alt': 26315.78947368421, 'ego_lat': 60, 'ego_lon': 120, 'ego_speed': 986.8421052631579, 'ego_heading': 0, 'enm_angle': 0, 'success': False, 'reward': -6.905192484823139, 'total_steps': 302}
2025-08-18 17:21:04,022 - CRITICAL [ENV 12] - [Episode #3030] Result: both_alive
2025-08-18 17:21:04,023 - INFO [ENV 1] - render_result: {'enm_distance': 30000, 'enm_alt': 26315.78947368421, 'enm_lat': 60.26926459981188, 'enm_lon': 120.0, 'enm_speed': 986.8421052631579, 'enm_heading': 90, 'ego_alt': 26315.78947368421, 'ego_lat': 60, 'ego_lon': 120, 'ego_speed': 986.8421052631579, 'ego_heading': 0, 'enm_angle': 0, 'success': False, 'reward': -9.210199698606939, 'total_steps': 303}
2025-08-18 17:21:04,024 - CRITICAL [ENV 1] - [Episode #3030] Result: both_alive
2025-08-18 17:21:04,025 - INFO [ENV 5] - render_result: {'enm_distance': 30000, 'enm_alt': 26315.78947368421, 'enm_lat': 60.26926459981188, 'enm_lon': 120.0, 'enm_speed': 986.8421052631579, 'enm_heading': 90, 'ego_alt': 26315.78947368421, 'ego_lat': 60, 'ego_lon': 120, 'ego_speed': 986.8421052631579, 'ego_heading': 0, 'enm_angle': 0, 'success': False, 'reward': 12.684581885637524, 'total_steps': 303}
2025-08-18 17:21:04,026 - CRITICAL [ENV 5] - [Episode #3030] Result: both_alive
2025-08-18 17:21:04,087 - INFO [ENV 1] - A0100 launch mission! Total Steps=1, obs=[ 1.60419929e+00  4.40005317e-02  9.99031508e-01  1.74038744e-02
  9.99848541e-01  8.81624620e-01 -2.06791765e-03  1.62189754e-02
  6.17777824e-01  3.05030242e-03  5.62028535e-05  3.22187666e-03
  1.57079621e+00  2.99776029e+00 -1.00000000e+00  0.00000000e+00
  0.00000000e+00  0.00000000e+00  0.00000000e+00  0.00000000e+00
  0.00000000e+00], state=[ 1.20000000e+02  6.00005384e+01  8.02099643e+03  6.00648807e+01
 -3.45712125e-03  8.02099615e+03  2.99803801e+02  1.49582910e-02
  2.60492161e-01  1.20000000e+02  6.02692646e+01  8.02105263e+03
  3.00375848e+04 -3.63797881e-12  7.95047040e+03  3.05114798e-14
  3.00789474e+02  7.24962408e-15], current_reward=0
2025-08-18 17:21:04,087 - INFO [ENV 2] - A0100 launch mission! Total Steps=2, obs=[ 1.60402139e+00  1.98281861e-01  9.80145042e-01 -6.99511784e-02
  9.97550416e-01  8.78550718e-01 -2.55412437e-03 -4.46291161e-02
  6.16166577e-01  6.12420435e-03  9.45679990e-04  2.20230934e-02
  1.57079564e+00  2.99176913e+00  1.00000000e+00  0.00000000e+00
  0.00000000e+00  0.00000000e+00  0.00000000e+00  0.00000000e+00
  0.00000000e+00], state=[ 1.20000000e+02  6.00010755e+01  8.02010695e+03  1.19974531e+02
 -2.06349924e-02  8.02010583e+03  2.99035645e+02 -2.13231154e-01
  5.88696651e+00  1.20000000e+02  6.02692646e+01  8.02105263e+03
  3.00375848e+04 -3.63797881e-12  7.95047040e+03  3.05114798e-14
  3.00789474e+02  7.24962408e-15], current_reward=0.024877806818613735
2025-08-18 17:21:04,088 - INFO [ENV 13] - render_result: {'enm_distance': 30000, 'enm_alt': 26315.78947368421, 'enm_lat': 60.26926459981188, 'enm_lon': 120.0, 'enm_speed': 986.8421052631579, 'enm_heading': 90, 'ego_alt': 26315.78947368421, 'ego_lat': 60, 'ego_lon': 120, 'ego_speed': 986.8421052631579, 'ego_heading': 0, 'enm_angle': 0, 'success': False, 'reward': -10.28628692301153, 'total_steps': 304}
2025-08-18 17:21:04,088 - CRITICAL [ENV 13] - [Episode #3031] Result: both_alive
2025-08-18 17:21:04,150 - INFO [ENV 5] - A0100 launch mission! Total Steps=2, obs=[ 1.60434899e+00 -3.73379043e-01  9.27678872e-01  9.39462489e-02
  9.95577271e-01  8.80537964e-01 -9.73004533e-03  6.63426321e-02
  6.18783588e-01  4.13695867e-03 -6.92327599e-04  1.85838332e-02
  1.57079227e+00  2.99174063e+00  1.00000000e+00  0.00000000e+00
  0.00000000e+00  0.00000000e+00  0.00000000e+00  0.00000000e+00
  0.00000000e+00], state=[ 1.19999998e+02  6.00010781e+01  8.02174496e+03  1.20263425e+02
 -1.21424028e-01  8.02174383e+03  3.00184239e+02 -1.58800083e+00
 -6.06350854e+00  1.20000000e+02  6.02692646e+01  8.02105263e+03
  3.00375848e+04 -3.63797881e-12  7.95047040e+03  3.05114798e-14
  3.00789474e+02  7.24962408e-15], current_reward=0.024891896396910695
2025-08-18 17:21:04,151 - INFO [ENV 13] - A0100 launch mission! Total Steps=1, obs=[ 1.60419929e+00  4.40005317e-02  9.99031508e-01  1.74038744e-02
  9.99848541e-01  8.81624620e-01 -2.06791765e-03  1.62189754e-02
  6.17777824e-01  3.05030242e-03  5.62028535e-05  3.22187666e-03
  1.57079621e+00  2.99776029e+00 -1.00000000e+00  0.00000000e+00
  0.00000000e+00  0.00000000e+00  0.00000000e+00  0.00000000e+00
  0.00000000e+00], state=[ 1.20000000e+02  6.00005384e+01  8.02099643e+03  6.00648807e+01
 -3.45712125e-03  8.02099615e+03  2.99803801e+02  1.49582910e-02
  2.60492161e-01  1.20000000e+02  6.02692646e+01  8.02105263e+03
  3.00375848e+04 -3.63797881e-12  7.95047040e+03  3.05114798e-14
  3.00789474e+02  7.24962408e-15], current_reward=0
2025-08-18 17:21:04,151 - INFO [ENV 14] - A0100 launch mission! Total Steps=3, obs=[ 1.60394442e+00  1.53302892e-01  9.88179247e-01 -5.82307301e-02
  9.98303151e-01  8.85205420e-01 -6.84258504e-03 -3.36079385e-02
  6.21032651e-01 -5.30497192e-04  1.33054856e-03  2.19015438e-02
  1.57079625e+00  2.98570216e+00  1.00000000e+00  0.00000000e+00
  0.00000000e+00  0.00000000e+00  0.00000000e+00  0.00000000e+00
  0.00000000e+00], state=[ 1.20000000e+02  6.00016194e+01  8.01972208e+03  1.80643542e+02
 -2.18309957e-03  8.01971953e+03  3.01137916e+02 -8.24483025e-02
  5.89717621e+00  1.20000000e+02  6.02692646e+01  8.02105263e+03
  3.00375848e+04 -3.63797881e-12  7.95047040e+03  3.05114798e-14
  3.00789474e+02  7.24962408e-15], current_reward=0.050118923122960624
2025-08-18 17:21:04,193 - INFO [ENV 12] - A0100 launch mission! Total Steps=3, obs=[ 1.60431545e+00  5.26376238e-01  8.50251761e-01  8.51803421e-02
  9.96365550e-01  8.80382339e-01  2.81133285e-02  5.76056154e-02
  6.18494809e-01  4.29258389e-03 -5.24638093e-04  1.41498787e-02
  1.57081039e+00  2.98574573e+00 -1.00000000e+00  0.00000000e+00
  0.00000000e+00  0.00000000e+00  0.00000000e+00  0.00000000e+00
  0.00000000e+00], state=[ 1.20000008e+02  6.00016155e+01  8.02157727e+03  1.80212212e+02
  4.19779085e-01  8.02157473e+03  3.00083919e+02  2.81372368e+00
 -3.89150427e+00  1.20000000e+02  6.02692646e+01  8.02105263e+03
  3.00375848e+04 -3.63797881e-12  7.95047040e+03  3.05114798e-14
  3.00789474e+02  7.24962408e-15], current_reward=0.04999919238773742
2025-08-18 17:21:04,196 - INFO [ENV 0] - render_result: {'enm_distance': 30000, 'enm_alt': 26315.78947368421, 'enm_lat': 60.26926459981188, 'enm_lon': 120.0, 'enm_speed': 986.8421052631579, 'enm_heading': 90, 'ego_alt': 26315.78947368421, 'ego_lat': 60, 'ego_lon': 120, 'ego_speed': 986.8421052631579, 'ego_heading': 0, 'enm_angle': 0, 'success': False, 'reward': 13.23614215732405, 'total_steps': 303}
2025-08-18 17:21:04,196 - CRITICAL [ENV 0] - [Episode #3033] Result: both_alive
2025-08-18 17:21:04,313 - INFO [ENV 9] - render_result: {'enm_distance': 30000, 'enm_alt': 26315.78947368421, 'enm_lat': 60.26926459981188, 'enm_lon': 120.0, 'enm_speed': 986.8421052631579, 'enm_heading': 90, 'ego_alt': 26315.78947368421, 'ego_lat': 60, 'ego_lon': 120, 'ego_speed': 986.8421052631579, 'ego_heading': 0, 'enm_angle': 0, 'success': False, 'reward': 15.969841157775132, 'total_steps': 308}
2025-08-18 17:21:04,313 - CRITICAL [ENV 9] - [Episode #3035] Result: both_alive
2025-08-18 17:21:04,372 - INFO [ENV 0] - A0100 launch mission! Total Steps=3, obs=[ 1.60395555e+00 -5.25042120e-02  9.98620703e-01 -7.82472279e-02
  9.96933985e-01  8.83326726e-01  6.62310590e-03 -5.35353647e-02
  6.20325817e-01  1.34819658e-03  1.27489977e-03  1.98070084e-02
  1.57079662e+00  2.98570416e+00  1.00000000e+00  0.00000000e+00
  0.00000000e+00  0.00000000e+00  0.00000000e+00  0.00000000e+00
  0.00000000e+00], state=[ 1.20000000e+02  6.00016192e+01  8.01977773e+03  1.80623618e+02
  8.83381483e-03  8.01977518e+03  3.00844591e+02 -1.62669677e-02
  5.26101826e+00  1.20000000e+02  6.02692646e+01  8.02105263e+03
  3.00375848e+04 -3.63797881e-12  7.95047040e+03  3.05114798e-14
  3.00789474e+02  7.24962408e-15], current_reward=0.050118923122960624
2025-08-18 17:21:04,450 - INFO [ENV 9] - A0100 launch mission! Total Steps=3, obs=[ 1.60375084e+00  5.21474953e-01  8.53266590e-01  2.19081998e-02
  9.99759987e-01  8.80564148e-01 -9.00900812e-03  4.84785977e-02
  6.17979357e-01  4.11077451e-03  2.29845136e-03  2.22383124e-02
  1.57079530e+00  2.98573368e+00 -1.00000000e+00  0.00000000e+00
  0.00000000e+00  0.00000000e+00  0.00000000e+00  0.00000000e+00
  0.00000000e+00], state=[ 1.19999999e+02  6.00016165e+01  8.01875418e+03  1.80326072e+02
 -3.05094432e-02  8.01875164e+03  2.99800975e+02  1.01413817e+00
  5.90471871e+00  1.20000000e+02  6.02692646e+01  8.02105263e+03
  3.00375848e+04 -3.63797881e-12  7.95047040e+03  3.05114798e-14
  3.00789474e+02  7.24962408e-15], current_reward=0.04941424286371898
2025-08-18 17:21:04,451 - INFO [ENV 11] - render_result: {'enm_distance': 30000, 'enm_alt': 26315.78947368421, 'enm_lat': 60.26926459981188, 'enm_lon': 120.0, 'enm_speed': 986.8421052631579, 'enm_heading': 90, 'ego_alt': 26315.78947368421, 'ego_lat': 60, 'ego_lon': 120, 'ego_speed': 986.8421052631579, 'ego_heading': 0, 'enm_angle': 0, 'success': False, 'reward': -8.623488176541144, 'total_steps': 305}
2025-08-18 17:21:04,451 - CRITICAL [ENV 11] - [Episode #3038] Result: both_alive
2025-08-18 17:21:04,512 - INFO [ENV 11] - A0100 launch mission! Total Steps=1, obs=[ 1.60418884e+00  4.76570428e-02  9.98863758e-01 -7.21326485e-03
  9.99973984e-01  8.85666699e-01 -7.96280256e-05 -2.85316801e-03
  6.20838445e-01 -9.91776106e-04  1.08454865e-04  6.34255315e-03
  1.57079638e+00  2.99774834e+00 -1.00000000e+00  0.00000000e+00
  0.00000000e+00  0.00000000e+00  0.00000000e+00  0.00000000e+00
  0.00000000e+00], state=[ 1.20000000e+02  6.00005395e+01  8.02094418e+03  6.01842014e+01
  1.46291632e-03  8.02094389e+03  3.01125842e+02  2.26742775e-02
  1.20186660e+00  1.20000000e+02  6.02692646e+01  8.02105263e+03
  3.00375848e+04 -3.63797881e-12  7.95047040e+03  3.05114798e-14
  3.00789474e+02  7.24962408e-15], current_reward=0
2025-08-18 17:21:04,556 - INFO [ENV 15] - render_result: {'enm_distance': 30000, 'enm_alt': 26315.78947368421, 'enm_lat': 60.26926459981188, 'enm_lon': 120.0, 'enm_speed': 986.8421052631579, 'enm_heading': 90, 'ego_alt': 26315.78947368421, 'ego_lat': 60, 'ego_lon': 120, 'ego_speed': 986.8421052631579, 'ego_heading': 0, 'enm_angle': 0, 'success': False, 'reward': -10.1185607488427, 'total_steps': 303}
2025-08-18 17:21:04,556 - CRITICAL [ENV 15] - [Episode #3040] Result: both_alive
2025-08-18 17:21:04,559 - INFO [ENV 7] - render_result: {'enm_distance': 30000, 'enm_alt': 26315.78947368421, 'enm_lat': 60.26926459981188, 'enm_lon': 120.0, 'enm_speed': 986.8421052631579, 'enm_heading': 90, 'ego_alt': 26315.78947368421, 'ego_lat': 60, 'ego_lon': 120, 'ego_speed': 986.8421052631579, 'ego_heading': 0, 'enm_angle': 0, 'success': False, 'reward': -11.929652266084638, 'total_steps': 304}
2025-08-18 17:21:04,559 - CRITICAL [ENV 7] - [Episode #3040] Result: both_alive
2025-08-18 17:21:04,623 - INFO [ENV 7] - A0100 launch mission! Total Steps=1, obs=[ 1.60418200e+00  4.43068087e-02  9.99017971e-01 -2.28024379e-02
  9.99739991e-01  8.81876220e-01 -2.66340678e-03 -1.46742936e-02
  6.17957993e-01  2.79870248e-03  1.42652650e-04  8.39848242e-03
  1.57079619e+00  2.99776010e+00  1.00000000e+00  0.00000000e+00
  0.00000000e+00  0.00000000e+00  0.00000000e+00  0.00000000e+00
  0.00000000e+00], state=[ 1.20000000e+02  6.00005385e+01  8.02090998e+03  6.00665410e+01
 -4.18590110e-03  8.02090970e+03  2.99875304e+02 -1.29339264e-02
  1.81385920e+00  1.20000000e+02  6.02692646e+01  8.02105263e+03
  3.00375848e+04 -3.63797881e-12  7.95047040e+03  3.05114798e-14
  3.00789474e+02  7.24962408e-15], current_reward=0
2025-08-18 17:21:04,626 - INFO [ENV 15] - A0100 launch mission! Total Steps=1, obs=[ 1.60418200e+00  4.43068087e-02  9.99017971e-01 -2.28024379e-02
  9.99739991e-01  8.81876220e-01 -2.66340678e-03 -1.46742936e-02
  6.17957993e-01  2.79870248e-03  1.42652650e-04  8.39848242e-03
  1.57079619e+00  2.99776010e+00  1.00000000e+00  0.00000000e+00
  0.00000000e+00  0.00000000e+00  0.00000000e+00  0.00000000e+00
  0.00000000e+00], state=[ 1.20000000e+02  6.00005385e+01  8.02090998e+03  6.00665410e+01
 -4.18590110e-03  8.02090970e+03  2.99875304e+02 -1.29339264e-02
  1.81385920e+00  1.20000000e+02  6.02692646e+01  8.02105263e+03
  3.00375848e+04 -3.63797881e-12  7.95047040e+03  3.05114798e-14
  3.00789474e+02  7.24962408e-15], current_reward=0
2025-08-18 17:21:04,753 - INFO [ENV 8] - render_result: {'enm_distance': 30000, 'enm_alt': 26315.78947368421, 'enm_lat': 60.26926459981188, 'enm_lon': 120.0, 'enm_speed': 986.8421052631579, 'enm_heading': 90, 'ego_alt': 26315.78947368421, 'ego_lat': 60, 'ego_lon': 120, 'ego_speed': 986.8421052631579, 'ego_heading': 0, 'enm_angle': 0, 'success': False, 'reward': -7.458971382053878, 'total_steps': 304}
2025-08-18 17:21:04,753 - CRITICAL [ENV 8] - [Episode #3044] Result: both_alive
2025-08-18 17:21:04,814 - INFO [ENV 8] - A0100 launch mission! Total Steps=1, obs=[ 1.60418051e+00  9.52220309e-02  9.95456059e-01 -2.28531763e-02
  9.99738832e-01  8.82060338e-01 -4.38003711e-03 -1.37394158e-02
  6.18096289e-01  2.61458430e-03  1.50096429e-04  9.22884771e-03
  1.57079609e+00  2.99775993e+00  1.00000000e+00  0.00000000e+00
  0.00000000e+00  0.00000000e+00  0.00000000e+00  0.00000000e+00
  0.00000000e+00], state=[ 1.20000000e+02  6.00005385e+01  8.02090254e+03  6.00682693e+01
 -7.15750966e-03  8.02090225e+03  2.99933493e+02 -4.89221245e-02
  2.06295022e+00  1.20000000e+02  6.02692646e+01  8.02105263e+03
  3.00375848e+04 -3.63797881e-12  7.95047040e+03  3.05114798e-14
  3.00789474e+02  7.24962408e-15], current_reward=0
2025-08-18 17:21:15,109 - INFO [ENV 3] - render_result: {'enm_distance': 30000, 'enm_alt': 26315.78947368421, 'enm_lat': 60.26926459981188, 'enm_lon': 120.0, 'enm_speed': 986.8421052631579, 'enm_heading': 90, 'ego_alt': 26315.78947368421, 'ego_lat': 60, 'ego_lon': 120, 'ego_speed': 986.8421052631579, 'ego_heading': 0, 'enm_angle': 0, 'success': False, 'reward': -7.146939022798485, 'total_steps': 304}
2025-08-18 17:21:15,109 - CRITICAL [ENV 3] - [Episode #3326] Result: both_alive
2025-08-18 17:21:15,168 - INFO [ENV 3] - A0100 launch mission! Total Steps=1, obs=[ 1.60421779e+00 -9.44554297e-02  9.95529091e-01  1.64635806e-02
  9.99864466e-01  8.84511127e-01  3.35786292e-03  1.20261004e-02
  6.19991600e-01  1.63795646e-04 -3.63111988e-05  9.50929631e-04
  1.57079650e+00  2.99775048e+00  1.00000000e+00  0.00000000e+00
  0.00000000e+00  0.00000000e+00  0.00000000e+00  0.00000000e+00
  0.00000000e+00], state=[ 1.20000000e+02  6.00005393e+01  8.02108894e+03  6.01631846e+01
  5.08184651e-03  8.02108866e+03  3.00762114e+02 -5.62692931e-02
 -9.88936050e-01  1.20000000e+02  6.02692646e+01  8.02105263e+03
  3.00375848e+04 -3.63797881e-12  7.95047040e+03  3.05114798e-14
  3.00789474e+02  7.24962408e-15], current_reward=0
2025-08-18 17:21:15,254 - INFO [ENV 6] - render_result: {'enm_distance': 30000, 'enm_alt': 26315.78947368421, 'enm_lat': 60.26926459981188, 'enm_lon': 120.0, 'enm_speed': 986.8421052631579, 'enm_heading': 90, 'ego_alt': 26315.78947368421, 'ego_lat': 60, 'ego_lon': 120, 'ego_speed': 986.8421052631579, 'ego_heading': 0, 'enm_angle': 0, 'success': False, 'reward': -8.254568450288346, 'total_steps': 303}
2025-08-18 17:21:15,256 - CRITICAL [ENV 6] - [Episode #3329] Result: both_alive
2025-08-18 17:21:15,257 - INFO [ENV 10] - render_result: {'enm_distance': 30000, 'enm_alt': 26315.78947368421, 'enm_lat': 60.26926459981188, 'enm_lon': 120.0, 'enm_speed': 986.8421052631579, 'enm_heading': 90, 'ego_alt': 26315.78947368421, 'ego_lat': 60, 'ego_lon': 120, 'ego_speed': 986.8421052631579, 'ego_heading': 0, 'enm_angle': 0, 'success': False, 'reward': -8.15890703566673, 'total_steps': 302}
2025-08-18 17:21:15,257 - CRITICAL [ENV 10] - [Episode #3329] Result: both_alive
2025-08-18 17:21:15,318 - INFO [ENV 6] - A0100 launch mission! Total Steps=1, obs=[ 1.60421066e+00 -5.91266203e-02  9.98250491e-01  8.86971749e-04
  9.99999607e-01  8.81493200e-01  2.94320804e-03  5.00783036e-04
  6.17557892e-01  3.18172238e-03 -6.93144464e-07  1.83757685e-03
  1.57079650e+00  2.99776149e+00  1.00000000e+00  0.00000000e+00
  0.00000000e+00  0.00000000e+00  0.00000000e+00  0.00000000e+00
  0.00000000e+00], state=[ 1.20000000e+02  6.00005383e+01  8.02105332e+03  6.00529962e+01
  5.07049427e-03  8.02105304e+03  2.99709367e+02 -1.05726467e-02
 -1.55031407e-01  1.20000000e+02  6.02692646e+01  8.02105263e+03
  3.00375848e+04 -3.63797881e-12  7.95047040e+03  3.05114798e-14
  3.00789474e+02  7.24962408e-15], current_reward=0
2025-08-18 17:21:15,354 - INFO [ENV 4] - render_result: {'enm_distance': 30000, 'enm_alt': 26315.78947368421, 'enm_lat': 60.26926459981188, 'enm_lon': 120.0, 'enm_speed': 986.8421052631579, 'enm_heading': 90, 'ego_alt': 26315.78947368421, 'ego_lat': 60, 'ego_lon': 120, 'ego_speed': 986.8421052631579, 'ego_heading': 0, 'enm_angle': 0, 'success': False, 'reward': -7.251648402723607, 'total_steps': 303}
2025-08-18 17:21:15,355 - CRITICAL [ENV 4] - [Episode #3331] Result: both_alive
2025-08-18 17:21:15,417 - INFO [ENV 4] - A0100 launch mission! Total Steps=1, obs=[ 1.60420064e+00 -9.46398156e-02  9.95511580e-01 -2.28045348e-02
  9.99739943e-01  8.80877092e-01  4.95468340e-03 -1.80817285e-02
  6.17228557e-01  3.79783092e-03  4.94176549e-05  4.19527087e-03
  1.57079656e+00  2.99776236e+00 -1.00000000e+00  0.00000000e+00
  0.00000000e+00  0.00000000e+00  0.00000000e+00  0.00000000e+00
  0.00000000e+00], state=[ 1.20000000e+02  6.00005383e+01  8.02100321e+03  6.00441560e+01
  7.03660062e-03  8.02100293e+03  2.99565530e+02  2.07163823e-03
  5.51927102e-01  1.20000000e+02  6.02692646e+01  8.02105263e+03
  3.00375848e+04 -3.63797881e-12  7.95047040e+03  3.05114798e-14
  3.00789474e+02  7.24962408e-15], current_reward=0
2025-08-18 17:21:15,417 - INFO [ENV 10] - A0100 launch mission! Total Steps=3, obs=[ 1.60380200e+00  1.82578130e-01  9.83191348e-01  3.13204225e-02
  9.99509395e-01  8.83515651e-01 -3.19431578e-03  4.39998699e-02
  6.20070231e-01  1.15927209e-03  2.04261423e-03  1.92557992e-02
  1.57079573e+00  2.98569470e+00 -1.00000000e+00  0.00000000e+00
  0.00000000e+00  0.00000000e+00  0.00000000e+00  0.00000000e+00
  0.00000000e+00], state=[ 1.20000000e+02  6.00016200e+01  8.01901002e+03  1.80716501e+02
 -1.77034519e-02  8.01900746e+03  3.00726289e+02  2.70497316e-01
  5.09457978e+00  1.20000000e+02  6.02692646e+01  8.02105263e+03
  3.00375848e+04 -3.63797881e-12  7.95047040e+03  3.05114798e-14
  3.00789474e+02  7.24962408e-15], current_reward=0.04972176617594748
2025-08-18 17:21:15,417 - INFO [ENV 2] - render_result: {'enm_distance': 30000, 'enm_alt': 26315.78947368421, 'enm_lat': 60.26926459981188, 'enm_lon': 120.0, 'enm_speed': 986.8421052631579, 'enm_heading': 90, 'ego_alt': 26315.78947368421, 'ego_lat': 60, 'ego_lon': 120, 'ego_speed': 986.8421052631579, 'ego_heading': 0, 'enm_angle': 0, 'success': False, 'reward': -6.909160736462624, 'total_steps': 303}
2025-08-18 17:21:15,418 - CRITICAL [ENV 2] - [Episode #3332] Result: both_alive
2025-08-18 17:21:15,422 - INFO [ENV 1] - render_result: {'enm_distance': 30000, 'enm_alt': 26315.78947368421, 'enm_lat': 60.26926459981188, 'enm_lon': 120.0, 'enm_speed': 986.8421052631579, 'enm_heading': 90, 'ego_alt': 26315.78947368421, 'ego_lat': 60, 'ego_lon': 120, 'ego_speed': 986.8421052631579, 'ego_heading': 0, 'enm_angle': 0, 'success': False, 'reward': -7.879642386840189, 'total_steps': 302}
2025-08-18 17:21:15,423 - CRITICAL [ENV 1] - [Episode #3332] Result: both_alive
2025-08-18 17:21:15,486 - INFO [ENV 14] - render_result: {'enm_distance': 30000, 'enm_alt': 26315.78947368421, 'enm_lat': 60.26926459981188, 'enm_lon': 120.0, 'enm_speed': 986.8421052631579, 'enm_heading': 90, 'ego_alt': 26315.78947368421, 'ego_lat': 60, 'ego_lon': 120, 'ego_speed': 986.8421052631579, 'ego_heading': 0, 'enm_angle': 0, 'success': False, 'reward': -7.410650706302157, 'total_steps': 304}
2025-08-18 17:21:15,488 - INFO [ENV 13] - render_result: {'enm_distance': 30000, 'enm_alt': 26315.78947368421, 'enm_lat': 60.26926459981188, 'enm_lon': 120.0, 'enm_speed': 986.8421052631579, 'enm_heading': 90, 'ego_alt': 26315.78947368421, 'ego_lat': 60, 'ego_lon': 120, 'ego_speed': 986.8421052631579, 'ego_heading': 0, 'enm_angle': 0, 'success': False, 'reward': -10.186768969017834, 'total_steps': 302}
2025-08-18 17:21:15,488 - CRITICAL [ENV 14] - [Episode #3333] Result: both_alive
2025-08-18 17:21:15,488 - INFO [ENV 5] - render_result: {'enm_distance': 30000, 'enm_alt': 26315.78947368421, 'enm_lat': 60.26926459981188, 'enm_lon': 120.0, 'enm_speed': 986.8421052631579, 'enm_heading': 90, 'ego_alt': 26315.78947368421, 'ego_lat': 60, 'ego_lon': 120, 'ego_speed': 986.8421052631579, 'ego_heading': 0, 'enm_angle': 0, 'success': False, 'reward': -7.162309769227502, 'total_steps': 303}
2025-08-18 17:21:15,488 - CRITICAL [ENV 13] - [Episode #3333] Result: both_alive
2025-08-18 17:21:15,488 - CRITICAL [ENV 5] - [Episode #3333] Result: both_alive
2025-08-18 17:21:15,554 - INFO [ENV 1] - A0100 launch mission! Total Steps=2, obs=[ 1.60420273e+00  3.64695231e-01  9.31126945e-01  9.98793679e-02
  9.94999554e-01  8.78683111e-01  1.19124505e-02  8.58086973e-02
  6.18693528e-01  5.99181185e-03  3.90007024e-05  3.41499405e-03
  1.57079798e+00  2.99174824e+00 -1.00000000e+00  0.00000000e+00
  0.00000000e+00  0.00000000e+00  0.00000000e+00  0.00000000e+00
  0.00000000e+00], state=[ 1.20000001e+02  6.00010774e+01  8.02101363e+03  1.20185606e+02
  4.95946487e-02  8.02101250e+03  3.00196683e+02  8.06790191e-01
 -1.33972349e+00  1.20000000e+02  6.02692646e+01  8.02105263e+03
  3.00375848e+04 -3.63797881e-12  7.95047040e+03  3.05114798e-14
  3.00789474e+02  7.24962408e-15], current_reward=0.02494531776828346
2025-08-18 17:21:15,558 - INFO [ENV 12] - render_result: {'enm_distance': 30000, 'enm_alt': 26315.78947368421, 'enm_lat': 60.26926459981188, 'enm_lon': 120.0, 'enm_speed': 986.8421052631579, 'enm_heading': 90, 'ego_alt': 26315.78947368421, 'ego_lat': 60, 'ego_lon': 120, 'ego_speed': 986.8421052631579, 'ego_heading': 0, 'enm_angle': 0, 'success': False, 'reward': 10.80475538767201, 'total_steps': 304}
2025-08-18 17:21:15,559 - CRITICAL [ENV 12] - [Episode #3334] Result: both_alive
2025-08-18 17:21:15,611 - INFO [ENV 14] - A0100 launch mission! Total Steps=2, obs=[ 1.60413870e+00 -1.92775848e-01  9.81242820e-01 -6.86584004e-02
  9.97640228e-01  8.75871060e-01  6.70839671e-03 -5.07457522e-02
  6.14327894e-01  8.80386251e-03  3.59145542e-04  1.27984141e-02
  1.57079606e+00  2.99178411e+00 -1.00000000e+00  0.00000000e+00
  0.00000000e+00  0.00000000e+00  0.00000000e+00  0.00000000e+00
  0.00000000e+00], state=[ 1.20000000e+02  6.00010742e+01  8.02069349e+03  1.19826100e+02
 -8.07009397e-03  8.02069236e+03  2.98287984e+02  1.28692521e-02
  3.11757491e+00  1.20000000e+02  6.02692646e+01  8.02105263e+03
  3.00375848e+04 -3.63797881e-12  7.95047040e+03  3.05114798e-14
  3.00789474e+02  7.24962408e-15], current_reward=0.024913268784994003
2025-08-18 17:21:15,613 - INFO [ENV 13] - A0100 launch mission! Total Steps=2, obs=[ 1.60401843e+00  1.91555501e-01  9.81481783e-01 -7.17652176e-02
  9.97421553e-01  8.86359336e-01 -5.29434770e-03 -4.58343425e-02
  6.22349412e-01 -1.68441308e-03  9.60490137e-04  2.23170342e-02
  1.57079543e+00  2.99171656e+00  1.00000000e+00  0.00000000e+00
  0.00000000e+00  0.00000000e+00  0.00000000e+00  0.00000000e+00
  0.00000000e+00], state=[ 1.20000000e+02  6.00010802e+01  8.02009214e+03  1.20500207e+02
 -2.66838290e-02  8.02009101e+03  3.01709895e+02 -2.38122473e-01
  6.02773928e+00  1.20000000e+02  6.02692646e+01  8.02105263e+03
  3.00375848e+04 -3.63797881e-12  7.95047040e+03  3.05114798e-14
  3.00789474e+02  7.24962408e-15], current_reward=0.02492941910200841
2025-08-18 17:21:15,651 - INFO [ENV 2] - A0100 launch mission! Total Steps=4, obs=[ 1.60364932e+00 -1.04546898e-01  9.94519958e-01  6.84263829e-02
  9.97656168e-01  8.81557282e-01 -7.53701665e-03  6.36987289e-02
  6.19521820e-01  3.11764058e-03  2.80602854e-03  6.53392961e-03
  1.57079810e+00  2.97971588e+00 -1.00000000e+00  0.00000000e+00
  0.00000000e+00  0.00000000e+00  0.00000000e+00  0.00000000e+00
  0.00000000e+00], state=[ 1.20000001e+02  6.00021560e+01  8.01824660e+03  2.40503073e+02
  5.28819214e-02  8.01824208e+03  3.00519037e+02  3.62165994e-01
  1.24627848e+00  1.20000000e+02  6.02692646e+01  8.02105263e+03
  3.00375848e+04 -3.63797881e-12  7.95047040e+03  3.05114798e-14
  3.00789474e+02  7.24962408e-15], current_reward=0.07504450327895285
2025-08-18 17:21:15,653 - INFO [ENV 12] - A0100 launch mission! Total Steps=2, obs=[ 1.60433055e+00 -1.93810972e-01  9.81038892e-01  9.63580106e-02
  9.95346740e-01  8.80456857e-01 -5.52385154e-03  7.11988437e-02
  6.18991368e-01  4.21806570e-03 -6.00135981e-04  1.41848493e-02
  1.57079289e+00  2.99174040e+00  1.00000000e+00  0.00000000e+00
  0.00000000e+00  0.00000000e+00  0.00000000e+00  0.00000000e+00
  0.00000000e+00], state=[ 1.19999998e+02  6.00010781e+01  8.02165277e+03  1.20265450e+02
 -1.02790104e-01  8.02165164e+03  3.00297504e+02 -1.04226683e+00
 -4.84488433e+00  1.20000000e+02  6.02692646e+01  8.02105263e+03
  3.00375848e+04 -3.63797881e-12  7.95047040e+03  3.05114798e-14
  3.00789474e+02  7.24962408e-15], current_reward=0.024891896396910695
2025-08-18 17:21:15,654 - INFO [ENV 5] - A0100 launch mission! Total Steps=3, obs=[ 1.60385799e+00  3.27062008e-01  9.45002880e-01 -3.76647731e-03
  9.99992907e-01  8.85790392e-01 -8.67612114e-03  2.01654086e-02
  6.21197733e-01 -1.11546927e-03  1.76270082e-03  2.43765081e-02
  1.57079631e+00  2.98571210e+00 -1.00000000e+00  0.00000000e+00
  0.00000000e+00  0.00000000e+00  0.00000000e+00  0.00000000e+00
  0.00000000e+00], state=[ 1.20000000e+02  6.00016185e+01  8.01928993e+03  1.80543101e+02
 -4.78042610e-04  8.01928738e+03  3.01187830e+02  3.98908356e-02
  6.64867754e+00  1.20000000e+02  6.02692646e+01  8.02105263e+03
  3.00375848e+04 -3.63797881e-12  7.95047040e+03  3.05114798e-14
  3.00789474e+02  7.24962408e-15], current_reward=0.049853870466488814
2025-08-18 17:21:15,687 - INFO [ENV 0] - render_result: {'enm_distance': 30000, 'enm_alt': 26315.78947368421, 'enm_lat': 60.26926459981188, 'enm_lon': 120.0, 'enm_speed': 986.8421052631579, 'enm_heading': 90, 'ego_alt': 26315.78947368421, 'ego_lat': 60, 'ego_lon': 120, 'ego_speed': 986.8421052631579, 'ego_heading': 0, 'enm_angle': 0, 'success': False, 'reward': -11.19170621931509, 'total_steps': 304}
2025-08-18 17:21:15,687 - CRITICAL [ENV 0] - [Episode #3337] Result: both_alive
2025-08-18 17:21:15,755 - INFO [ENV 0] - A0100 launch mission! Total Steps=1, obs=[ 1.60420064e+00 -9.46398156e-02  9.95511580e-01 -2.28045348e-02
  9.99739943e-01  8.80877092e-01  4.95468340e-03 -1.80817285e-02
  6.17228557e-01  3.79783092e-03  4.94176549e-05  4.19527087e-03
  1.57079656e+00  2.99776236e+00 -1.00000000e+00  0.00000000e+00
  0.00000000e+00  0.00000000e+00  0.00000000e+00  0.00000000e+00
  0.00000000e+00], state=[ 1.20000000e+02  6.00005383e+01  8.02100321e+03  6.00441560e+01
  7.03660062e-03  8.02100293e+03  2.99565530e+02  2.07163823e-03
  5.51927102e-01  1.20000000e+02  6.02692646e+01  8.02105263e+03
  3.00375848e+04 -3.63797881e-12  7.95047040e+03  3.05114798e-14
  3.00789474e+02  7.24962408e-15], current_reward=0
2025-08-18 17:21:15,795 - INFO [ENV 9] - render_result: {'enm_distance': 30000, 'enm_alt': 26315.78947368421, 'enm_lat': 60.26926459981188, 'enm_lon': 120.0, 'enm_speed': 986.8421052631579, 'enm_heading': 90, 'ego_alt': 26315.78947368421, 'ego_lat': 60, 'ego_lon': 120, 'ego_speed': 986.8421052631579, 'ego_heading': 0, 'enm_angle': 0, 'success': False, 'reward': 14.586920238229485, 'total_steps': 304}
2025-08-18 17:21:15,795 - CRITICAL [ENV 9] - [Episode #3339] Result: both_alive
2025-08-18 17:21:15,856 - INFO [ENV 9] - A0100 launch mission! Total Steps=1, obs=[ 1.60418200e+00  4.43068087e-02  9.99017971e-01 -2.28024379e-02
  9.99739991e-01  8.81876220e-01 -2.66340678e-03 -1.46742936e-02
  6.17957993e-01  2.79870248e-03  1.42652650e-04  8.39848242e-03
  1.57079619e+00  2.99776010e+00  1.00000000e+00  0.00000000e+00
  0.00000000e+00  0.00000000e+00  0.00000000e+00  0.00000000e+00
  0.00000000e+00], state=[ 1.20000000e+02  6.00005385e+01  8.02090998e+03  6.00665410e+01
 -4.18590110e-03  8.02090970e+03  2.99875304e+02 -1.29339264e-02
  1.81385920e+00  1.20000000e+02  6.02692646e+01  8.02105263e+03
  3.00375848e+04 -3.63797881e-12  7.95047040e+03  3.05114798e-14
  3.00789474e+02  7.24962408e-15], current_reward=0
2025-08-18 17:21:15,859 - INFO [ENV 11] - render_result: {'enm_distance': 30000, 'enm_alt': 26315.78947368421, 'enm_lat': 60.26926459981188, 'enm_lon': 120.0, 'enm_speed': 986.8421052631579, 'enm_heading': 90, 'ego_alt': 26315.78947368421, 'ego_lat': 60, 'ego_lon': 120, 'ego_speed': 986.8421052631579, 'ego_heading': 0, 'enm_angle': 0, 'success': False, 'reward': -7.177244177346157, 'total_steps': 302}
2025-08-18 17:21:15,860 - CRITICAL [ENV 11] - [Episode #3340] Result: both_alive
2025-08-18 17:21:15,964 - INFO [ENV 15] - render_result: {'enm_distance': 30000, 'enm_alt': 26315.78947368421, 'enm_lat': 60.26926459981188, 'enm_lon': 120.0, 'enm_speed': 986.8421052631579, 'enm_heading': 90, 'ego_alt': 26315.78947368421, 'ego_lat': 60, 'ego_lon': 120, 'ego_speed': 986.8421052631579, 'ego_heading': 0, 'enm_angle': 0, 'success': False, 'reward': -7.546579643000015, 'total_steps': 302}
2025-08-18 17:21:15,964 - CRITICAL [ENV 15] - [Episode #3342] Result: both_alive
2025-08-18 17:21:15,964 - INFO [ENV 7] - render_result: {'enm_distance': 30000, 'enm_alt': 26315.78947368421, 'enm_lat': 60.26926459981188, 'enm_lon': 120.0, 'enm_speed': 986.8421052631579, 'enm_heading': 90, 'ego_alt': 26315.78947368421, 'ego_lat': 60, 'ego_lon': 120, 'ego_speed': 986.8421052631579, 'ego_heading': 0, 'enm_angle': 0, 'success': False, 'reward': -7.037281694543381, 'total_steps': 302}
2025-08-18 17:21:15,965 - CRITICAL [ENV 7] - [Episode #3342] Result: both_alive
2025-08-18 17:21:16,022 - INFO [ENV 11] - A0100 launch mission! Total Steps=3, obs=[ 1.60370604e+00  9.71013069e-02  9.95274503e-01 -1.03313089e-01
  9.94648886e-01  8.80648733e-01  2.31529013e-03 -6.31005000e-02
  6.18744685e-01  4.02618930e-03  2.52243094e-03  3.48858270e-02
  1.57079269e+00  2.98575167e+00  1.00000000e+00  0.00000000e+00
  0.00000000e+00  0.00000000e+00  0.00000000e+00  0.00000000e+00
  0.00000000e+00], state=[ 1.19999998e+02  6.00016149e+01  8.01853020e+03  1.80145698e+02
 -1.08570324e-01  8.01852766e+03  3.00029643e+02 -5.55369843e-01
  9.77156562e+00  1.20000000e+02  6.02692646e+01  8.02105263e+03
  3.00375848e+04 -3.63797881e-12  7.95047040e+03  3.05114798e-14
  3.00789474e+02  7.24962408e-15], current_reward=0.04939427521005513
2025-08-18 17:21:16,022 - INFO [ENV 15] - A0100 launch mission! Total Steps=1, obs=[ 1.60418203e+00  4.49303062e-02  9.98990124e-01 -2.27991706e-02
  9.99740065e-01  8.81874246e-01 -2.23685593e-03 -1.46999560e-02
  6.17955843e-01  2.80067689e-03  1.42468994e-04  8.38637033e-03
  1.57079622e+00  2.99776011e+00  1.00000000e+00  0.00000000e+00
  0.00000000e+00  0.00000000e+00  0.00000000e+00  0.00000000e+00
  0.00000000e+00], state=[ 1.20000000e+02  6.00005385e+01  8.02091016e+03  6.00664967e+01
 -3.22200014e-03  8.02090988e+03  2.99874397e+02 -8.49950355e-03
  1.81023860e+00  1.20000000e+02  6.02692646e+01  8.02105263e+03
  3.00375848e+04 -3.63797881e-12  7.95047040e+03  3.05114798e-14
  3.00789474e+02  7.24962408e-15], current_reward=0
2025-08-18 17:21:16,025 - INFO [ENV 7] - A0100 launch mission! Total Steps=1, obs=[ 1.60421779e+00 -9.44554297e-02  9.95529091e-01  1.64635806e-02
  9.99864466e-01  8.84511127e-01  3.35786292e-03  1.20261004e-02
  6.19991600e-01  1.63795646e-04 -3.63111988e-05  9.50929631e-04
  1.57079650e+00  2.99775048e+00  1.00000000e+00  0.00000000e+00
  0.00000000e+00  0.00000000e+00  0.00000000e+00  0.00000000e+00
  0.00000000e+00], state=[ 1.20000000e+02  6.00005393e+01  8.02108894e+03  6.01631846e+01
  5.08184651e-03  8.02108866e+03  3.00762114e+02 -5.62692931e-02
 -9.88936050e-01  1.20000000e+02  6.02692646e+01  8.02105263e+03
  3.00375848e+04 -3.63797881e-12  7.95047040e+03  3.05114798e-14
  3.00789474e+02  7.24962408e-15], current_reward=0
2025-08-18 17:21:16,141 - INFO [ENV 8] - render_result: {'enm_distance': 30000, 'enm_alt': 26315.78947368421, 'enm_lat': 60.26926459981188, 'enm_lon': 120.0, 'enm_speed': 986.8421052631579, 'enm_heading': 90, 'ego_alt': 26315.78947368421, 'ego_lat': 60, 'ego_lon': 120, 'ego_speed': 986.8421052631579, 'ego_heading': 0, 'enm_angle': 0, 'success': False, 'reward': -8.779633153388925, 'total_steps': 302}
2025-08-18 17:21:16,141 - CRITICAL [ENV 8] - [Episode #3346] Result: both_alive
2025-08-18 17:21:16,238 - INFO [ENV 8] - A0100 launch mission! Total Steps=2, obs=[ 1.60431519e+00 -1.74399711e-01  9.84674942e-01  9.67818679e-02
  9.95305616e-01  8.77881392e-01 -2.50424140e-03  7.26066459e-02
  6.17058259e-01  6.79353076e-03 -5.23337754e-04  1.29846952e-02
  1.57079461e+00  2.99174716e+00  1.00000000e+00  0.00000000e+00
  0.00000000e+00  0.00000000e+00  0.00000000e+00  0.00000000e+00
  0.00000000e+00], state=[ 1.19999999e+02  6.00010775e+01  8.02157597e+03  1.20197677e+02
 -5.12698391e-02  8.02157484e+03  2.99464798e+02 -6.49785259e-01
 -4.54579568e+00  1.20000000e+02  6.02692646e+01  8.02105263e+03
  3.00375848e+04 -3.63797881e-12  7.95047040e+03  3.05114798e-14
  3.00789474e+02  7.24962408e-15], current_reward=0.024905994806097453
2025-08-18 17:21:26,561 - INFO [ENV 3] - render_result: {'enm_distance': 30000, 'enm_alt': 26315.78947368421, 'enm_lat': 60.26926459981188, 'enm_lon': 120.0, 'enm_speed': 986.8421052631579, 'enm_heading': 90, 'ego_alt': 26315.78947368421, 'ego_lat': 60, 'ego_lon': 120, 'ego_speed': 986.8421052631579, 'ego_heading': 0, 'enm_angle': 0, 'success': False, 'reward': -9.15473484815044, 'total_steps': 302}
2025-08-18 17:21:26,561 - CRITICAL [ENV 3] - [Episode #3628] Result: both_alive
2025-08-18 17:21:26,614 - INFO [ENV 3] - A0100 launch mission! Total Steps=1, obs=[ 1.60420064e+00 -9.46398156e-02  9.95511580e-01 -2.28045348e-02
  9.99739943e-01  8.80877092e-01  4.95468340e-03 -1.80817285e-02
  6.17228557e-01  3.79783092e-03  4.94176549e-05  4.19527087e-03
  1.57079656e+00  2.99776236e+00 -1.00000000e+00  0.00000000e+00
  0.00000000e+00  0.00000000e+00  0.00000000e+00  0.00000000e+00
  0.00000000e+00], state=[ 1.20000000e+02  6.00005383e+01  8.02100321e+03  6.00441560e+01
  7.03660062e-03  8.02100293e+03  2.99565530e+02  2.07163823e-03
  5.51927102e-01  1.20000000e+02  6.02692646e+01  8.02105263e+03
  3.00375848e+04 -3.63797881e-12  7.95047040e+03  3.05114798e-14
  3.00789474e+02  7.24962408e-15], current_reward=0
2025-08-18 17:21:26,696 - INFO [ENV 6] - render_result: {'enm_distance': 30000, 'enm_alt': 26315.78947368421, 'enm_lat': 60.26926459981188, 'enm_lon': 120.0, 'enm_speed': 986.8421052631579, 'enm_heading': 90, 'ego_alt': 26315.78947368421, 'ego_lat': 60, 'ego_lon': 120, 'ego_speed': 986.8421052631579, 'ego_heading': 0, 'enm_angle': 0, 'success': False, 'reward': -7.456976469632082, 'total_steps': 302}
2025-08-18 17:21:26,696 - CRITICAL [ENV 6] - [Episode #3631] Result: both_alive
2025-08-18 17:21:26,750 - INFO [ENV 6] - A0100 launch mission! Total Steps=1, obs=[ 1.60421778e+00 -9.60428631e-02  9.95377199e-01  1.64707153e-02
  9.99864349e-01  8.84521647e-01  2.56312602e-03  1.19727369e-02
  6.19997207e-01  1.53275218e-04 -3.62794364e-05  9.47040904e-04
  1.57079644e+00  2.99775048e+00  1.00000000e+00  0.00000000e+00
  0.00000000e+00  0.00000000e+00  0.00000000e+00  0.00000000e+00
  0.00000000e+00], state=[ 1.20000000e+02  6.00005393e+01  8.02108891e+03  6.01631862e+01
  3.25728287e-03  8.02108863e+03  3.00764549e+02 -6.56905660e-02
 -9.85683167e-01  1.20000000e+02  6.02692646e+01  8.02105263e+03
  3.00375848e+04 -3.63797881e-12  7.95047040e+03  3.05114798e-14
  3.00789474e+02  7.24962408e-15], current_reward=0
2025-08-18 17:21:26,789 - INFO [ENV 10] - render_result: {'enm_distance': 30000, 'enm_alt': 26315.78947368421, 'enm_lat': 60.26926459981188, 'enm_lon': 120.0, 'enm_speed': 986.8421052631579, 'enm_heading': 90, 'ego_alt': 26315.78947368421, 'ego_lat': 60, 'ego_lon': 120, 'ego_speed': 986.8421052631579, 'ego_heading': 0, 'enm_angle': 0, 'success': False, 'reward': 15.959689700812866, 'total_steps': 304}
2025-08-18 17:21:26,789 - CRITICAL [ENV 10] - [Episode #3633] Result: both_alive
2025-08-18 17:21:26,792 - INFO [ENV 4] - render_result: {'enm_distance': 30000, 'enm_alt': 26315.78947368421, 'enm_lat': 60.26926459981188, 'enm_lon': 120.0, 'enm_speed': 986.8421052631579, 'enm_heading': 90, 'ego_alt': 26315.78947368421, 'ego_lat': 60, 'ego_lon': 120, 'ego_speed': 986.8421052631579, 'ego_heading': 0, 'enm_angle': 0, 'success': False, 'reward': -7.196313727318973, 'total_steps': 302}
2025-08-18 17:21:26,793 - CRITICAL [ENV 4] - [Episode #3633] Result: both_alive
2025-08-18 17:21:26,856 - INFO [ENV 10] - A0100 launch mission! Total Steps=1, obs=[ 1.60421052e+00 -6.03735408e-02  9.98175854e-01  2.70942634e-04
  9.99999963e-01  8.85208287e-01  2.15985457e-03 -3.83930528e-05
  6.20473292e-01 -5.33364708e-04  4.62442249e-08  1.89416749e-03
  1.57079643e+00  2.99774946e+00  1.00000000e+00  0.00000000e+00
  0.00000000e+00  0.00000000e+00  0.00000000e+00  0.00000000e+00
  0.00000000e+00], state=[ 1.20000000e+02  6.00005394e+01  8.02105259e+03  6.01732903e+01
  3.19032081e-03  8.02105230e+03  3.00971681e+02 -2.04106412e-02
 -1.38910993e-01  1.20000000e+02  6.02692646e+01  8.02105263e+03
  3.00375848e+04 -3.63797881e-12  7.95047040e+03  3.05114798e-14
  3.00789474e+02  7.24962408e-15], current_reward=0
2025-08-18 17:21:26,902 - INFO [ENV 1] - render_result: {'enm_distance': 30000, 'enm_alt': 26315.78947368421, 'enm_lat': 60.26926459981188, 'enm_lon': 120.0, 'enm_speed': 986.8421052631579, 'enm_heading': 90, 'ego_alt': 26315.78947368421, 'ego_lat': 60, 'ego_lon': 120, 'ego_speed': 986.8421052631579, 'ego_heading': 0, 'enm_angle': 0, 'success': False, 'reward': -8.374730969403718, 'total_steps': 303}
2025-08-18 17:21:26,902 - CRITICAL [ENV 1] - [Episode #3635] Result: both_alive
2025-08-18 17:21:26,954 - INFO [ENV 1] - A0100 launch mission! Total Steps=1, obs=[ 1.60420064e+00 -9.46398156e-02  9.95511580e-01 -2.28045348e-02
  9.99739943e-01  8.80877092e-01  4.95468340e-03 -1.80817285e-02
  6.17228557e-01  3.79783092e-03  4.94176549e-05  4.19527087e-03
  1.57079656e+00  2.99776236e+00 -1.00000000e+00  0.00000000e+00
  0.00000000e+00  0.00000000e+00  0.00000000e+00  0.00000000e+00
  0.00000000e+00], state=[ 1.20000000e+02  6.00005383e+01  8.02100321e+03  6.00441560e+01
  7.03660062e-03  8.02100293e+03  2.99565530e+02  2.07163823e-03
  5.51927102e-01  1.20000000e+02  6.02692646e+01  8.02105263e+03
  3.00375848e+04 -3.63797881e-12  7.95047040e+03  3.05114798e-14
  3.00789474e+02  7.24962408e-15], current_reward=0
2025-08-18 17:21:26,970 - INFO [ENV 13] - render_result: {'enm_distance': 30000, 'enm_alt': 26315.78947368421, 'enm_lat': 60.26926459981188, 'enm_lon': 120.0, 'enm_speed': 986.8421052631579, 'enm_heading': 90, 'ego_alt': 26315.78947368421, 'ego_lat': 60, 'ego_lon': 120, 'ego_speed': 986.8421052631579, 'ego_heading': 0, 'enm_angle': 0, 'success': False, 'reward': -7.507443696507668, 'total_steps': 303}
2025-08-18 17:21:26,970 - CRITICAL [ENV 13] - [Episode #3636] Result: both_alive
2025-08-18 17:21:26,970 - INFO [ENV 14] - render_result: {'enm_distance': 30000, 'enm_alt': 26315.78947368421, 'enm_lat': 60.26926459981188, 'enm_lon': 120.0, 'enm_speed': 986.8421052631579, 'enm_heading': 90, 'ego_alt': 26315.78947368421, 'ego_lat': 60, 'ego_lon': 120, 'ego_speed': 986.8421052631579, 'ego_heading': 0, 'enm_angle': 0, 'success': False, 'reward': -7.086681834645603, 'total_steps': 303}
2025-08-18 17:21:26,970 - CRITICAL [ENV 14] - [Episode #3636] Result: both_alive
2025-08-18 17:21:27,030 - INFO [ENV 2] - render_result: {'enm_distance': 30000, 'enm_alt': 26315.78947368421, 'enm_lat': 60.26926459981188, 'enm_lon': 120.0, 'enm_speed': 986.8421052631579, 'enm_heading': 90, 'ego_alt': 26315.78947368421, 'ego_lat': 60, 'ego_lon': 120, 'ego_speed': 986.8421052631579, 'ego_heading': 0, 'enm_angle': 0, 'success': False, 'reward': 15.633202937557229, 'total_steps': 305}
2025-08-18 17:21:27,031 - CRITICAL [ENV 2] - [Episode #3637] Result: both_alive
2025-08-18 17:21:27,034 - INFO [ENV 12] - render_result: {'enm_distance': 30000, 'enm_alt': 26315.78947368421, 'enm_lat': 60.26926459981188, 'enm_lon': 120.0, 'enm_speed': 986.8421052631579, 'enm_heading': 90, 'ego_alt': 26315.78947368421, 'ego_lat': 60, 'ego_lon': 120, 'ego_speed': 986.8421052631579, 'ego_heading': 0, 'enm_angle': 0, 'success': False, 'reward': -7.075001725723485, 'total_steps': 303}
2025-08-18 17:21:27,034 - INFO [ENV 5] - render_result: {'enm_distance': 30000, 'enm_alt': 26315.78947368421, 'enm_lat': 60.26926459981188, 'enm_lon': 120.0, 'enm_speed': 986.8421052631579, 'enm_heading': 90, 'ego_alt': 26315.78947368421, 'ego_lat': 60, 'ego_lon': 120, 'ego_speed': 986.8421052631579, 'ego_heading': 0, 'enm_angle': 0, 'success': False, 'reward': 7.7454522554189715, 'total_steps': 304}
2025-08-18 17:21:27,035 - CRITICAL [ENV 12] - [Episode #3637] Result: both_alive
2025-08-18 17:21:27,035 - CRITICAL [ENV 5] - [Episode #3637] Result: both_alive
2025-08-18 17:21:27,090 - INFO [ENV 12] - A0100 launch mission! Total Steps=1, obs=[ 1.60419781e+00  9.46377068e-02  9.95511780e-01  1.73212033e-02
  9.99849977e-01  8.81775954e-01 -2.86051025e-03  1.71187575e-02
  6.17911900e-01  2.89896814e-03  6.35891350e-05  4.04790301e-03
  1.57079614e+00  2.99776012e+00 -1.00000000e+00  0.00000000e+00
  0.00000000e+00  0.00000000e+00  0.00000000e+00  0.00000000e+00
  0.00000000e+00], state=[ 1.20000000e+02  6.00005385e+01  8.02098904e+03  6.00665905e+01
 -5.47369170e-03  8.02098876e+03  2.99861464e+02  8.79644035e-03
  5.08393835e-01  1.20000000e+02  6.02692646e+01  8.02105263e+03
  3.00375848e+04 -3.63797881e-12  7.95047040e+03  3.05114798e-14
  3.00789474e+02  7.24962408e-15], current_reward=0
2025-08-18 17:21:27,090 - INFO [ENV 13] - A0100 launch mission! Total Steps=2, obs=[ 1.60435328e+00 -3.72046674e-01  9.28214023e-01  1.01901346e-01
  9.94794509e-01  8.80166102e-01 -9.67471984e-03  7.28393972e-02
  6.18893348e-01  4.50882010e-03 -7.13763776e-04  1.97571191e-02
  1.57079219e+00  2.99174019e+00  1.00000000e+00  0.00000000e+00
  0.00000000e+00  0.00000000e+00  0.00000000e+00  0.00000000e+00
  0.00000000e+00], state=[ 1.19999998e+02  6.00010781e+01  8.02176640e+03  1.20267890e+02
 -1.23872935e-01  8.02176526e+03  3.00224468e+02 -1.66510065e+00
 -6.40927073e+00  1.20000000e+02  6.02692646e+01  8.02105263e+03
  3.00375848e+04 -3.63797881e-12  7.95047040e+03  3.05114798e-14
  3.00789474e+02  7.24962408e-15], current_reward=0.024891896396910695
2025-08-18 17:21:27,091 - INFO [ENV 4] - A0100 launch mission! Total Steps=5, obs=[ 1.60307370e+00 -2.33219004e-02  9.99728007e-01 -2.53420628e-02
  9.99678838e-01  8.83749856e-01 -4.50353767e-03  1.48278188e-02
  6.19610411e-01  9.25066257e-04  5.68413369e-03  4.44780264e-02
  1.57080634e+00  2.97370930e+00 -1.00000000e+00  0.00000000e+00
  0.00000000e+00  0.00000000e+00  0.00000000e+00  0.00000000e+00
  0.00000000e+00], state=[ 1.20000005e+02  6.00026944e+01  8.01536850e+03  3.00562584e+02
  2.97697410e-01  8.01536143e+03  3.00252343e+02  6.93979534e-01
  1.26888226e+01  1.20000000e+02  6.02692646e+01  8.02105263e+03
  3.00375848e+04 -3.63797881e-12  7.95047040e+03  3.05114798e-14
  3.00789474e+02  7.24962408e-15], current_reward=0.09874988446454225
2025-08-18 17:21:27,127 - INFO [ENV 5] - A0100 launch mission! Total Steps=2, obs=[ 1.60422994e+00  2.05694992e-01  9.78616151e-01  1.03134913e-01
  9.94667376e-01  8.76531789e-01  5.28474591e-03  8.54124525e-02
  6.16927920e-01  8.14313321e-03 -9.70509348e-05  4.87778053e-03
  1.57079727e+00  2.99175710e+00 -1.00000000e+00  0.00000000e+00
  0.00000000e+00  0.00000000e+00  0.00000000e+00  0.00000000e+00
  0.00000000e+00], state=[ 1.20000001e+02  6.00010766e+01  8.02114968e+03  1.20097276e+02
  2.81971948e-02  8.02114855e+03  2.99430060e+02  4.36828929e-01
 -2.10103276e+00  1.20000000e+02  6.02692646e+01  8.02105263e+03
  3.00375848e+04 -3.63797881e-12  7.95047040e+03  3.05114798e-14
  3.00789474e+02  7.24962408e-15], current_reward=0.024940667987767284
2025-08-18 17:21:27,132 - INFO [ENV 2] - A0100 launch mission! Total Steps=2, obs=[ 1.60421894e+00  1.92470285e-01  9.81302802e-01  1.01789360e-01
  9.94805974e-01  8.79763186e-01  5.59088971e-03  8.33656363e-02
  6.19302282e-01  4.91173652e-03 -4.20809502e-05  6.37012637e-03
  1.57079866e+00  2.99174532e+00 -1.00000000e+00  0.00000000e+00
  0.00000000e+00  0.00000000e+00  0.00000000e+00  0.00000000e+00
  0.00000000e+00], state=[ 1.20000001e+02  6.00010777e+01  8.02109471e+03  1.20214922e+02
  6.98606924e-02  8.02109358e+03  3.00454483e+02  8.70802210e-01
 -2.41332525e+00  1.20000000e+02  6.02692646e+01  8.02105263e+03
  3.00375848e+04 -3.63797881e-12  7.95047040e+03  3.05114798e-14
  3.00789474e+02  7.24962408e-15], current_reward=0.02494531776828346
2025-08-18 17:21:27,132 - INFO [ENV 0] - render_result: {'enm_distance': 30000, 'enm_alt': 26315.78947368421, 'enm_lat': 60.26926459981188, 'enm_lon': 120.0, 'enm_speed': 986.8421052631579, 'enm_heading': 90, 'ego_alt': 26315.78947368421, 'ego_lat': 60, 'ego_lon': 120, 'ego_speed': 986.8421052631579, 'ego_heading': 0, 'enm_angle': 0, 'success': False, 'reward': -6.83343474754961, 'total_steps': 302}
2025-08-18 17:21:27,132 - INFO [ENV 14] - A0100 launch mission! Total Steps=3, obs=[ 1.60434188e+00 -2.32330755e-01  9.72636839e-01  3.44864387e-02
  9.99405166e-01  8.81234310e-01  2.88153469e-03  2.23910135e-02
  6.17557139e-01  3.44061301e-03 -6.56768528e-04  9.15321497e-03
  1.57078872e+00  2.98572520e+00  1.00000000e+00  0.00000000e+00
  0.00000000e+00  0.00000000e+00  0.00000000e+00  0.00000000e+00
  0.00000000e+00], state=[ 1.19999996e+02  6.00016173e+01  8.02170940e+03  1.80417780e+02
 -2.26968967e-01  8.02170685e+03  2.99698736e+02 -1.24184873e+00
 -3.16007349e+00  1.20000000e+02  6.02692646e+01  8.02105263e+03
  3.00375848e+04 -3.63797881e-12  7.95047040e+03  3.05114798e-14
  3.00789474e+02  7.24962408e-15], current_reward=0.05005691061928985
2025-08-18 17:21:27,132 - CRITICAL [ENV 0] - [Episode #3639] Result: both_alive
2025-08-18 17:21:27,233 - INFO [ENV 0] - A0100 launch mission! Total Steps=2, obs=[ 1.60421901e+00  1.91431262e-01  9.81506022e-01  1.01232516e-01
  9.94862793e-01  8.82182208e-01  4.89093960e-03  8.31819101e-02
  6.21177443e-01  2.49271439e-03 -4.24092789e-05  6.39876460e-03
  1.57079864e+00  2.99172480e+00 -1.00000000e+00  0.00000000e+00
  0.00000000e+00  0.00000000e+00  0.00000000e+00  0.00000000e+00
  0.00000000e+00], state=[ 1.20000001e+02  6.00010795e+01  8.02109504e+03  1.20420200e+02
  6.91418941e-02  8.02109391e+03  3.01265888e+02  8.70324765e-01
 -2.43097595e+00  1.20000000e+02  6.02692646e+01  8.02105263e+03
  3.00375848e+04 -3.63797881e-12  7.95047040e+03  3.05114798e-14
  3.00789474e+02  7.24962408e-15], current_reward=0.024970209059576476
2025-08-18 17:21:27,248 - INFO [ENV 9] - render_result: {'enm_distance': 30000, 'enm_alt': 26315.78947368421, 'enm_lat': 60.26926459981188, 'enm_lon': 120.0, 'enm_speed': 986.8421052631579, 'enm_heading': 90, 'ego_alt': 26315.78947368421, 'ego_lat': 60, 'ego_lon': 120, 'ego_speed': 986.8421052631579, 'ego_heading': 0, 'enm_angle': 0, 'success': False, 'reward': -10.079971995562214, 'total_steps': 302}
2025-08-18 17:21:27,248 - CRITICAL [ENV 9] - [Episode #3641] Result: both_alive
2025-08-18 17:21:27,347 - INFO [ENV 9] - A0100 launch mission! Total Steps=2, obs=[ 1.60413466e+00 -1.94132808e-01  9.80975256e-01 -6.97620925e-02
  9.97563657e-01  8.83211773e-01  6.40575894e-03 -5.18291064e-02
  6.20126508e-01  1.46314958e-03  3.79336060e-04  1.32596963e-02
  1.57079606e+00  2.99173305e+00 -1.00000000e+00  0.00000000e+00
  0.00000000e+00  0.00000000e+00  0.00000000e+00  0.00000000e+00
  0.00000000e+00], state=[ 1.20000000e+02  6.00010787e+01  8.02067330e+03  1.20336642e+02
 -7.88187327e-03  8.02067216e+03  3.00798578e+02  2.95022957e-02
  3.28268756e+00  1.20000000e+02  6.02692646e+01  8.02105263e+03
  3.00375848e+04 -3.63797881e-12  7.95047040e+03  3.05114798e-14
  3.00789474e+02  7.24962408e-15], current_reward=0.024965957874576006
2025-08-18 17:21:27,390 - INFO [ENV 7] - render_result: {'enm_distance': 30000, 'enm_alt': 26315.78947368421, 'enm_lat': 60.26926459981188, 'enm_lon': 120.0, 'enm_speed': 986.8421052631579, 'enm_heading': 90, 'ego_alt': 26315.78947368421, 'ego_lat': 60, 'ego_lon': 120, 'ego_speed': 986.8421052631579, 'ego_heading': 0, 'enm_angle': 0, 'success': False, 'reward': -7.048373023120284, 'total_steps': 302}
2025-08-18 17:21:27,390 - INFO [ENV 11] - render_result: {'enm_distance': 30000, 'enm_alt': 26315.78947368421, 'enm_lat': 60.26926459981188, 'enm_lon': 120.0, 'enm_speed': 986.8421052631579, 'enm_heading': 90, 'ego_alt': 26315.78947368421, 'ego_lat': 60, 'ego_lon': 120, 'ego_speed': 986.8421052631579, 'ego_heading': 0, 'enm_angle': 0, 'success': False, 'reward': -6.8877198059447835, 'total_steps': 304}
2025-08-18 17:21:27,390 - INFO [ENV 15] - render_result: {'enm_distance': 30000, 'enm_alt': 26315.78947368421, 'enm_lat': 60.26926459981188, 'enm_lon': 120.0, 'enm_speed': 986.8421052631579, 'enm_heading': 90, 'ego_alt': 26315.78947368421, 'ego_lat': 60, 'ego_lon': 120, 'ego_speed': 986.8421052631579, 'ego_heading': 0, 'enm_angle': 0, 'success': False, 'reward': -9.017703007524126, 'total_steps': 302}
2025-08-18 17:21:27,390 - CRITICAL [ENV 7] - [Episode #3644] Result: both_alive
2025-08-18 17:21:27,390 - CRITICAL [ENV 11] - [Episode #3644] Result: both_alive
2025-08-18 17:21:27,390 - CRITICAL [ENV 15] - [Episode #3644] Result: both_alive
2025-08-18 17:21:27,458 - INFO [ENV 15] - A0100 launch mission! Total Steps=1, obs=[ 1.60419771e+00  9.48382006e-02  9.95492700e-01  1.64528183e-02
  9.99864643e-01  8.85165936e-01 -2.89405927e-03  1.64299053e-02
  6.20563470e-01 -4.91013863e-04  6.40924031e-05  4.06456368e-03
  1.57079615e+00  2.99774917e+00 -1.00000000e+00  0.00000000e+00
  0.00000000e+00  0.00000000e+00  0.00000000e+00  0.00000000e+00
  0.00000000e+00], state=[ 1.20000000e+02  6.00005394e+01  8.02098854e+03  6.01760800e+01
 -5.41560688e-03  8.02098826e+03  3.01009424e+02  9.97428991e-03
  5.15349015e-01  1.20000000e+02  6.02692646e+01  8.02105263e+03
  3.00375848e+04 -3.63797881e-12  7.95047040e+03  3.05114798e-14
  3.00789474e+02  7.24962408e-15], current_reward=0
2025-08-18 17:21:27,460 - INFO [ENV 7] - A0100 launch mission! Total Steps=1, obs=[ 1.60419922e+00  4.40398540e-02  9.99029775e-01  1.68789164e-02
  9.99857541e-01  8.83671594e-01 -2.07828136e-03  1.58050800e-02
  6.19378798e-01  1.00332894e-03  5.65187170e-05  3.23620027e-03
  1.57079621e+00  2.99775368e+00 -1.00000000e+00  0.00000000e+00
  0.00000000e+00  0.00000000e+00  0.00000000e+00  0.00000000e+00
  0.00000000e+00], state=[ 1.20000000e+02  6.00005390e+01  8.02099611e+03  6.01309995e+01
 -3.42515489e-03  8.02099583e+03  3.00497108e+02  1.55968461e-02
  2.65391404e-01  1.20000000e+02  6.02692646e+01  8.02105263e+03
  3.00375848e+04 -3.63797881e-12  7.95047040e+03  3.05114798e-14
  3.00789474e+02  7.24962408e-15], current_reward=0
2025-08-18 17:21:27,619 - INFO [ENV 8] - render_result: {'enm_distance': 30000, 'enm_alt': 26315.78947368421, 'enm_lat': 60.26926459981188, 'enm_lon': 120.0, 'enm_speed': 986.8421052631579, 'enm_heading': 90, 'ego_alt': 26315.78947368421, 'ego_lat': 60, 'ego_lon': 120, 'ego_speed': 986.8421052631579, 'ego_heading': 0, 'enm_angle': 0, 'success': False, 'reward': -7.45891331312837, 'total_steps': 303}
2025-08-18 17:21:27,620 - CRITICAL [ENV 8] - [Episode #3649] Result: both_alive
2025-08-18 17:21:27,714 - INFO [ENV 11] - A0100 launch mission! Total Steps=7, obs=[ 1.60657354e+00 -1.93060706e-01  9.81186814e-01  7.64120611e-02
  9.97076325e-01  8.64123273e-01 -5.47995178e-04  3.07833168e-02
  6.04024172e-01  2.05516499e-02 -1.18150795e-02  4.17993036e-02
  1.57070889e+00  2.96223373e+00  1.00000000e+00  0.00000000e+00
  0.00000000e+00  0.00000000e+00  0.00000000e+00  0.00000000e+00
  0.00000000e+00], state=[ 1.19999954e+02  6.00037235e+01  8.03286771e+03  4.15362209e+02
 -2.59001510e+00  8.03285421e+03  2.93699234e+02 -4.65598905e+00
 -1.21747459e+01  1.20000000e+02  6.02692646e+01  8.02105263e+03
  3.00375848e+04 -3.63797881e-12  7.95047040e+03  3.05114798e-14
  3.00789474e+02  7.24962408e-15], current_reward=0.14664396333058605
2025-08-18 17:21:27,752 - INFO [ENV 8] - A0100 launch mission! Total Steps=3, obs=[ 1.60464977e+00 -3.57878616e-01  9.33768117e-01  1.56603084e-01
  9.87661619e-01  8.72397013e-01 -1.84797558e-02  1.02626012e-01
  6.15221392e-01  1.22779099e-02 -2.19624202e-03  3.91386585e-02
  1.57078376e+00  2.98576827e+00  1.00000000e+00  0.00000000e+00
  0.00000000e+00  0.00000000e+00  0.00000000e+00  0.00000000e+00
  0.00000000e+00], state=[ 1.19999993e+02  6.00016135e+01  8.02324887e+03  1.79990822e+02
 -3.75137395e-01  8.02324634e+03  2.98469139e+02 -2.89891373e+00
 -1.20501539e+01  1.20000000e+02  6.02692646e+01  8.02105263e+03
  3.00375848e+04 -3.63797881e-12  7.95047040e+03  3.05114798e-14
  3.00789474e+02  7.24962408e-15], current_reward=0.049329319633107716
2025-08-18 17:21:37,997 - INFO [ENV 3] - render_result: {'enm_distance': 30000, 'enm_alt': 26315.78947368421, 'enm_lat': 60.26926459981188, 'enm_lon': 120.0, 'enm_speed': 986.8421052631579, 'enm_heading': 90, 'ego_alt': 26315.78947368421, 'ego_lat': 60, 'ego_lon': 120, 'ego_speed': 986.8421052631579, 'ego_heading': 0, 'enm_angle': 0, 'success': False, 'reward': -7.194694075820813, 'total_steps': 302}
2025-08-18 17:21:37,997 - CRITICAL [ENV 3] - [Episode #3930] Result: both_alive
2025-08-18 17:21:38,090 - INFO [ENV 3] - A0100 launch mission! Total Steps=2, obs=[ 1.60405083e+00  6.99229252e-02  9.97552397e-01 -7.12636180e-02
  9.97457516e-01  8.81373655e-01 -3.40818265e-03 -4.83337878e-02
  6.18529761e-01  3.30126809e-03  7.98473068e-04  1.87367979e-02
  1.57079618e+00  2.99176036e+00  1.00000000e+00  0.00000000e+00
  0.00000000e+00  0.00000000e+00  0.00000000e+00  0.00000000e+00
  0.00000000e+00], state=[ 1.20000000e+02  6.00010763e+01  8.02025416e+03  1.20062545e+02
 -4.46775900e-03  8.02025303e+03  3.00079160e+02 -2.95832419e-02
  4.92295262e+00  1.20000000e+02  6.02692646e+01  8.02105263e+03
  3.00375848e+04 -3.63797881e-12  7.95047040e+03  3.05114798e-14
  3.00789474e+02  7.24962408e-15], current_reward=0.024892490573538595
2025-08-18 17:21:38,132 - INFO [ENV 6] - render_result: {'enm_distance': 30000, 'enm_alt': 26315.78947368421, 'enm_lat': 60.26926459981188, 'enm_lon': 120.0, 'enm_speed': 986.8421052631579, 'enm_heading': 90, 'ego_alt': 26315.78947368421, 'ego_lat': 60, 'ego_lon': 120, 'ego_speed': 986.8421052631579, 'ego_heading': 0, 'enm_angle': 0, 'success': False, 'reward': -13.404434631253697, 'total_steps': 302}
2025-08-18 17:21:38,133 - CRITICAL [ENV 6] - [Episode #3933] Result: both_alive
2025-08-18 17:21:38,232 - INFO [ENV 10] - render_result: {'enm_distance': 30000, 'enm_alt': 26315.78947368421, 'enm_lat': 60.26926459981188, 'enm_lon': 120.0, 'enm_speed': 986.8421052631579, 'enm_heading': 90, 'ego_alt': 26315.78947368421, 'ego_lat': 60, 'ego_lon': 120, 'ego_speed': 986.8421052631579, 'ego_heading': 0, 'enm_angle': 0, 'success': False, 'reward': -10.989752908241446, 'total_steps': 302}
2025-08-18 17:21:38,232 - CRITICAL [ENV 10] - [Episode #3935] Result: both_alive
2025-08-18 17:21:38,303 - INFO [ENV 10] - A0100 launch mission! Total Steps=1, obs=[ 1.60420033e+00 -9.57519454e-02  9.95405227e-01 -2.37016796e-02
  9.99719076e-01  8.84750668e-01  4.58614374e-03 -1.89068573e-02
  6.20281315e-01 -7.57456554e-05  5.09779578e-05  4.29229417e-03
  1.57079653e+00  2.99774977e+00  1.00000000e+00  0.00000000e+00
  0.00000000e+00  0.00000000e+00  0.00000000e+00  0.00000000e+00
  0.00000000e+00], state=[ 1.20000000e+02  6.00005394e+01  8.02100165e+03  6.01700473e+01
  6.01982986e-03  8.02100137e+03  3.00887380e+02 -3.38201658e-03
  5.83565963e-01  1.20000000e+02  6.02692646e+01  8.02105263e+03
  3.00375848e+04 -3.63797881e-12  7.95047040e+03  3.05114798e-14
  3.00789474e+02  7.24962408e-15], current_reward=0
2025-08-18 17:21:38,345 - INFO [ENV 1] - render_result: {'enm_distance': 30000, 'enm_alt': 26315.78947368421, 'enm_lat': 60.26926459981188, 'enm_lon': 120.0, 'enm_speed': 986.8421052631579, 'enm_heading': 90, 'ego_alt': 26315.78947368421, 'ego_lat': 60, 'ego_lon': 120, 'ego_speed': 986.8421052631579, 'ego_heading': 0, 'enm_angle': 0, 'success': False, 'reward': -8.053970743187953, 'total_steps': 302}
2025-08-18 17:21:38,345 - CRITICAL [ENV 1] - [Episode #3937] Result: both_alive
2025-08-18 17:21:38,410 - INFO [ENV 6] - A0100 launch mission! Total Steps=5, obs=[ 1.60312589 -0.4364116   0.89974714 -0.09339236  0.99562938  0.8687262
  0.02134029 -0.04455072  0.60881968  0.01594872  0.00542318  0.03892021
  1.57079323  2.97394162  1.          0.          0.          0.
  0.          0.          0.        ], state=[ 1.19999998e+02  6.00026735e+01  8.01562945e+03  2.98239946e+02
 -9.21994775e-02  8.01562249e+03  2.95644505e+02 -1.04694236e-01
  1.08632587e+01  1.20000000e+02  6.02692646e+01  8.02105263e+03
  3.00375848e+04 -3.63797881e-12  7.95047040e+03  3.05114798e-14
  3.00789474e+02  7.24962408e-15], current_reward=0.09936613298620856
2025-08-18 17:21:38,444 - INFO [ENV 1] - A0100 launch mission! Total Steps=2, obs=[ 1.60430673e+00 -6.02141280e-02  9.98185483e-01  9.70813780e-02
  9.95276447e-01  8.79930137e-01 -1.12887519e-03  7.43599303e-02
  6.18774465e-01  4.74478554e-03 -4.81036752e-04  1.07470117e-02
  1.57079457e+00  2.99174054e+00  1.00000000e+00  0.00000000e+00
  0.00000000e+00  0.00000000e+00  0.00000000e+00  0.00000000e+00
  0.00000000e+00], state=[ 1.19999999e+02  6.00010781e+01  8.02153367e+03  1.20263839e+02
 -5.24966605e-02  8.02153254e+03  3.00217091e+02 -4.77566490e-01
 -3.90414516e+00  1.20000000e+02  6.02692646e+01  8.02105263e+03
  3.00375848e+04 -3.63797881e-12  7.95047040e+03  3.05114798e-14
  3.00789474e+02  7.24962408e-15], current_reward=0.024905994806097453
2025-08-18 17:21:38,450 - INFO [ENV 4] - render_result: {'enm_distance': 30000, 'enm_alt': 26315.78947368421, 'enm_lat': 60.26926459981188, 'enm_lon': 120.0, 'enm_speed': 986.8421052631579, 'enm_heading': 90, 'ego_alt': 26315.78947368421, 'ego_lat': 60, 'ego_lon': 120, 'ego_speed': 986.8421052631579, 'ego_heading': 0, 'enm_angle': 0, 'success': False, 'reward': 14.489300703729192, 'total_steps': 306}
2025-08-18 17:21:38,451 - CRITICAL [ENV 4] - [Episode #3939] Result: both_alive
2025-08-18 17:21:38,452 - INFO [ENV 13] - render_result: {'enm_distance': 30000, 'enm_alt': 26315.78947368421, 'enm_lat': 60.26926459981188, 'enm_lon': 120.0, 'enm_speed': 986.8421052631579, 'enm_heading': 90, 'ego_alt': 26315.78947368421, 'ego_lat': 60, 'ego_lon': 120, 'ego_speed': 986.8421052631579, 'ego_heading': 0, 'enm_angle': 0, 'success': False, 'reward': -7.023471336944205, 'total_steps': 303}
2025-08-18 17:21:38,452 - CRITICAL [ENV 13] - [Episode #3939] Result: both_alive
2025-08-18 17:21:38,452 - INFO [ENV 12] - render_result: {'enm_distance': 30000, 'enm_alt': 26315.78947368421, 'enm_lat': 60.26926459981188, 'enm_lon': 120.0, 'enm_speed': 986.8421052631579, 'enm_heading': 90, 'ego_alt': 26315.78947368421, 'ego_lat': 60, 'ego_lon': 120, 'ego_speed': 986.8421052631579, 'ego_heading': 0, 'enm_angle': 0, 'success': False, 'reward': -7.014710221453495, 'total_steps': 302}
2025-08-18 17:21:38,453 - CRITICAL [ENV 12] - [Episode #3939] Result: both_alive
2025-08-18 17:21:38,517 - INFO [ENV 12] - A0100 launch mission! Total Steps=1, obs=[ 1.60421798e+00 -9.42352024e-02  9.95549962e-01  1.74125370e-02
  9.99848390e-01  8.80783915e-01  3.32111682e-03  1.27497513e-02
  6.17073518e-01  3.89100779e-03 -3.72664764e-05  1.01966750e-03
  1.57079650e+00  2.99776252e+00  1.00000000e+00  0.00000000e+00
  0.00000000e+00  0.00000000e+00  0.00000000e+00  0.00000000e+00
  0.00000000e+00], state=[ 1.20000000e+02  6.00005382e+01  8.02108990e+03  6.00427630e+01
  5.13758432e-03  8.02108962e+03  2.99498339e+02 -5.52877335e-02
 -1.00589381e+00  1.20000000e+02  6.02692646e+01  8.02105263e+03
  3.00375848e+04 -3.63797881e-12  7.95047040e+03  3.05114798e-14
  3.00789474e+02  7.24962408e-15], current_reward=0
2025-08-18 17:21:38,517 - INFO [ENV 5] - render_result: {'enm_distance': 30000, 'enm_alt': 26315.78947368421, 'enm_lat': 60.26926459981188, 'enm_lon': 120.0, 'enm_speed': 986.8421052631579, 'enm_heading': 90, 'ego_alt': 26315.78947368421, 'ego_lat': 60, 'ego_lon': 120, 'ego_speed': 986.8421052631579, 'ego_heading': 0, 'enm_angle': 0, 'success': False, 'reward': -8.08662957134289, 'total_steps': 303}
2025-08-18 17:21:38,518 - CRITICAL [ENV 5] - [Episode #3940] Result: both_alive
2025-08-18 17:21:38,527 - INFO [ENV 14] - render_result: {'enm_distance': 30000, 'enm_alt': 26315.78947368421, 'enm_lat': 60.26926459981188, 'enm_lon': 120.0, 'enm_speed': 986.8421052631579, 'enm_heading': 90, 'ego_alt': 26315.78947368421, 'ego_lat': 60, 'ego_lon': 120, 'ego_speed': 986.8421052631579, 'ego_heading': 0, 'enm_angle': 0, 'success': False, 'reward': 15.654648666210061, 'total_steps': 304}
2025-08-18 17:21:38,528 - CRITICAL [ENV 14] - [Episode #3940] Result: both_alive
2025-08-18 17:21:38,528 - INFO [ENV 2] - render_result: {'enm_distance': 30000, 'enm_alt': 26315.78947368421, 'enm_lat': 60.26926459981188, 'enm_lon': 120.0, 'enm_speed': 986.8421052631579, 'enm_heading': 90, 'ego_alt': 26315.78947368421, 'ego_lat': 60, 'ego_lon': 120, 'ego_speed': 986.8421052631579, 'ego_heading': 0, 'enm_angle': 0, 'success': False, 'reward': -8.970139862847041, 'total_steps': 303}
2025-08-18 17:21:38,528 - CRITICAL [ENV 2] - [Episode #3940] Result: both_alive
2025-08-18 17:21:38,596 - INFO [ENV 4] - A0100 launch mission! Total Steps=2, obs=[ 1.60403860e+00  2.14359897e-01  9.76754746e-01 -5.55007642e-02
  9.98458645e-01  8.80689207e-01 -1.16649077e-02 -3.08419069e-02
  6.17434137e-01  3.98571542e-03  8.59624940e-04  2.08365368e-02
  1.57079577e+00  2.99176556e+00  1.00000000e+00  0.00000000e+00
  0.00000000e+00  0.00000000e+00  0.00000000e+00  0.00000000e+00
  0.00000000e+00], state=[ 1.20000000e+02  6.00010758e+01  8.02019301e+03  1.20010453e+02
 -1.65732166e-02  8.02019188e+03  2.99592825e+02 -1.43422953e-01
  5.54327299e+00  1.20000000e+02  6.02692646e+01  8.02105263e+03
  3.00375848e+04 -3.63797881e-12  7.95047040e+03  3.05114798e-14
  3.00789474e+02  7.24962408e-15], current_reward=0.024892490573538595
2025-08-18 17:21:38,600 - INFO [ENV 13] - A0100 launch mission! Total Steps=2, obs=[ 1.60412641e+00  3.46577350e-02  9.99399240e-01 -9.45503937e-03
  9.99955300e-01  8.86494893e-01  3.38475437e-03 -3.66022455e-03
  6.21506560e-01 -1.81997022e-03  4.20588667e-04  7.81361875e-03
  1.57079688e+00  2.99172250e+00 -1.00000000e+00  0.00000000e+00
  0.00000000e+00  0.00000000e+00  0.00000000e+00  0.00000000e+00
  0.00000000e+00], state=[ 1.20000000e+02  6.00010797e+01  8.02063204e+03  1.20442058e+02
  1.65184926e-02  8.02063091e+03  3.01408518e+02  1.02085026e-01
  1.64603679e+00  1.20000000e+02  6.02692646e+01  8.02105263e+03
  3.00375848e+04 -3.63797881e-12  7.95047040e+03  3.05114798e-14
  3.00789474e+02  7.24962408e-15], current_reward=0.02496623313153634
2025-08-18 17:21:38,637 - INFO [ENV 5] - A0100 launch mission! Total Steps=2, obs=[ 1.60420244e+00 -5.91905107e-02  9.98246705e-01 -1.71892070e-02
  9.99852255e-01  8.80202099e-01 -2.11717422e-03 -1.19891057e-02
  6.16608223e-01  4.47282365e-03  4.04471087e-05  6.10625613e-03
  1.57079567e+00  2.99177207e+00  1.00000000e+00  0.00000000e+00
  0.00000000e+00  0.00000000e+00  0.00000000e+00  0.00000000e+00
  0.00000000e+00], state=[ 1.20000000e+02  6.00010753e+01  8.02101218e+03  1.19947297e+02
 -1.97796481e-02  8.02101106e+03  2.99295228e+02 -1.15211492e-01
  1.11824544e+00  1.20000000e+02  6.02692646e+01  8.02105263e+03
  3.00375848e+04 -3.63797881e-12  7.95047040e+03  3.05114798e-14
  3.00789474e+02  7.24962408e-15], current_reward=0.024899200424959744
2025-08-18 17:21:38,644 - INFO [ENV 0] - render_result: {'enm_distance': 30000, 'enm_alt': 26315.78947368421, 'enm_lat': 60.26926459981188, 'enm_lon': 120.0, 'enm_speed': 986.8421052631579, 'enm_heading': 90, 'ego_alt': 26315.78947368421, 'ego_lat': 60, 'ego_lon': 120, 'ego_speed': 986.8421052631579, 'ego_heading': 0, 'enm_angle': 0, 'success': False, 'reward': 16.068146900338043, 'total_steps': 303}
2025-08-18 17:21:38,644 - CRITICAL [ENV 0] - [Episode #3942] Result: both_alive
2025-08-18 17:21:38,702 - INFO [ENV 14] - A0100 launch mission! Total Steps=3, obs=[ 1.60396465e+00 -1.27414527e-02  9.99918824e-01 -6.14060330e-02
  9.98112869e-01  8.82818117e-01  1.62397673e-05 -3.88310293e-02
  6.19302718e-01  1.85680529e-03  1.22939027e-03  1.98137597e-02
  1.57079677e+00  2.98575128e+00  1.00000000e+00  0.00000000e+00
  0.00000000e+00  0.00000000e+00  0.00000000e+00  0.00000000e+00
  0.00000000e+00], state=[ 1.20000000e+02  6.00016150e+01  8.01982324e+03  1.80152578e+02
  1.31039942e-02  8.01982070e+03  3.00402421e+02 -6.11028230e-03
  5.25488633e+00  1.20000000e+02  6.02692646e+01  8.02105263e+03
  3.00375848e+04 -3.63797881e-12  7.95047040e+03  3.05114798e-14
  3.00789474e+02  7.24962408e-15], current_reward=0.04999706044744556
2025-08-18 17:21:38,702 - INFO [ENV 0] - A0100 launch mission! Total Steps=1, obs=[ 1.60419480e+00 -1.75202718e-02  9.99846508e-01 -2.36196396e-02
  9.99721017e-01  8.85178258e-01 -9.15881088e-04 -1.76092327e-02
  6.20588075e-01 -5.03335574e-04  7.86199990e-05  6.10414015e-03
  1.57079626e+00  2.99774911e+00  1.00000000e+00  0.00000000e+00
  0.00000000e+00  0.00000000e+00  0.00000000e+00  0.00000000e+00
  0.00000000e+00], state=[ 1.20000000e+02  6.00005394e+01  8.02097401e+03  6.01765838e+01
 -1.98445458e-03  8.02097373e+03  3.01018196e+02 -8.38846790e-03
  1.12948530e+00  1.20000000e+02  6.02692646e+01  8.02105263e+03
  3.00375848e+04 -3.63797881e-12  7.95047040e+03  3.05114798e-14
  3.00789474e+02  7.24962408e-15], current_reward=0
2025-08-18 17:21:38,702 - INFO [ENV 2] - A0100 launch mission! Total Steps=3, obs=[ 1.60432179e+00 -1.14553389e-01  9.93417093e-01  1.09515260e-01
  9.93985114e-01  8.80571022e-01  6.02380561e-03  8.54946372e-02
  6.20079678e-01  4.10390076e-03 -5.56326416e-04  1.28705534e-02
  1.57078823e+00  2.98571578e+00  1.00000000e+00  0.00000000e+00
  0.00000000e+00  0.00000000e+00  0.00000000e+00  0.00000000e+00
  0.00000000e+00], state=[ 1.19999996e+02  6.00016182e+01  8.02160896e+03  1.80511773e+02
 -2.41873702e-01  8.02160641e+03  3.00774587e+02 -1.41749034e+00
 -4.31830002e+00  1.20000000e+02  6.02692646e+01  8.02105263e+03
  3.00375848e+04 -3.63797881e-12  7.95047040e+03  3.05114798e-14
  3.00789474e+02  7.24962408e-15], current_reward=0.050112924765914
2025-08-18 17:21:38,751 - INFO [ENV 9] - render_result: {'enm_distance': 30000, 'enm_alt': 26315.78947368421, 'enm_lat': 60.26926459981188, 'enm_lon': 120.0, 'enm_speed': 986.8421052631579, 'enm_heading': 90, 'ego_alt': 26315.78947368421, 'ego_lat': 60, 'ego_lon': 120, 'ego_speed': 986.8421052631579, 'ego_heading': 0, 'enm_angle': 0, 'success': False, 'reward': -7.13847814897705, 'total_steps': 303}
2025-08-18 17:21:38,752 - CRITICAL [ENV 9] - [Episode #3944] Result: both_alive
2025-08-18 17:21:38,811 - INFO [ENV 9] - A0100 launch mission! Total Steps=1, obs=[ 1.60419771e+00  9.48382006e-02  9.95492700e-01  1.64528183e-02
  9.99864643e-01  8.85165936e-01 -2.89405927e-03  1.64299053e-02
  6.20563470e-01 -4.91013863e-04  6.40924031e-05  4.06456368e-03
  1.57079615e+00  2.99774917e+00 -1.00000000e+00  0.00000000e+00
  0.00000000e+00  0.00000000e+00  0.00000000e+00  0.00000000e+00
  0.00000000e+00], state=[ 1.20000000e+02  6.00005394e+01  8.02098854e+03  6.01760800e+01
 -5.41560688e-03  8.02098826e+03  3.01009424e+02  9.97428991e-03
  5.15349015e-01  1.20000000e+02  6.02692646e+01  8.02105263e+03
  3.00375848e+04 -3.63797881e-12  7.95047040e+03  3.05114798e-14
  3.00789474e+02  7.24962408e-15], current_reward=0
2025-08-18 17:21:38,851 - INFO [ENV 7] - render_result: {'enm_distance': 30000, 'enm_alt': 26315.78947368421, 'enm_lat': 60.26926459981188, 'enm_lon': 120.0, 'enm_speed': 986.8421052631579, 'enm_heading': 90, 'ego_alt': 26315.78947368421, 'ego_lat': 60, 'ego_lon': 120, 'ego_speed': 986.8421052631579, 'ego_heading': 0, 'enm_angle': 0, 'success': False, 'reward': -7.995528038673751, 'total_steps': 302}
2025-08-18 17:21:38,851 - CRITICAL [ENV 7] - [Episode #3946] Result: both_alive
2025-08-18 17:21:38,853 - INFO [ENV 15] - render_result: {'enm_distance': 30000, 'enm_alt': 26315.78947368421, 'enm_lat': 60.26926459981188, 'enm_lon': 120.0, 'enm_speed': 986.8421052631579, 'enm_heading': 90, 'ego_alt': 26315.78947368421, 'ego_lat': 60, 'ego_lon': 120, 'ego_speed': 986.8421052631579, 'ego_heading': 0, 'enm_angle': 0, 'success': False, 'reward': -7.015917560316744, 'total_steps': 302}
2025-08-18 17:21:38,854 - CRITICAL [ENV 15] - [Episode #3946] Result: both_alive
2025-08-18 17:21:38,912 - INFO [ENV 15] - A0100 launch mission! Total Steps=1, obs=[ 1.60418719e+00  9.51609825e-02  9.95461897e-01 -7.01347401e-03
  9.99975405e-01  8.84182788e-01 -3.75050308e-03 -1.54118998e-03
  6.19676564e-01  4.92134142e-04  1.16691079e-04  7.22587135e-03
  1.57079611e+00  2.99775356e+00  1.00000000e+00  0.00000000e+00
  0.00000000e+00  0.00000000e+00  0.00000000e+00  0.00000000e+00
  0.00000000e+00], state=[ 1.20000000e+02  6.00005390e+01  8.02093594e+03  6.01320005e+01
 -6.35660268e-03  8.02093566e+03  3.00621736e+02 -2.74734978e-02
  1.46544830e+00  1.20000000e+02  6.02692646e+01  8.02105263e+03
  3.00375848e+04 -3.63797881e-12  7.95047040e+03  3.05114798e-14
  3.00789474e+02  7.24962408e-15], current_reward=0
2025-08-18 17:21:38,914 - INFO [ENV 7] - A0100 launch mission! Total Steps=1, obs=[ 1.60419918e+00  4.40656410e-02  9.99028638e-01  1.65348649e-02
  9.99863290e-01  8.85022276e-01 -2.08506020e-03  1.55408975e-02
  6.20435979e-01 -3.47353576e-04  5.67319739e-05  3.25466638e-03
  1.57079621e+00  2.99774934e+00 -1.00000000e+00  0.00000000e+00
  0.00000000e+00  0.00000000e+00  0.00000000e+00  0.00000000e+00
  0.00000000e+00], state=[ 1.20000000e+02  6.00005394e+01  8.02099590e+03  6.01743758e+01
 -3.40427196e-03  8.02099562e+03  3.00954675e+02  1.59156072e-02
  2.71350070e-01  1.20000000e+02  6.02692646e+01  8.02105263e+03
  3.00375848e+04 -3.63797881e-12  7.95047040e+03  3.05114798e-14
  3.00789474e+02  7.24962408e-15], current_reward=0
2025-08-18 17:21:39,120 - INFO [ENV 11] - render_result: {'enm_distance': 30000, 'enm_alt': 26315.78947368421, 'enm_lat': 60.26926459981188, 'enm_lon': 120.0, 'enm_speed': 986.8421052631579, 'enm_heading': 90, 'ego_alt': 26315.78947368421, 'ego_lat': 60, 'ego_lon': 120, 'ego_speed': 986.8421052631579, 'ego_heading': 0, 'enm_angle': 0, 'success': False, 'reward': 15.061089239029698, 'total_steps': 308}
2025-08-18 17:21:39,120 - CRITICAL [ENV 11] - [Episode #3952] Result: both_alive
2025-08-18 17:21:39,174 - INFO [ENV 8] - render_result: {'enm_distance': 30000, 'enm_alt': 26315.78947368421, 'enm_lat': 60.26926459981188, 'enm_lon': 120.0, 'enm_speed': 986.8421052631579, 'enm_heading': 90, 'ego_alt': 26315.78947368421, 'ego_lat': 60, 'ego_lon': 120, 'ego_speed': 986.8421052631579, 'ego_heading': 0, 'enm_angle': 0, 'success': False, 'reward': -6.944017004753057, 'total_steps': 304}
2025-08-18 17:21:39,175 - CRITICAL [ENV 8] - [Episode #3953] Result: both_alive
2025-08-18 17:21:39,176 - INFO [ENV 11] - A0100 launch mission! Total Steps=1, obs=[ 1.60419489e+00 -1.75122633e-02  9.99846649e-01 -2.33468357e-02
  9.99727425e-01  8.84009830e-01 -9.16772993e-04 -1.73649439e-02
  6.19666525e-01  6.65092160e-04  7.81923725e-05  6.08121890e-03
  1.57079626e+00  2.99775291e+00  1.00000000e+00  0.00000000e+00
  0.00000000e+00  0.00000000e+00  0.00000000e+00  0.00000000e+00
  0.00000000e+00], state=[ 1.20000000e+02  6.00005391e+01  8.02097444e+03  6.01385952e+01
 -1.99439401e-03  8.02097416e+03  3.00619396e+02 -8.62528269e-03
  1.12109363e+00  1.20000000e+02  6.02692646e+01  8.02105263e+03
  3.00375848e+04 -3.63797881e-12  7.95047040e+03  3.05114798e-14
  3.00789474e+02  7.24962408e-15], current_reward=0
2025-08-18 17:21:39,348 - INFO [ENV 8] - A0100 launch mission! Total Steps=4, obs=[ 1.60495267 -0.20130721  0.97952816  0.02407289  0.99971021  0.87724975
 -0.00876739 -0.00852163  0.61417718  0.00742517 -0.00371074  0.02939109
  1.57078225  2.97985772  1.          0.          0.          0.
  0.          0.          0.        ], state=[ 1.19999992e+02  6.00021434e+01  8.02476337e+03  2.39100168e+02
 -4.19548632e-01  8.02475890e+03  2.98142520e+02 -1.26120292e+00
 -9.41741124e+00  1.20000000e+02  6.02692646e+01  8.02105263e+03
  3.00375848e+04 -3.63797881e-12  7.95047040e+03  3.05114798e-14
  3.00789474e+02  7.24962408e-15], current_reward=0.07291983577520966
2025-08-18 17:22:21,621 - INFO [ENV 3] - render_result: {'enm_distance': 30000, 'enm_alt': 26315.78947368421, 'enm_lat': 60.26926459981188, 'enm_lon': 120.0, 'enm_speed': 986.8421052631579, 'enm_heading': 90, 'ego_alt': 26315.78947368421, 'ego_lat': 60, 'ego_lon': 120, 'ego_speed': 986.8421052631579, 'ego_heading': 0, 'enm_angle': 0, 'success': False, 'reward': -7.325683884253326, 'total_steps': 303}
2025-08-18 17:22:21,621 - CRITICAL [ENV 3] - [Episode #4233] Result: both_alive
2025-08-18 17:22:21,672 - INFO [ENV 3] - A0100 launch mission! Total Steps=1, obs=[ 1.60418041e+00  9.53315950e-02  9.95445572e-01 -2.32530030e-02
  9.99729612e-01  8.83760684e-01 -4.40079436e-03 -1.41037202e-02
  6.19435782e-01  9.14238402e-04  1.50585528e-04  9.24661021e-03
  1.57079609e+00  2.99775440e+00  1.00000000e+00  0.00000000e+00
  0.00000000e+00  0.00000000e+00  0.00000000e+00  0.00000000e+00
  0.00000000e+00], state=[ 1.20000000e+02  6.00005390e+01  8.02090205e+03  6.01235644e+01
 -7.12929020e-03  8.02090176e+03  3.00513469e+02 -4.83949896e-02
  2.07229280e+00  1.20000000e+02  6.02692646e+01  8.02105263e+03
  3.00375848e+04 -3.63797881e-12  7.95047040e+03  3.05114798e-14
  3.00789474e+02  7.24962408e-15], current_reward=0
2025-08-18 17:22:21,793 - INFO [ENV 10] - render_result: {'enm_distance': 30000, 'enm_alt': 26315.78947368421, 'enm_lat': 60.26926459981188, 'enm_lon': 120.0, 'enm_speed': 986.8421052631579, 'enm_heading': 90, 'ego_alt': 26315.78947368421, 'ego_lat': 60, 'ego_lon': 120, 'ego_speed': 986.8421052631579, 'ego_heading': 0, 'enm_angle': 0, 'success': False, 'reward': -8.878652025943623, 'total_steps': 302}
2025-08-18 17:22:21,793 - CRITICAL [ENV 10] - [Episode #4237] Result: both_alive
2025-08-18 17:22:21,850 - INFO [ENV 10] - A0100 launch mission! Total Steps=1, obs=[ 1.60421779e+00 -9.44554297e-02  9.95529091e-01  1.64635806e-02
  9.99864466e-01  8.84511127e-01  3.35786292e-03  1.20261004e-02
  6.19991600e-01  1.63795646e-04 -3.63111988e-05  9.50929631e-04
  1.57079650e+00  2.99775048e+00  1.00000000e+00  0.00000000e+00
  0.00000000e+00  0.00000000e+00  0.00000000e+00  0.00000000e+00
  0.00000000e+00], state=[ 1.20000000e+02  6.00005393e+01  8.02108894e+03  6.01631846e+01
  5.08184651e-03  8.02108866e+03  3.00762114e+02 -5.62692931e-02
 -9.88936050e-01  1.20000000e+02  6.02692646e+01  8.02105263e+03
  3.00375848e+04 -3.63797881e-12  7.95047040e+03  3.05114798e-14
  3.00789474e+02  7.24962408e-15], current_reward=0
2025-08-18 17:22:21,895 - INFO [ENV 6] - render_result: {'enm_distance': 30000, 'enm_alt': 26315.78947368421, 'enm_lat': 60.26926459981188, 'enm_lon': 120.0, 'enm_speed': 986.8421052631579, 'enm_heading': 90, 'ego_alt': 26315.78947368421, 'ego_lat': 60, 'ego_lon': 120, 'ego_speed': 986.8421052631579, 'ego_heading': 0, 'enm_angle': 0, 'success': False, 'reward': -7.01781182891532, 'total_steps': 306}
2025-08-18 17:22:21,895 - CRITICAL [ENV 6] - [Episode #4239] Result: both_alive
2025-08-18 17:22:21,961 - INFO [ENV 6] - A0100 launch mission! Total Steps=1, obs=[ 1.60420064e+00 -9.46398156e-02  9.95511580e-01 -2.28045348e-02
  9.99739943e-01  8.80877092e-01  4.95468340e-03 -1.80817285e-02
  6.17228557e-01  3.79783092e-03  4.94176549e-05  4.19527087e-03
  1.57079656e+00  2.99776236e+00 -1.00000000e+00  0.00000000e+00
  0.00000000e+00  0.00000000e+00  0.00000000e+00  0.00000000e+00
  0.00000000e+00], state=[ 1.20000000e+02  6.00005383e+01  8.02100321e+03  6.00441560e+01
  7.03660062e-03  8.02100293e+03  2.99565530e+02  2.07163823e-03
  5.51927102e-01  1.20000000e+02  6.02692646e+01  8.02105263e+03
  3.00375848e+04 -3.63797881e-12  7.95047040e+03  3.05114798e-14
  3.00789474e+02  7.24962408e-15], current_reward=0
2025-08-18 17:22:21,966 - INFO [ENV 1] - render_result: {'enm_distance': 30000, 'enm_alt': 26315.78947368421, 'enm_lat': 60.26926459981188, 'enm_lon': 120.0, 'enm_speed': 986.8421052631579, 'enm_heading': 90, 'ego_alt': 26315.78947368421, 'ego_lat': 60, 'ego_lon': 120, 'ego_speed': 986.8421052631579, 'ego_heading': 0, 'enm_angle': 0, 'success': False, 'reward': -7.415643743220119, 'total_steps': 303}
2025-08-18 17:22:21,967 - CRITICAL [ENV 1] - [Episode #4240] Result: both_alive
2025-08-18 17:22:22,028 - INFO [ENV 12] - render_result: {'enm_distance': 30000, 'enm_alt': 26315.78947368421, 'enm_lat': 60.26926459981188, 'enm_lon': 120.0, 'enm_speed': 986.8421052631579, 'enm_heading': 90, 'ego_alt': 26315.78947368421, 'ego_lat': 60, 'ego_lon': 120, 'ego_speed': 986.8421052631579, 'ego_heading': 0, 'enm_angle': 0, 'success': False, 'reward': -7.373919535078915, 'total_steps': 302}
2025-08-18 17:22:22,030 - CRITICAL [ENV 12] - [Episode #4241] Result: both_alive
2025-08-18 17:22:22,087 - INFO [ENV 1] - A0100 launch mission! Total Steps=2, obs=[ 1.60408312e+00  1.94296569e-01  9.80942834e-01 -3.30116772e-02
  9.99454966e-01  8.81644455e-01  3.97646710e-04 -1.85566517e-02
  6.17845902e-01  3.03046792e-03  6.37030266e-04  1.47994061e-02
  1.57079636e+00  2.99174811e+00 -1.00000000e+00  0.00000000e+00
  0.00000000e+00  0.00000000e+00  0.00000000e+00  0.00000000e+00
  0.00000000e+00], state=[ 1.20000000e+02  6.00010774e+01  8.02041560e+03  1.20185502e+02
  8.62480406e-04  8.02041447e+03  2.99802256e+02  1.53163125e-02
  3.73615399e+00  1.20000000e+02  6.02692646e+01  8.02105263e+03
  3.00375848e+04 -3.63797881e-12  7.95047040e+03  3.05114798e-14
  3.00789474e+02  7.24962408e-15], current_reward=0.02493619097122135
2025-08-18 17:22:22,088 - INFO [ENV 4] - render_result: {'enm_distance': 30000, 'enm_alt': 26315.78947368421, 'enm_lat': 60.26926459981188, 'enm_lon': 120.0, 'enm_speed': 986.8421052631579, 'enm_heading': 90, 'ego_alt': 26315.78947368421, 'ego_lat': 60, 'ego_lon': 120, 'ego_speed': 986.8421052631579, 'ego_heading': 0, 'enm_angle': 0, 'success': False, 'reward': -7.518647362084796, 'total_steps': 303}
2025-08-18 17:22:22,088 - CRITICAL [ENV 4] - [Episode #4242] Result: both_alive
2025-08-18 17:22:22,094 - INFO [ENV 13] - render_result: {'enm_distance': 30000, 'enm_alt': 26315.78947368421, 'enm_lat': 60.26926459981188, 'enm_lon': 120.0, 'enm_speed': 986.8421052631579, 'enm_heading': 90, 'ego_alt': 26315.78947368421, 'ego_lat': 60, 'ego_lon': 120, 'ego_speed': 986.8421052631579, 'ego_heading': 0, 'enm_angle': 0, 'success': False, 'reward': -7.467350867510817, 'total_steps': 303}
2025-08-18 17:22:22,094 - CRITICAL [ENV 13] - [Episode #4242] Result: both_alive
2025-08-18 17:22:22,146 - INFO [ENV 13] - A0100 launch mission! Total Steps=1, obs=[ 1.60420064e+00 -9.46398156e-02  9.95511580e-01 -2.28045348e-02
  9.99739943e-01  8.80877092e-01  4.95468340e-03 -1.80817285e-02
  6.17228557e-01  3.79783092e-03  4.94176549e-05  4.19527087e-03
  1.57079656e+00  2.99776236e+00 -1.00000000e+00  0.00000000e+00
  0.00000000e+00  0.00000000e+00  0.00000000e+00  0.00000000e+00
  0.00000000e+00], state=[ 1.20000000e+02  6.00005383e+01  8.02100321e+03  6.00441560e+01
  7.03660062e-03  8.02100293e+03  2.99565530e+02  2.07163823e-03
  5.51927102e-01  1.20000000e+02  6.02692646e+01  8.02105263e+03
  3.00375848e+04 -3.63797881e-12  7.95047040e+03  3.05114798e-14
  3.00789474e+02  7.24962408e-15], current_reward=0
2025-08-18 17:22:22,150 - INFO [ENV 12] - A0100 launch mission! Total Steps=2, obs=[ 1.60421902e+00  1.91431741e-01  9.81505929e-01  1.01262942e-01
  9.94859697e-01  8.82009275e-01  4.89875922e-03  8.31919740e-02
  6.21042909e-01  2.66564742e-03 -4.24673854e-05  6.39799338e-03
  1.57079864e+00  2.99172651e+00 -1.00000000e+00  0.00000000e+00
  0.00000000e+00  0.00000000e+00  0.00000000e+00  0.00000000e+00
  0.00000000e+00], state=[ 1.20000001e+02  6.00010793e+01  8.02109510e+03  1.20403014e+02
  6.91033821e-02  8.02109396e+03  3.01207691e+02  8.69874087e-01
 -2.43038941e+00  1.20000000e+02  6.02692646e+01  8.02105263e+03
  3.00375848e+04 -3.63797881e-12  7.95047040e+03  3.05114798e-14
  3.00789474e+02  7.24962408e-15], current_reward=0.024967945640414158
2025-08-18 17:22:22,151 - INFO [ENV 4] - A0100 launch mission! Total Steps=1, obs=[ 1.60418884e+00  4.76570428e-02  9.98863758e-01 -7.21326485e-03
  9.99973984e-01  8.85666699e-01 -7.96280256e-05 -2.85316801e-03
  6.20838445e-01 -9.91776106e-04  1.08454865e-04  6.34255315e-03
  1.57079638e+00  2.99774834e+00 -1.00000000e+00  0.00000000e+00
  0.00000000e+00  0.00000000e+00  0.00000000e+00  0.00000000e+00
  0.00000000e+00], state=[ 1.20000000e+02  6.00005395e+01  8.02094418e+03  6.01842014e+01
  1.46291632e-03  8.02094389e+03  3.01125842e+02  2.26742775e-02
  1.20186660e+00  1.20000000e+02  6.02692646e+01  8.02105263e+03
  3.00375848e+04 -3.63797881e-12  7.95047040e+03  3.05114798e-14
  3.00789474e+02  7.24962408e-15], current_reward=0
2025-08-18 17:22:22,156 - INFO [ENV 5] - render_result: {'enm_distance': 30000, 'enm_alt': 26315.78947368421, 'enm_lat': 60.26926459981188, 'enm_lon': 120.0, 'enm_speed': 986.8421052631579, 'enm_heading': 90, 'ego_alt': 26315.78947368421, 'ego_lat': 60, 'ego_lon': 120, 'ego_speed': 986.8421052631579, 'ego_heading': 0, 'enm_angle': 0, 'success': False, 'reward': -7.090625342875601, 'total_steps': 303}
2025-08-18 17:22:22,156 - CRITICAL [ENV 5] - [Episode #4243] Result: both_alive
2025-08-18 17:22:22,211 - INFO [ENV 0] - render_result: {'enm_distance': 30000, 'enm_alt': 26315.78947368421, 'enm_lat': 60.26926459981188, 'enm_lon': 120.0, 'enm_speed': 986.8421052631579, 'enm_heading': 90, 'ego_alt': 26315.78947368421, 'ego_lat': 60, 'ego_lon': 120, 'ego_speed': 986.8421052631579, 'ego_heading': 0, 'enm_angle': 0, 'success': False, 'reward': -7.725851280624163, 'total_steps': 302}
2025-08-18 17:22:22,211 - CRITICAL [ENV 0] - [Episode #4244] Result: both_alive
2025-08-18 17:22:22,211 - INFO [ENV 5] - A0100 launch mission! Total Steps=1, obs=[ 1.60419770e+00  9.48481368e-02  9.95491753e-01  1.64098532e-02
  9.99865349e-01  8.85333863e-01 -2.89572501e-03  1.63957253e-02
  6.20694904e-01 -6.58940404e-04  6.41180885e-05  4.06544208e-03
  1.57079615e+00  2.99774862e+00 -1.00000000e+00  0.00000000e+00
  0.00000000e+00  0.00000000e+00  0.00000000e+00  0.00000000e+00
  0.00000000e+00], state=[ 1.20000000e+02  6.00005395e+01  8.02098851e+03  6.01815028e+01
 -5.41275660e-03  8.02098823e+03  3.01066295e+02  1.00318432e-02
  5.15710525e-01  1.20000000e+02  6.02692646e+01  8.02105263e+03
  3.00375848e+04 -3.63797881e-12  7.95047040e+03  3.05114798e-14
  3.00789474e+02  7.24962408e-15], current_reward=0
2025-08-18 17:22:22,222 - INFO [ENV 14] - render_result: {'enm_distance': 30000, 'enm_alt': 26315.78947368421, 'enm_lat': 60.26926459981188, 'enm_lon': 120.0, 'enm_speed': 986.8421052631579, 'enm_heading': 90, 'ego_alt': 26315.78947368421, 'ego_lat': 60, 'ego_lon': 120, 'ego_speed': 986.8421052631579, 'ego_heading': 0, 'enm_angle': 0, 'success': False, 'reward': -7.188324819295499, 'total_steps': 304}
2025-08-18 17:22:22,222 - CRITICAL [ENV 14] - [Episode #4244] Result: both_alive
2025-08-18 17:22:22,223 - INFO [ENV 2] - render_result: {'enm_distance': 30000, 'enm_alt': 26315.78947368421, 'enm_lat': 60.26926459981188, 'enm_lon': 120.0, 'enm_speed': 986.8421052631579, 'enm_heading': 90, 'ego_alt': 26315.78947368421, 'ego_lat': 60, 'ego_lon': 120, 'ego_speed': 986.8421052631579, 'ego_heading': 0, 'enm_angle': 0, 'success': False, 'reward': 16.34670806314213, 'total_steps': 304}
2025-08-18 17:22:22,223 - CRITICAL [ENV 2] - [Episode #4244] Result: both_alive
2025-08-18 17:22:22,276 - INFO [ENV 0] - A0100 launch mission! Total Steps=1, obs=[ 1.60420033e+00 -9.57519454e-02  9.95405227e-01 -2.37016796e-02
  9.99719076e-01  8.84750668e-01  4.58614374e-03 -1.89068573e-02
  6.20281315e-01 -7.57456554e-05  5.09779578e-05  4.29229417e-03
  1.57079653e+00  2.99774977e+00  1.00000000e+00  0.00000000e+00
  0.00000000e+00  0.00000000e+00  0.00000000e+00  0.00000000e+00
  0.00000000e+00], state=[ 1.20000000e+02  6.00005394e+01  8.02100165e+03  6.01700473e+01
  6.01982986e-03  8.02100137e+03  3.00887380e+02 -3.38201658e-03
  5.83565963e-01  1.20000000e+02  6.02692646e+01  8.02105263e+03
  3.00375848e+04 -3.63797881e-12  7.95047040e+03  3.05114798e-14
  3.00789474e+02  7.24962408e-15], current_reward=0
2025-08-18 17:22:22,276 - INFO [ENV 14] - A0100 launch mission! Total Steps=1, obs=[ 1.60418041e+00  9.53315950e-02  9.95445572e-01 -2.32530030e-02
  9.99729612e-01  8.83760684e-01 -4.40079436e-03 -1.41037202e-02
  6.19435782e-01  9.14238402e-04  1.50585528e-04  9.24661021e-03
  1.57079609e+00  2.99775440e+00  1.00000000e+00  0.00000000e+00
  0.00000000e+00  0.00000000e+00  0.00000000e+00  0.00000000e+00
  0.00000000e+00], state=[ 1.20000000e+02  6.00005390e+01  8.02090205e+03  6.01235644e+01
 -7.12929020e-03  8.02090176e+03  3.00513469e+02 -4.83949896e-02
  2.07229280e+00  1.20000000e+02  6.02692646e+01  8.02105263e+03
  3.00375848e+04 -3.63797881e-12  7.95047040e+03  3.05114798e-14
  3.00789474e+02  7.24962408e-15], current_reward=0
2025-08-18 17:22:22,314 - INFO [ENV 9] - render_result: {'enm_distance': 30000, 'enm_alt': 26315.78947368421, 'enm_lat': 60.26926459981188, 'enm_lon': 120.0, 'enm_speed': 986.8421052631579, 'enm_heading': 90, 'ego_alt': 26315.78947368421, 'ego_lat': 60, 'ego_lon': 120, 'ego_speed': 986.8421052631579, 'ego_heading': 0, 'enm_angle': 0, 'success': False, 'reward': -7.85155782722369, 'total_steps': 302}
2025-08-18 17:22:22,314 - CRITICAL [ENV 9] - [Episode #4246] Result: both_alive
2025-08-18 17:22:22,370 - INFO [ENV 2] - A0100 launch mission! Total Steps=3, obs=[ 1.60434372e+00  3.39726930e-01  9.40524116e-01  7.55737543e-02
  9.97140215e-01  8.84489329e-01  1.62997375e-02  5.31940888e-02
  6.21258994e-01  1.85593947e-04 -6.65990659e-04  1.16452624e-02
  1.57080364e+00  2.98570770e+00 -1.00000000e+00  0.00000000e+00
  0.00000000e+00  0.00000000e+00  0.00000000e+00  0.00000000e+00
  0.00000000e+00], state=[ 1.20000004e+02  6.00016189e+01  8.02171862e+03  1.80592840e+02
  2.18416202e-01  8.02171607e+03  3.01291864e+02  1.50424725e+00
 -3.88800473e+00  1.20000000e+02  6.02692646e+01  8.02105263e+03
  3.00375848e+04 -3.63797881e-12  7.95047040e+03  3.05114798e-14
  3.00789474e+02  7.24962408e-15], current_reward=0.05003089850888642
2025-08-18 17:22:22,414 - INFO [ENV 7] - render_result: {'enm_distance': 30000, 'enm_alt': 26315.78947368421, 'enm_lat': 60.26926459981188, 'enm_lon': 120.0, 'enm_speed': 986.8421052631579, 'enm_heading': 90, 'ego_alt': 26315.78947368421, 'ego_lat': 60, 'ego_lon': 120, 'ego_speed': 986.8421052631579, 'ego_heading': 0, 'enm_angle': 0, 'success': False, 'reward': -8.134589027913048, 'total_steps': 302}
2025-08-18 17:22:22,414 - CRITICAL [ENV 7] - [Episode #4248] Result: both_alive
2025-08-18 17:22:22,415 - INFO [ENV 15] - render_result: {'enm_distance': 30000, 'enm_alt': 26315.78947368421, 'enm_lat': 60.26926459981188, 'enm_lon': 120.0, 'enm_speed': 986.8421052631579, 'enm_heading': 90, 'ego_alt': 26315.78947368421, 'ego_lat': 60, 'ego_lon': 120, 'ego_speed': 986.8421052631579, 'ego_heading': 0, 'enm_angle': 0, 'success': False, 'reward': -12.472475494913986, 'total_steps': 302}
2025-08-18 17:22:22,415 - CRITICAL [ENV 15] - [Episode #4248] Result: both_alive
2025-08-18 17:22:22,481 - INFO [ENV 9] - A0100 launch mission! Total Steps=3, obs=[ 1.60449064e+00 -1.52351212e-01  9.88326418e-01  1.02099711e-01
  9.94774170e-01  8.81587478e-01 -1.20225405e-02  6.27239181e-02
  6.19397873e-01  3.08744431e-03 -1.40056688e-03  2.76005364e-02
  1.57079989e+00  2.98571514e+00 -1.00000000e+00  0.00000000e+00
  0.00000000e+00  0.00000000e+00  0.00000000e+00  0.00000000e+00
  0.00000000e+00], state=[ 1.20000002e+02  6.00016183e+01  8.02245320e+03  1.80520213e+02
  1.06457811e-01  8.02245065e+03  3.00389925e+02  1.28774789e-01
 -9.01680110e+00  1.20000000e+02  6.02692646e+01  8.02105263e+03
  3.00375848e+04 -3.63797881e-12  7.95047040e+03  3.05114798e-14
  3.00789474e+02  7.24962408e-15], current_reward=0.049786160663561674
2025-08-18 17:22:22,515 - INFO [ENV 7] - A0100 launch mission! Total Steps=2, obs=[ 1.60423052e+00  2.05404407e-01  9.78677184e-01  1.02891661e-01
  9.94692569e-01  8.76515125e-01  5.28317347e-03  8.51215066e-02
  6.16892707e-01  8.15979770e-03 -9.99733343e-05  4.94806976e-03
  1.57079727e+00  2.99176911e+00 -1.00000000e+00  0.00000000e+00
  0.00000000e+00  0.00000000e+00  0.00000000e+00  0.00000000e+00
  0.00000000e+00], state=[ 1.20000001e+02  6.00010755e+01  8.02115260e+03  1.19977225e+02
  2.83323894e-02  8.02115148e+03  2.99414686e+02  4.38740549e-01
 -2.12239457e+00  1.20000000e+02  6.02692646e+01  8.02105263e+03
  3.00375848e+04 -3.63797881e-12  7.95047040e+03  3.05114798e-14
  3.00789474e+02  7.24962408e-15], current_reward=0.02491754313880712
2025-08-18 17:22:22,588 - INFO [ENV 15] - A0100 launch mission! Total Steps=4, obs=[ 1.60446367e+00 -2.65662481e-01  9.64066100e-01  1.11573290e-01
  9.93756208e-01  8.72849177e-01 -8.13127495e-03  7.44797961e-02
  6.13253403e-01  1.18257453e-02 -1.26571893e-03  2.54712994e-02
  1.57078737e+00  2.97980813e+00  1.00000000e+00  0.00000000e+00
  0.00000000e+00  0.00000000e+00  0.00000000e+00  0.00000000e+00
  0.00000000e+00], state=[ 1.19999995e+02  6.00021478e+01  8.02231835e+03  2.39590136e+02
 -2.66759340e-01  8.02231386e+03  2.97744679e+02 -1.65399325e+00
 -8.12084777e+00  1.20000000e+02  6.02692646e+01  8.02105263e+03
  3.00375848e+04 -3.63797881e-12  7.95047040e+03  3.05114798e-14
  3.00789474e+02  7.24962408e-15], current_reward=0.07512194647523529
2025-08-18 17:22:22,668 - INFO [ENV 11] - render_result: {'enm_distance': 30000, 'enm_alt': 26315.78947368421, 'enm_lat': 60.26926459981188, 'enm_lon': 120.0, 'enm_speed': 986.8421052631579, 'enm_heading': 90, 'ego_alt': 26315.78947368421, 'ego_lat': 60, 'ego_lon': 120, 'ego_speed': 986.8421052631579, 'ego_heading': 0, 'enm_angle': 0, 'success': False, 'reward': -8.26033421038429, 'total_steps': 302}
2025-08-18 17:22:22,668 - CRITICAL [ENV 11] - [Episode #4254] Result: both_alive
2025-08-18 17:22:22,723 - INFO [ENV 11] - A0100 launch mission! Total Steps=1, obs=[ 1.60419489e+00 -1.75122633e-02  9.99846649e-01 -2.33468357e-02
  9.99727425e-01  8.84009830e-01 -9.16772993e-04 -1.73649439e-02
  6.19666525e-01  6.65092160e-04  7.81923725e-05  6.08121890e-03
  1.57079626e+00  2.99775291e+00  1.00000000e+00  0.00000000e+00
  0.00000000e+00  0.00000000e+00  0.00000000e+00  0.00000000e+00
  0.00000000e+00], state=[ 1.20000000e+02  6.00005391e+01  8.02097444e+03  6.01385952e+01
 -1.99439401e-03  8.02097416e+03  3.00619396e+02 -8.62528269e-03
  1.12109363e+00  1.20000000e+02  6.02692646e+01  8.02105263e+03
  3.00375848e+04 -3.63797881e-12  7.95047040e+03  3.05114798e-14
  3.00789474e+02  7.24962408e-15], current_reward=0
2025-08-18 17:22:22,831 - INFO [ENV 8] - render_result: {'enm_distance': 30000, 'enm_alt': 26315.78947368421, 'enm_lat': 60.26926459981188, 'enm_lon': 120.0, 'enm_speed': 986.8421052631579, 'enm_heading': 90, 'ego_alt': 26315.78947368421, 'ego_lat': 60, 'ego_lon': 120, 'ego_speed': 986.8421052631579, 'ego_heading': 0, 'enm_angle': 0, 'success': False, 'reward': 14.490310842870205, 'total_steps': 305}
2025-08-18 17:22:22,832 - CRITICAL [ENV 8] - [Episode #4258] Result: both_alive
2025-08-18 17:22:22,892 - INFO [ENV 8] - A0100 launch mission! Total Steps=1, obs=[ 1.60421779e+00 -9.44554297e-02  9.95529091e-01  1.64635806e-02
  9.99864466e-01  8.84511127e-01  3.35786292e-03  1.20261004e-02
  6.19991600e-01  1.63795646e-04 -3.63111988e-05  9.50929631e-04
  1.57079650e+00  2.99775048e+00  1.00000000e+00  0.00000000e+00
  0.00000000e+00  0.00000000e+00  0.00000000e+00  0.00000000e+00
  0.00000000e+00], state=[ 1.20000000e+02  6.00005393e+01  8.02108894e+03  6.01631846e+01
  5.08184651e-03  8.02108866e+03  3.00762114e+02 -5.62692931e-02
 -9.88936050e-01  1.20000000e+02  6.02692646e+01  8.02105263e+03
  3.00375848e+04 -3.63797881e-12  7.95047040e+03  3.05114798e-14
  3.00789474e+02  7.24962408e-15], current_reward=0
2025-08-18 17:22:32,966 - INFO [ENV 3] - render_result: {'enm_distance': 30000, 'enm_alt': 26315.78947368421, 'enm_lat': 60.26926459981188, 'enm_lon': 120.0, 'enm_speed': 986.8421052631579, 'enm_heading': 90, 'ego_alt': 26315.78947368421, 'ego_lat': 60, 'ego_lon': 120, 'ego_speed': 986.8421052631579, 'ego_heading': 0, 'enm_angle': 0, 'success': False, 'reward': -8.680409849439762, 'total_steps': 302}
2025-08-18 17:22:32,967 - CRITICAL [ENV 3] - [Episode #4535] Result: both_alive
2025-08-18 17:22:33,026 - INFO [ENV 3] - A0100 launch mission! Total Steps=1, obs=[ 1.60418200e+00  4.43068087e-02  9.99017971e-01 -2.28024379e-02
  9.99739991e-01  8.81876220e-01 -2.66340678e-03 -1.46742936e-02
  6.17957993e-01  2.79870248e-03  1.42652650e-04  8.39848242e-03
  1.57079619e+00  2.99776010e+00  1.00000000e+00  0.00000000e+00
  0.00000000e+00  0.00000000e+00  0.00000000e+00  0.00000000e+00
  0.00000000e+00], state=[ 1.20000000e+02  6.00005385e+01  8.02090998e+03  6.00665410e+01
 -4.18590110e-03  8.02090970e+03  2.99875304e+02 -1.29339264e-02
  1.81385920e+00  1.20000000e+02  6.02692646e+01  8.02105263e+03
  3.00375848e+04 -3.63797881e-12  7.95047040e+03  3.05114798e-14
  3.00789474e+02  7.24962408e-15], current_reward=0
2025-08-18 17:22:33,138 - INFO [ENV 10] - render_result: {'enm_distance': 30000, 'enm_alt': 26315.78947368421, 'enm_lat': 60.26926459981188, 'enm_lon': 120.0, 'enm_speed': 986.8421052631579, 'enm_heading': 90, 'ego_alt': 26315.78947368421, 'ego_lat': 60, 'ego_lon': 120, 'ego_speed': 986.8421052631579, 'ego_heading': 0, 'enm_angle': 0, 'success': False, 'reward': -8.263853348240659, 'total_steps': 302}
2025-08-18 17:22:33,138 - CRITICAL [ENV 10] - [Episode #4539] Result: both_alive
2025-08-18 17:22:33,198 - INFO [ENV 10] - A0100 launch mission! Total Steps=1, obs=[ 1.60419922e+00  4.40398540e-02  9.99029775e-01  1.68789164e-02
  9.99857541e-01  8.83681949e-01 -2.07823710e-03  1.58157119e-02
  6.19387079e-01  9.92973415e-04  5.65187170e-05  3.24800174e-03
  1.57079621e+00  2.99775368e+00 -1.00000000e+00  0.00000000e+00
  0.00000000e+00  0.00000000e+00  0.00000000e+00  0.00000000e+00
  0.00000000e+00], state=[ 1.20000000e+02  6.00005390e+01  8.02099611e+03  6.01309995e+01
 -3.42515489e-03  8.02099583e+03  3.00500689e+02  1.54641026e-02
  2.68943484e-01  1.20000000e+02  6.02692646e+01  8.02105263e+03
  3.00375848e+04 -3.63797881e-12  7.95047040e+03  3.05114798e-14
  3.00789474e+02  7.24962408e-15], current_reward=0
2025-08-18 17:22:33,239 - INFO [ENV 6] - render_result: {'enm_distance': 30000, 'enm_alt': 26315.78947368421, 'enm_lat': 60.26926459981188, 'enm_lon': 120.0, 'enm_speed': 986.8421052631579, 'enm_heading': 90, 'ego_alt': 26315.78947368421, 'ego_lat': 60, 'ego_lon': 120, 'ego_speed': 986.8421052631579, 'ego_heading': 0, 'enm_angle': 0, 'success': False, 'reward': -8.305756210390673, 'total_steps': 302}
2025-08-18 17:22:33,239 - CRITICAL [ENV 6] - [Episode #4541] Result: both_alive
2025-08-18 17:22:33,301 - INFO [ENV 6] - A0100 launch mission! Total Steps=1, obs=[ 1.60419918e+00  4.40656410e-02  9.99028638e-01  1.65348649e-02
  9.99863290e-01  8.85022276e-01 -2.08506020e-03  1.55408975e-02
  6.20435979e-01 -3.47353576e-04  5.67319739e-05  3.25466638e-03
  1.57079621e+00  2.99774934e+00 -1.00000000e+00  0.00000000e+00
  0.00000000e+00  0.00000000e+00  0.00000000e+00  0.00000000e+00
  0.00000000e+00], state=[ 1.20000000e+02  6.00005394e+01  8.02099590e+03  6.01743758e+01
 -3.40427196e-03  8.02099562e+03  3.00954675e+02  1.59156072e-02
  2.71350070e-01  1.20000000e+02  6.02692646e+01  8.02105263e+03
  3.00375848e+04 -3.63797881e-12  7.95047040e+03  3.05114798e-14
  3.00789474e+02  7.24962408e-15], current_reward=0
2025-08-18 17:22:33,338 - INFO [ENV 1] - render_result: {'enm_distance': 30000, 'enm_alt': 26315.78947368421, 'enm_lat': 60.26926459981188, 'enm_lon': 120.0, 'enm_speed': 986.8421052631579, 'enm_heading': 90, 'ego_alt': 26315.78947368421, 'ego_lat': 60, 'ego_lon': 120, 'ego_speed': 986.8421052631579, 'ego_heading': 0, 'enm_angle': 0, 'success': False, 'reward': -7.082186603307633, 'total_steps': 303}
2025-08-18 17:22:33,338 - CRITICAL [ENV 1] - [Episode #4543] Result: both_alive
2025-08-18 17:22:33,398 - INFO [ENV 4] - render_result: {'enm_distance': 30000, 'enm_alt': 26315.78947368421, 'enm_lat': 60.26926459981188, 'enm_lon': 120.0, 'enm_speed': 986.8421052631579, 'enm_heading': 90, 'ego_alt': 26315.78947368421, 'ego_lat': 60, 'ego_lon': 120, 'ego_speed': 986.8421052631579, 'ego_heading': 0, 'enm_angle': 0, 'success': False, 'reward': -10.188086464125192, 'total_steps': 302}
2025-08-18 17:22:33,398 - CRITICAL [ENV 4] - [Episode #4544] Result: both_alive
2025-08-18 17:22:33,398 - INFO [ENV 12] - render_result: {'enm_distance': 30000, 'enm_alt': 26315.78947368421, 'enm_lat': 60.26926459981188, 'enm_lon': 120.0, 'enm_speed': 986.8421052631579, 'enm_heading': 90, 'ego_alt': 26315.78947368421, 'ego_lat': 60, 'ego_lon': 120, 'ego_speed': 986.8421052631579, 'ego_heading': 0, 'enm_angle': 0, 'success': False, 'reward': 15.764451058839782, 'total_steps': 303}
2025-08-18 17:22:33,398 - CRITICAL [ENV 12] - [Episode #4544] Result: both_alive
2025-08-18 17:22:33,400 - INFO [ENV 13] - render_result: {'enm_distance': 30000, 'enm_alt': 26315.78947368421, 'enm_lat': 60.26926459981188, 'enm_lon': 120.0, 'enm_speed': 986.8421052631579, 'enm_heading': 90, 'ego_alt': 26315.78947368421, 'ego_lat': 60, 'ego_lon': 120, 'ego_speed': 986.8421052631579, 'ego_heading': 0, 'enm_angle': 0, 'success': False, 'reward': -8.604666198226084, 'total_steps': 302}
2025-08-18 17:22:33,400 - CRITICAL [ENV 13] - [Episode #4544] Result: both_alive
2025-08-18 17:22:33,465 - INFO [ENV 13] - A0100 launch mission! Total Steps=1, obs=[ 1.60420064e+00 -9.46398156e-02  9.95511580e-01 -2.28045348e-02
  9.99739943e-01  8.80877092e-01  4.95468340e-03 -1.80817285e-02
  6.17228557e-01  3.79783092e-03  4.94176549e-05  4.19527087e-03
  1.57079656e+00  2.99776236e+00 -1.00000000e+00  0.00000000e+00
  0.00000000e+00  0.00000000e+00  0.00000000e+00  0.00000000e+00
  0.00000000e+00], state=[ 1.20000000e+02  6.00005383e+01  8.02100321e+03  6.00441560e+01
  7.03660062e-03  8.02100293e+03  2.99565530e+02  2.07163823e-03
  5.51927102e-01  1.20000000e+02  6.02692646e+01  8.02105263e+03
  3.00375848e+04 -3.63797881e-12  7.95047040e+03  3.05114798e-14
  3.00789474e+02  7.24962408e-15], current_reward=0
2025-08-18 17:22:33,467 - INFO [ENV 1] - A0100 launch mission! Total Steps=2, obs=[ 1.60423396e+00 -2.44712528e-01  9.69595678e-01  5.61315031e-03
  9.99984246e-01  8.77688157e-01  5.92064877e-03  2.64714645e-03
  6.14584726e-01  6.98676597e-03 -1.17149434e-04  2.49098503e-03
  1.57079546e+00  2.99177964e+00  1.00000000e+00  0.00000000e+00
  0.00000000e+00  0.00000000e+00  0.00000000e+00  0.00000000e+00
  0.00000000e+00], state=[ 1.20000000e+02  6.00010746e+01  8.02116978e+03  1.19871978e+02
 -2.60469947e-02  8.02116866e+03  2.98418968e+02 -4.52204339e-01
 -1.29499483e+00  1.20000000e+02  6.02692646e+01  8.02105263e+03
  3.00375848e+04 -3.63797881e-12  7.95047040e+03  3.05114798e-14
  3.00789474e+02  7.24962408e-15], current_reward=0.024898932627197112
2025-08-18 17:22:33,468 - INFO [ENV 12] - A0100 launch mission! Total Steps=1, obs=[ 1.60421716e+00 -6.02456133e-02  9.98183583e-01  1.74835687e-02
  9.99847151e-01  8.80948140e-01  1.78931939e-03  1.30974774e-02
  6.17203008e-01  3.72678245e-03 -3.31828140e-05  4.33436645e-04
  1.57079641e+00  2.99776232e+00  1.00000000e+00  0.00000000e+00
  0.00000000e+00  0.00000000e+00  0.00000000e+00  0.00000000e+00
  0.00000000e+00], state=[ 1.20000000e+02  6.00005383e+01  8.02108581e+03  6.00447871e+01
  2.57578981e-03  8.02108553e+03  2.99554937e+02 -4.05292852e-02
 -8.28991684e-01  1.20000000e+02  6.02692646e+01  8.02105263e+03
  3.00375848e+04 -3.63797881e-12  7.95047040e+03  3.05114798e-14
  3.00789474e+02  7.24962408e-15], current_reward=0
2025-08-18 17:22:33,473 - INFO [ENV 5] - render_result: {'enm_distance': 30000, 'enm_alt': 26315.78947368421, 'enm_lat': 60.26926459981188, 'enm_lon': 120.0, 'enm_speed': 986.8421052631579, 'enm_heading': 90, 'ego_alt': 26315.78947368421, 'ego_lat': 60, 'ego_lon': 120, 'ego_speed': 986.8421052631579, 'ego_heading': 0, 'enm_angle': 0, 'success': False, 'reward': -7.272714623235192, 'total_steps': 302}
2025-08-18 17:22:33,474 - CRITICAL [ENV 5] - [Episode #4545] Result: both_alive
2025-08-18 17:22:33,533 - INFO [ENV 4] - A0100 launch mission! Total Steps=2, obs=[ 1.60420250e+00 -7.50930060e-02  9.97176534e-01 -1.70673464e-02
  9.99854342e-01  8.79535617e-01 -1.36063195e-03 -1.18808562e-02
  6.16083146e-01  5.13930603e-03  4.01530042e-05  6.08184568e-03
  1.57079571e+00  2.99177423e+00  1.00000000e+00  0.00000000e+00
  0.00000000e+00  0.00000000e+00  0.00000000e+00  0.00000000e+00
  0.00000000e+00], state=[ 1.20000000e+02  6.00010751e+01  8.02101248e+03  1.19925655e+02
 -1.84857461e-02  8.02101135e+03  2.99067669e+02 -9.79047349e-02
  1.11109032e+00  1.20000000e+02  6.02692646e+01  8.02105263e+03
  3.00375848e+04 -3.63797881e-12  7.95047040e+03  3.05114798e-14
  3.00789474e+02  7.24962408e-15], current_reward=0.024899200424959744
2025-08-18 17:22:33,534 - INFO [ENV 14] - render_result: {'enm_distance': 30000, 'enm_alt': 26315.78947368421, 'enm_lat': 60.26926459981188, 'enm_lon': 120.0, 'enm_speed': 986.8421052631579, 'enm_heading': 90, 'ego_alt': 26315.78947368421, 'ego_lat': 60, 'ego_lon': 120, 'ego_speed': 986.8421052631579, 'ego_heading': 0, 'enm_angle': 0, 'success': False, 'reward': -8.190908654933878, 'total_steps': 302}
2025-08-18 17:22:33,534 - CRITICAL [ENV 14] - [Episode #4546] Result: both_alive
2025-08-18 17:22:33,536 - INFO [ENV 0] - render_result: {'enm_distance': 30000, 'enm_alt': 26315.78947368421, 'enm_lat': 60.26926459981188, 'enm_lon': 120.0, 'enm_speed': 986.8421052631579, 'enm_heading': 90, 'ego_alt': 26315.78947368421, 'ego_lat': 60, 'ego_lon': 120, 'ego_speed': 986.8421052631579, 'ego_heading': 0, 'enm_angle': 0, 'success': False, 'reward': -7.463547570365268, 'total_steps': 302}
2025-08-18 17:22:33,536 - CRITICAL [ENV 0] - [Episode #4546] Result: both_alive
2025-08-18 17:22:33,647 - INFO [ENV 2] - render_result: {'enm_distance': 30000, 'enm_alt': 26315.78947368421, 'enm_lat': 60.26926459981188, 'enm_lon': 120.0, 'enm_speed': 986.8421052631579, 'enm_heading': 90, 'ego_alt': 26315.78947368421, 'ego_lat': 60, 'ego_lon': 120, 'ego_speed': 986.8421052631579, 'ego_heading': 0, 'enm_angle': 0, 'success': False, 'reward': 16.0093538496213, 'total_steps': 304}
2025-08-18 17:22:33,647 - CRITICAL [ENV 2] - [Episode #4548] Result: both_alive
2025-08-18 17:22:33,704 - INFO [ENV 0] - A0100 launch mission! Total Steps=3, obs=[ 1.60383277e+00  1.43960975e-01  9.89583366e-01 -6.05371600e-02
  9.98165944e-01  8.85576912e-01 -5.08104983e-03 -2.98279660e-02
  6.21226287e-01 -9.01989678e-04  1.88876904e-03  2.87310392e-02
  1.57079657e+00  2.98570944e+00 -1.00000000e+00  0.00000000e+00
  0.00000000e+00  0.00000000e+00  0.00000000e+00  0.00000000e+00
  0.00000000e+00], state=[ 1.20000000e+02  6.00016187e+01  8.01916386e+03  1.80569379e+02
  7.23441969e-03  8.01916131e+03  3.01166625e+02  7.32459994e-03
  7.96179946e+00  1.20000000e+02  6.02692646e+01  8.02105263e+03
  3.00375848e+04 -3.63797881e-12  7.95047040e+03  3.05114798e-14
  3.00789474e+02  7.24962408e-15], current_reward=0.04982561336610658
2025-08-18 17:22:33,704 - INFO [ENV 14] - A0100 launch mission! Total Steps=3, obs=[ 1.60425507e+00 -4.57382483e-02  9.98953459e-01  2.14297813e-02
  9.99770356e-01  8.85050810e-01  2.85461437e-04  1.82607117e-02
  6.20488533e-01 -3.75887635e-04 -2.22733389e-04  3.08931115e-03
  1.57078991e+00  2.98571238e+00  1.00000000e+00  0.00000000e+00
  0.00000000e+00  0.00000000e+00  0.00000000e+00  0.00000000e+00
  0.00000000e+00], state=[ 1.19999997e+02  6.00016185e+01  8.02127536e+03  1.80544982e+02
 -1.91466448e-01  8.02127281e+03  3.00980151e+02 -8.05322103e-01
 -2.52309509e-01  1.20000000e+02  6.02692646e+01  8.02105263e+03
  3.00375848e+04 -3.63797881e-12  7.95047040e+03  3.05114798e-14
  3.00789474e+02  7.24962408e-15], current_reward=0.05013560953021745
2025-08-18 17:22:33,705 - INFO [ENV 5] - A0100 launch mission! Total Steps=4, obs=[ 1.60314515  0.36105158  0.93254585 -0.10706088  0.99425247  0.87923599
 -0.01221536 -0.047031    0.61700199  0.00543893  0.00532686  0.0548978
  1.57078266  2.97980871  1.          0.          0.          0.
  0.          0.          0.        ], state=[ 1.19999993e+02  6.00021476e+01  8.01572577e+03  2.39569122e+02
 -4.07298762e-01  8.01572128e+03  2.98980463e+02 -1.67078603e+00
  1.56876887e+01  1.20000000e+02  6.02692646e+01  8.02105263e+03
  3.00375848e+04 -3.63797881e-12  7.95047040e+03  3.05114798e-14
  3.00789474e+02  7.24962408e-15], current_reward=0.07265426819202148
2025-08-18 17:22:33,738 - INFO [ENV 2] - A0100 launch mission! Total Steps=2, obs=[ 1.60402785e+00  1.97641491e-01  9.80274370e-01 -5.41214182e-02
  9.98534362e-01  8.78851230e-01 -2.46857158e-03 -3.24352494e-02
  6.15981864e-01  5.82369242e-03  9.13393199e-04  1.97608507e-02
  1.57079584e+00  2.99176956e+00  1.00000000e+00  0.00000000e+00
  0.00000000e+00  0.00000000e+00  0.00000000e+00  0.00000000e+00
  0.00000000e+00], state=[ 1.20000000e+02  6.00010755e+01  8.02013924e+03  1.19970345e+02
 -1.44454499e-02  8.02013811e+03  2.98968596e+02 -7.41089774e-02
  5.21174261e+00  1.20000000e+02  6.02692646e+01  8.02105263e+03
  3.00375848e+04 -3.63797881e-12  7.95047040e+03  3.05114798e-14
  3.00789474e+02  7.24962408e-15], current_reward=0.024877806818613735
2025-08-18 17:22:33,746 - INFO [ENV 9] - render_result: {'enm_distance': 30000, 'enm_alt': 26315.78947368421, 'enm_lat': 60.26926459981188, 'enm_lon': 120.0, 'enm_speed': 986.8421052631579, 'enm_heading': 90, 'ego_alt': 26315.78947368421, 'ego_lat': 60, 'ego_lon': 120, 'ego_speed': 986.8421052631579, 'ego_heading': 0, 'enm_angle': 0, 'success': False, 'reward': 15.980357796990674, 'total_steps': 304}
2025-08-18 17:22:33,746 - CRITICAL [ENV 9] - [Episode #4550] Result: both_alive
2025-08-18 17:22:33,807 - INFO [ENV 7] - render_result: {'enm_distance': 30000, 'enm_alt': 26315.78947368421, 'enm_lat': 60.26926459981188, 'enm_lon': 120.0, 'enm_speed': 986.8421052631579, 'enm_heading': 90, 'ego_alt': 26315.78947368421, 'ego_lat': 60, 'ego_lon': 120, 'ego_speed': 986.8421052631579, 'ego_heading': 0, 'enm_angle': 0, 'success': False, 'reward': -9.166393080081296, 'total_steps': 303}
2025-08-18 17:22:33,807 - CRITICAL [ENV 7] - [Episode #4551] Result: both_alive
2025-08-18 17:22:33,860 - INFO [ENV 7] - A0100 launch mission! Total Steps=1, obs=[ 1.60421697e+00 -6.03394972e-02  9.98177913e-01  1.65424746e-02
  9.99863164e-01  8.84634281e-01  1.81132060e-03  1.23692260e-02
  6.20088632e-01  4.06415510e-05 -3.22410428e-05  3.80869457e-04
  1.57079641e+00  2.99775038e+00  1.00000000e+00  0.00000000e+00
  0.00000000e+00  0.00000000e+00  0.00000000e+00  0.00000000e+00
  0.00000000e+00], state=[ 1.20000000e+02  6.00005393e+01  8.02108487e+03  6.01641231e+01
  2.53649508e-03  8.02108459e+03  3.00804578e+02 -4.13385108e-02
 -8.15429006e-01  1.20000000e+02  6.02692646e+01  8.02105263e+03
  3.00375848e+04 -3.63797881e-12  7.95047040e+03  3.05114798e-14
  3.00789474e+02  7.24962408e-15], current_reward=0
2025-08-18 17:22:33,862 - INFO [ENV 9] - A0100 launch mission! Total Steps=2, obs=[ 1.60424645e+00  2.92845422e-02  9.99571116e-01  9.46396259e-02
  9.95511598e-01  8.80730232e-01 -2.83707291e-03  7.37744900e-02
  6.19374446e-01  3.94469057e-03 -1.79628602e-04  9.04821670e-03
  1.57079743e+00  2.99174342e+00 -1.00000000e+00  0.00000000e+00
  0.00000000e+00  0.00000000e+00  0.00000000e+00  0.00000000e+00
  0.00000000e+00], state=[ 1.20000001e+02  6.00010778e+01  8.02123226e+03  1.20234245e+02
  3.30573239e-02  8.02123113e+03  3.00479025e+02  3.43910902e-01
 -3.40776133e+00  1.20000000e+02  6.02692646e+01  8.02105263e+03
  3.00375848e+04 -3.63797881e-12  7.95047040e+03  3.05114798e-14
  3.00789474e+02  7.24962408e-15], current_reward=0.024945281781535655
2025-08-18 17:22:33,894 - INFO [ENV 15] - render_result: {'enm_distance': 30000, 'enm_alt': 26315.78947368421, 'enm_lat': 60.26926459981188, 'enm_lon': 120.0, 'enm_speed': 986.8421052631579, 'enm_heading': 90, 'ego_alt': 26315.78947368421, 'ego_lat': 60, 'ego_lon': 120, 'ego_speed': 986.8421052631579, 'ego_heading': 0, 'enm_angle': 0, 'success': False, 'reward': 16.24846901979947, 'total_steps': 305}
2025-08-18 17:22:33,895 - CRITICAL [ENV 15] - [Episode #4553] Result: both_alive
2025-08-18 17:22:34,042 - INFO [ENV 11] - render_result: {'enm_distance': 30000, 'enm_alt': 26315.78947368421, 'enm_lat': 60.26926459981188, 'enm_lon': 120.0, 'enm_speed': 986.8421052631579, 'enm_heading': 90, 'ego_alt': 26315.78947368421, 'ego_lat': 60, 'ego_lon': 120, 'ego_speed': 986.8421052631579, 'ego_heading': 0, 'enm_angle': 0, 'success': False, 'reward': -7.735191711952066, 'total_steps': 302}
2025-08-18 17:22:34,044 - CRITICAL [ENV 11] - [Episode #4556] Result: both_alive
=[ 1.60381520e+00  5.26621330e-01  8.50099979e-01 -5.85490240e-02
  9.98284534e-01  8.82419413e-01 -8.28967541e-03 -2.94713936e-02
  6.18759645e-01  2.25550986e-03  1.97661136e-03  2.76221174e-02
  1.57079208e+00  2.98572274e+00  1.00000000e+00  0.00000000e+00
  0.00000000e+00  0.00000000e+00  0.00000000e+00  0.00000000e+00
  0.00000000e+00], state=[ 1.19999998e+02  6.00016175e+01  8.01907602e+03  1.80436207e+02
 -1.26886164e-01  8.01907347e+03  3.00106811e+02 -5.88132023e-01
  7.58067806e+00  1.20000000e+02  6.02692646e+01  8.02105263e+03
  3.00375848e+04 -3.63797881e-12  7.95047040e+03  3.05114798e-14
  3.00789474e+02  7.24962408e-15], current_reward=0.049776200794788394
2025-08-18 17:22:34,219 - INFO [ENV 8] - render_result: {'enm_distance': 30000, 'enm_alt': 26315.78947368421, 'enm_lat': 60.26926459981188, 'enm_lon': 120.0, 'enm_speed': 986.8421052631579, 'enm_heading': 90, 'ego_alt': 26315.78947368421, 'ego_lat': 60, 'ego_lon': 120, 'ego_speed': 986.8421052631579, 'ego_heading': 0, 'enm_angle': 0, 'success': False, 'reward': -9.240175931413887, 'total_steps': 302}
2025-08-18 17:22:34,219 - INFO [ENV 11] - A0100 launch mission! Total Steps=4, obs=[ 1.60458800e+00  9.98604593e-02  9.95001452e-01  1.65881614e-01
  9.86145674e-01  8.64373134e-01  1.24214780e-02  1.14290219e-01
  6.10044609e-01  2.03017888e-02 -1.88739248e-03  3.20026311e-02
  1.57079066e+00  2.97985317e+00  1.00000000e+00  0.00000000e+00
  0.00000000e+00  0.00000000e+00  0.00000000e+00  0.00000000e+00
  0.00000000e+00], state=[ 1.19999997e+02  6.00021438e+01  8.02294002e+03  2.39141170e+02
 -1.68844137e-01  8.02293555e+03  2.96299077e+02 -1.47577250e-01
 -1.02057618e+01  1.20000000e+02  6.02692646e+01  8.02105263e+03
  3.00375848e+04 -3.63797881e-12  7.95047040e+03  3.05114798e-14
  3.00789474e+02  7.24962408e-15], current_reward=0.0746996581135253
2025-08-18 17:22:34,220 - CRITICAL [ENV 8] - [Episode #4560] Result: both_alive
2025-08-18 17:22:34,323 - INFO [ENV 8] - A0100 launch mission! Total Steps=2, obs=[ 1.60405882e+00  2.03527304e-02  9.99792862e-01 -5.57477475e-02
  9.98444885e-01  8.77844368e-01  3.26751772e-03 -3.69140545e-02
  6.15328661e-01  6.83055429e-03  7.58518750e-04  1.61693963e-02
  1.57079654e+00  2.99177335e+00 -1.00000000e+00  0.00000000e+00
  0.00000000e+00  0.00000000e+00  0.00000000e+00  0.00000000e+00
  0.00000000e+00], state=[ 1.20000000e+02  6.00010751e+01  8.02029411e+03  1.19932741e+02
  6.42194789e-03  8.02029299e+03  2.98704327e+02  4.71913422e-02
  4.13277858e+00  1.20000000e+02  6.02692646e+01  8.02105263e+03
  3.00375848e+04 -3.63797881e-12  7.95047040e+03  3.05114798e-14
  3.00789474e+02  7.24962408e-15], current_reward=0.024892674733292708
2025-08-18 17:22:44,344 - INFO [ENV 3] - render_result: {'enm_distance': 30000, 'enm_alt': 26315.78947368421, 'enm_lat': 60.26926459981188, 'enm_lon': 120.0, 'enm_speed': 986.8421052631579, 'enm_heading': 90, 'ego_alt': 26315.78947368421, 'ego_lat': 60, 'ego_lon': 120, 'ego_speed': 986.8421052631579, 'ego_heading': 0, 'enm_angle': 0, 'success': False, 'reward': -7.436409732511379, 'total_steps': 302}
2025-08-18 17:22:44,345 - CRITICAL [ENV 3] - [Episode #4837] Result: both_alive
2025-08-18 17:22:44,406 - INFO [ENV 3] - A0100 launch mission! Total Steps=1, obs=[ 1.60418051e+00  9.52220309e-02  9.95456059e-01 -2.28531763e-02
  9.99738832e-01  8.82060338e-01 -4.38003711e-03 -1.37394158e-02
  6.18096289e-01  2.61458430e-03  1.50096429e-04  9.22884771e-03
  1.57079609e+00  2.99775993e+00  1.00000000e+00  0.00000000e+00
  0.00000000e+00  0.00000000e+00  0.00000000e+00  0.00000000e+00
  0.00000000e+00], state=[ 1.20000000e+02  6.00005385e+01  8.02090254e+03  6.00682693e+01
 -7.15750966e-03  8.02090225e+03  2.99933493e+02 -4.89221245e-02
  2.06295022e+00  1.20000000e+02  6.02692646e+01  8.02105263e+03
  3.00375848e+04 -3.63797881e-12  7.95047040e+03  3.05114798e-14
  3.00789474e+02  7.24962408e-15], current_reward=0
2025-08-18 17:22:44,526 - INFO [ENV 10] - render_result: {'enm_distance': 30000, 'enm_alt': 26315.78947368421, 'enm_lat': 60.26926459981188, 'enm_lon': 120.0, 'enm_speed': 986.8421052631579, 'enm_heading': 90, 'ego_alt': 26315.78947368421, 'ego_lat': 60, 'ego_lon': 120, 'ego_speed': 986.8421052631579, 'ego_heading': 0, 'enm_angle': 0, 'success': False, 'reward': -7.3939510237264585, 'total_steps': 302}
2025-08-18 17:22:44,527 - CRITICAL [ENV 10] - [Episode #4841] Result: both_alive
2025-08-18 17:22:44,627 - INFO [ENV 6] - render_result: {'enm_distance': 30000, 'enm_alt': 26315.78947368421, 'enm_lat': 60.26926459981188, 'enm_lon': 120.0, 'enm_speed': 986.8421052631579, 'enm_heading': 90, 'ego_alt': 26315.78947368421, 'ego_lat': 60, 'ego_lon': 120, 'ego_speed': 986.8421052631579, 'ego_heading': 0, 'enm_angle': 0, 'success': False, 'reward': -7.441266550247235, 'total_steps': 302}
2025-08-18 17:22:44,627 - CRITICAL [ENV 6] - [Episode #4843] Result: both_alive
2025-08-18 17:22:44,722 - INFO [ENV 6] - A0100 launch mission! Total Steps=2, obs=[ 1.60423342e+00  2.05607605e-01  9.78634514e-01  1.08061935e-01
  9.94144164e-01  8.78040581e-01  5.48740693e-03  8.92547026e-02
  6.18405339e-01  6.63434157e-03 -1.14448922e-04  5.69863724e-03
  1.57079732e+00  2.99174871e+00 -1.00000000e+00  0.00000000e+00
  0.00000000e+00  0.00000000e+00  0.00000000e+00  0.00000000e+00
  0.00000000e+00], state=[ 1.20000001e+02  6.00010774e+01  8.02116708e+03  1.20181272e+02
  2.96031043e-02  8.02116595e+03  3.00068434e+02  4.65424954e-01
 -2.35445931e+00  1.20000000e+02  6.02692646e+01  8.02105263e+03
  3.00375848e+04 -3.63797881e-12  7.95047040e+03  3.05114798e-14
  3.00789474e+02  7.24962408e-15], current_reward=0.024945203899475743
2025-08-18 17:22:44,763 - INFO [ENV 1] - render_result: {'enm_distance': 30000, 'enm_alt': 26315.78947368421, 'enm_lat': 60.26926459981188, 'enm_lon': 120.0, 'enm_speed': 986.8421052631579, 'enm_heading': 90, 'ego_alt': 26315.78947368421, 'ego_lat': 60, 'ego_lon': 120, 'ego_speed': 986.8421052631579, 'ego_heading': 0, 'enm_angle': 0, 'success': False, 'reward': -7.969437131912816, 'total_steps': 303}
2025-08-18 17:22:44,763 - CRITICAL [ENV 1] - [Episode #4846] Result: both_alive
2025-08-18 17:22:44,767 - INFO [ENV 13] - render_result: {'enm_distance': 30000, 'enm_alt': 26315.78947368421, 'enm_lat': 60.26926459981188, 'enm_lon': 120.0, 'enm_speed': 986.8421052631579, 'enm_heading': 90, 'ego_alt': 26315.78947368421, 'ego_lat': 60, 'ego_lon': 120, 'ego_speed': 986.8421052631579, 'ego_heading': 0, 'enm_angle': 0, 'success': False, 'reward': -7.015855893784725, 'total_steps': 302}
2025-08-18 17:22:44,767 - CRITICAL [ENV 13] - [Episode #4846] Result: both_alive
2025-08-18 17:22:44,767 - INFO [ENV 12] - render_result: {'enm_distance': 30000, 'enm_alt': 26315.78947368421, 'enm_lat': 60.26926459981188, 'enm_lon': 120.0, 'enm_speed': 986.8421052631579, 'enm_heading': 90, 'ego_alt': 26315.78947368421, 'ego_lat': 60, 'ego_lon': 120, 'ego_speed': 986.8421052631579, 'ego_heading': 0, 'enm_angle': 0, 'success': False, 'reward': -8.29497378905543, 'total_steps': 302}
2025-08-18 17:22:44,768 - CRITICAL [ENV 12] - [Episode #4846] Result: both_alive
2025-08-18 17:22:44,826 - INFO [ENV 13] - A0100 launch mission! Total Steps=1, obs=[ 1.60421778e+00 -9.60428631e-02  9.95377199e-01  1.64707153e-02
  9.99864349e-01  8.84521647e-01  2.56312602e-03  1.19727369e-02
  6.19997207e-01  1.53275218e-04 -3.62794364e-05  9.47040904e-04
  1.57079644e+00  2.99775048e+00  1.00000000e+00  0.00000000e+00
  0.00000000e+00  0.00000000e+00  0.00000000e+00  0.00000000e+00
  0.00000000e+00], state=[ 1.20000000e+02  6.00005393e+01  8.02108891e+03  6.01631862e+01
  3.25728287e-03  8.02108863e+03  3.00764549e+02 -6.56905660e-02
 -9.85683167e-01  1.20000000e+02  6.02692646e+01  8.02105263e+03
  3.00375848e+04 -3.63797881e-12  7.95047040e+03  3.05114798e-14
  3.00789474e+02  7.24962408e-15], current_reward=0
2025-08-18 17:22:44,828 - INFO [ENV 12] - A0100 launch mission! Total Steps=1, obs=[ 1.60419770e+00  9.48481368e-02  9.95491753e-01  1.64098532e-02
  9.99865349e-01  8.85333863e-01 -2.89572501e-03  1.63957253e-02
  6.20694904e-01 -6.58940404e-04  6.41180885e-05  4.06544208e-03
  1.57079615e+00  2.99774862e+00 -1.00000000e+00  0.00000000e+00
  0.00000000e+00  0.00000000e+00  0.00000000e+00  0.00000000e+00
  0.00000000e+00], state=[ 1.20000000e+02  6.00005395e+01  8.02098851e+03  6.01815028e+01
 -5.41275660e-03  8.02098823e+03  3.01066295e+02  1.00318432e-02
  5.15710525e-01  1.20000000e+02  6.02692646e+01  8.02105263e+03
  3.00375848e+04 -3.63797881e-12  7.95047040e+03  3.05114798e-14
  3.00789474e+02  7.24962408e-15], current_reward=0
2025-08-18 17:22:44,832 - INFO [ENV 4] - render_result: {'enm_distance': 30000, 'enm_alt': 26315.78947368421, 'enm_lat': 60.26926459981188, 'enm_lon': 120.0, 'enm_speed': 986.8421052631579, 'enm_heading': 90, 'ego_alt': 26315.78947368421, 'ego_lat': 60, 'ego_lon': 120, 'ego_speed': 986.8421052631579, 'ego_heading': 0, 'enm_angle': 0, 'success': False, 'reward': -6.889498604988464, 'total_steps': 303}
2025-08-18 17:22:44,832 - CRITICAL [ENV 4] - [Episode #4847] Result: both_alive
2025-08-18 17:22:44,886 - INFO [ENV 1] - A0100 launch mission! Total Steps=2, obs=[ 1.60400650e+00  3.76117316e-01  9.26572051e-01 -7.17300029e-02
  9.97424086e-01  8.82347068e-01 -1.64884879e-02 -4.01670712e-02
  6.19094366e-01  2.32785413e-03  1.02013300e-03  2.50099278e-02
  1.57079463e+00  2.99175755e+00  1.00000000e+00  0.00000000e+00
  0.00000000e+00  0.00000000e+00  0.00000000e+00  0.00000000e+00
  0.00000000e+00], state=[ 1.19999999e+02  6.00010765e+01  8.02003250e+03  1.20090170e+02
 -5.08805938e-02  8.02003137e+03  3.00283691e+02 -5.29617019e-01
  6.79432569e+00  1.20000000e+02  6.02692646e+01  8.02105263e+03
  3.00375848e+04 -3.63797881e-12  7.95047040e+03  3.05114798e-14
  3.00789474e+02  7.24962408e-15], current_reward=0.024877806818613735
2025-08-18 17:22:44,923 - INFO [ENV 4] - A0100 launch mission! Total Steps=2, obs=[ 1.60400487e+00  3.77435487e-01  9.26035881e-01 -7.24268629e-02
  9.97373726e-01  8.86295691e-01 -1.67579503e-02 -4.08932227e-02
  6.22223715e-01 -1.62076815e-03  1.02830463e-03  2.50560915e-02
  1.57079462e+00  2.99171757e+00  1.00000000e+00  0.00000000e+00
  0.00000000e+00  0.00000000e+00  0.00000000e+00  0.00000000e+00
  0.00000000e+00], state=[ 1.19999999e+02  6.00010801e+01  8.02002433e+03  1.20489911e+02
 -5.10435256e-02  8.02002319e+03  3.01636933e+02 -5.34957443e-01
  6.83877511e+00  1.20000000e+02  6.02692646e+01  8.02105263e+03
  3.00375848e+04 -3.63797881e-12  7.95047040e+03  3.05114798e-14
  3.00789474e+02  7.24962408e-15], current_reward=0.02492941910200841
2025-08-18 17:22:44,966 - INFO [ENV 10] - A0100 launch mission! Total Steps=9, obs=[ 1.60031862  0.72024331  0.69372154  0.06114929  0.99812863  0.86949598
  0.00932173  0.09706115  0.61302615  0.01517894  0.01945951  0.07744615
  1.5710137   2.9500601  -1.          0.          0.          0.
  0.          0.          0.        ], state=[ 1.20000115e+02  6.00048142e+01  8.00159312e+03  5.37028744e+02
  6.41260724e+00  8.00157055e+03  2.96607431e+02  2.16724456e+01
  7.05149530e+00  1.20000000e+02  6.02692646e+01  8.02105263e+03
  3.00375848e+04 -3.63797881e-12  7.95047040e+03  3.05114798e-14
  3.00789474e+02  7.24962408e-15], current_reward=0.19746508072029556
2025-08-18 17:22:44,966 - INFO [ENV 14] - render_result: {'enm_distance': 30000, 'enm_alt': 26315.78947368421, 'enm_lat': 60.26926459981188, 'enm_lon': 120.0, 'enm_speed': 986.8421052631579, 'enm_heading': 90, 'ego_alt': 26315.78947368421, 'ego_lat': 60, 'ego_lon': 120, 'ego_speed': 986.8421052631579, 'ego_heading': 0, 'enm_angle': 0, 'success': False, 'reward': 15.648747951576588, 'total_steps': 304}
2025-08-18 17:22:44,966 - INFO [ENV 5] - render_result: {'enm_distance': 30000, 'enm_alt': 26315.78947368421, 'enm_lat': 60.26926459981188, 'enm_lon': 120.0, 'enm_speed': 986.8421052631579, 'enm_heading': 90, 'ego_alt': 26315.78947368421, 'ego_lat': 60, 'ego_lon': 120, 'ego_speed': 986.8421052631579, 'ego_heading': 0, 'enm_angle': 0, 'success': False, 'reward': -6.926451404055012, 'total_steps': 305}
2025-08-18 17:22:44,966 - CRITICAL [ENV 14] - [Episode #4850] Result: both_alive
2025-08-18 17:22:44,966 - CRITICAL [ENV 5] - [Episode #4850] Result: both_alive
2025-08-18 17:22:44,967 - INFO [ENV 0] - render_result: {'enm_distance': 30000, 'enm_alt': 26315.78947368421, 'enm_lat': 60.26926459981188, 'enm_lon': 120.0, 'enm_speed': 986.8421052631579, 'enm_heading': 90, 'ego_alt': 26315.78947368421, 'ego_lat': 60, 'ego_lon': 120, 'ego_speed': 986.8421052631579, 'ego_heading': 0, 'enm_angle': 0, 'success': False, 'reward': -6.924033474389702, 'total_steps': 304}
2025-08-18 17:22:44,967 - CRITICAL [ENV 0] - [Episode #4850] Result: both_alive
2025-08-18 17:22:45,040 - INFO [ENV 2] - render_result: {'enm_distance': 30000, 'enm_alt': 26315.78947368421, 'enm_lat': 60.26926459981188, 'enm_lon': 120.0, 'enm_speed': 986.8421052631579, 'enm_heading': 90, 'ego_alt': 26315.78947368421, 'ego_lat': 60, 'ego_lon': 120, 'ego_speed': 986.8421052631579, 'ego_heading': 0, 'enm_angle': 0, 'success': False, 'reward': -10.083628228319434, 'total_steps': 303}
2025-08-18 17:22:45,041 - CRITICAL [ENV 2] - [Episode #4851] Result: both_alive
2025-08-18 17:22:45,097 - INFO [ENV 2] - A0100 launch mission! Total Steps=1, obs=[ 1.60418203e+00  4.49303062e-02  9.98990124e-01 -2.27991706e-02
  9.99740065e-01  8.81874246e-01 -2.23685593e-03 -1.46999560e-02
  6.17955843e-01  2.80067689e-03  1.42468994e-04  8.38637033e-03
  1.57079622e+00  2.99776011e+00  1.00000000e+00  0.00000000e+00
  0.00000000e+00  0.00000000e+00  0.00000000e+00  0.00000000e+00
  0.00000000e+00], state=[ 1.20000000e+02  6.00005385e+01  8.02091016e+03  6.00664967e+01
 -3.22200014e-03  8.02090988e+03  2.99874397e+02 -8.49950355e-03
  1.81023860e+00  1.20000000e+02  6.02692646e+01  8.02105263e+03
  3.00375848e+04 -3.63797881e-12  7.95047040e+03  3.05114798e-14
  3.00789474e+02  7.24962408e-15], current_reward=0
2025-08-18 17:22:45,099 - INFO [ENV 0] - A0100 launch mission! Total Steps=2, obs=[ 1.60411438e+00  2.21806312e-02  9.99753980e-01 -3.39312449e-02
  9.99424170e-01  8.82714434e-01  2.67405573e-03 -2.25087035e-02
  6.18756053e-01  1.96048819e-03  4.80753399e-04  1.08645940e-02
  1.57079678e+00  2.99175704e+00 -1.00000000e+00  0.00000000e+00
  0.00000000e+00  0.00000000e+00  0.00000000e+00  0.00000000e+00
  0.00000000e+00], state=[ 1.20000000e+02  6.00010766e+01  8.02057188e+03  1.20096513e+02
  1.36054106e-02  8.02057075e+03  3.00210938e+02  9.10307281e-02
  2.55702773e+00  1.20000000e+02  6.02692646e+01  8.02105263e+03
  3.00375848e+04 -3.63797881e-12  7.95047040e+03  3.05114798e-14
  3.00789474e+02  7.24962408e-15], current_reward=0.024920384853444943
2025-08-18 17:22:45,133 - INFO [ENV 7] - render_result: {'enm_distance': 30000, 'enm_alt': 26315.78947368421, 'enm_lat': 60.26926459981188, 'enm_lon': 120.0, 'enm_speed': 986.8421052631579, 'enm_heading': 90, 'ego_alt': 26315.78947368421, 'ego_lat': 60, 'ego_lon': 120, 'ego_speed': 986.8421052631579, 'ego_heading': 0, 'enm_angle': 0, 'success': False, 'reward': -7.606605976050599, 'total_steps': 302}
2025-08-18 17:22:45,133 - CRITICAL [ENV 7] - [Episode #4853] Result: both_alive
2025-08-18 17:22:45,139 - INFO [ENV 9] - render_result: {'enm_distance': 30000, 'enm_alt': 26315.78947368421, 'enm_lat': 60.26926459981188, 'enm_lon': 120.0, 'enm_speed': 986.8421052631579, 'enm_heading': 90, 'ego_alt': 26315.78947368421, 'ego_lat': 60, 'ego_lon': 120, 'ego_speed': 986.8421052631579, 'ego_heading': 0, 'enm_angle': 0, 'success': False, 'reward': 16.051681020294776, 'total_steps': 303}
2025-08-18 17:22:45,139 - CRITICAL [ENV 9] - [Episode #4853] Result: both_alive
2025-08-18 17:22:45,204 - INFO [ENV 7] - A0100 launch mission! Total Steps=1, obs=[ 1.60421779e+00 -9.44554297e-02  9.95529091e-01  1.64635806e-02
  9.99864466e-01  8.84511127e-01  3.35786292e-03  1.20261004e-02
  6.19991600e-01  1.63795646e-04 -3.63111988e-05  9.50929631e-04
  1.57079650e+00  2.99775048e+00  1.00000000e+00  0.00000000e+00
  0.00000000e+00  0.00000000e+00  0.00000000e+00  0.00000000e+00
  0.00000000e+00], state=[ 1.20000000e+02  6.00005393e+01  8.02108894e+03  6.01631846e+01
  5.08184651e-03  8.02108866e+03  3.00762114e+02 -5.62692931e-02
 -9.88936050e-01  1.20000000e+02  6.02692646e+01  8.02105263e+03
  3.00375848e+04 -3.63797881e-12  7.95047040e+03  3.05114798e-14
  3.00789474e+02  7.24962408e-15], current_reward=0
2025-08-18 17:22:45,204 - INFO [ENV 14] - A0100 launch mission! Total Steps=4, obs=[ 1.60462557e+00  2.39200788e-01  9.70970125e-01  1.21559407e-01
  9.92584158e-01  8.77283070e-01  8.30140325e-03  8.00381657e-02
  6.17075170e-01  7.39185240e-03 -2.07521159e-03  3.13179533e-02
  1.57082239e+00  2.97972755e+00 -1.00000000e+00  0.00000000e+00
  0.00000000e+00  0.00000000e+00  0.00000000e+00  0.00000000e+00
  0.00000000e+00], state=[ 1.20000014e+02  6.00021550e+01  8.02312784e+03  2.40397917e+02
  7.76707704e-01  8.02312332e+03  2.99359628e+02  3.66234599e+00
 -9.36111281e+00  1.20000000e+02  6.02692646e+01  8.02105263e+03
  3.00375848e+04 -3.63797881e-12  7.95047040e+03  3.05114798e-14
  3.00789474e+02  7.24962408e-15], current_reward=0.07484254566383441
2025-08-18 17:22:45,207 - INFO [ENV 9] - A0100 launch mission! Total Steps=1, obs=[ 1.60419922e+00  4.40398540e-02  9.99029775e-01  1.68789164e-02
  9.99857541e-01  8.83681949e-01 -2.07823710e-03  1.58157119e-02
  6.19387079e-01  9.92973415e-04  5.65187170e-05  3.24800174e-03
  1.57079621e+00  2.99775368e+00 -1.00000000e+00  0.00000000e+00
  0.00000000e+00  0.00000000e+00  0.00000000e+00  0.00000000e+00
  0.00000000e+00], state=[ 1.20000000e+02  6.00005390e+01  8.02099611e+03  6.01309995e+01
 -3.42515489e-03  8.02099583e+03  3.00500689e+02  1.54641026e-02
  2.68943484e-01  1.20000000e+02  6.02692646e+01  8.02105263e+03
  3.00375848e+04 -3.63797881e-12  7.95047040e+03  3.05114798e-14
  3.00789474e+02  7.24962408e-15], current_reward=0
2025-08-18 17:22:45,247 - INFO [ENV 5] - A0100 launch mission! Total Steps=5, obs=[ 1.60413479e+00 -7.00396817e-02  9.97544206e-01  7.18988930e-02
  9.97411926e-01  8.75185801e-01 -1.82505834e-03  5.27842943e-02
  6.13868084e-01  9.48912157e-03  3.78701246e-04  9.52770396e-03
  1.57079449e+00  2.97380528e+00  1.00000000e+00  0.00000000e+00
  0.00000000e+00  0.00000000e+00  0.00000000e+00  0.00000000e+00
  0.00000000e+00], state=[ 1.19999999e+02  6.00026859e+01  8.02067393e+03  2.99614857e+02
 -5.46157143e-02  8.02066691e+03  2.98083579e+02 -5.24658948e-01
 -3.49486060e+00  1.20000000e+02  6.02692646e+01  8.02105263e+03
  3.00375848e+04 -3.63797881e-12  7.95047040e+03  3.05114798e-14
  3.00789474e+02  7.24962408e-15], current_reward=0.10108454917451226
2025-08-18 17:22:45,327 - INFO [ENV 15] - render_result: {'enm_distance': 30000, 'enm_alt': 26315.78947368421, 'enm_lat': 60.26926459981188, 'enm_lon': 120.0, 'enm_speed': 986.8421052631579, 'enm_heading': 90, 'ego_alt': 26315.78947368421, 'ego_lat': 60, 'ego_lon': 120, 'ego_speed': 986.8421052631579, 'ego_heading': 0, 'enm_angle': 0, 'success': False, 'reward': -7.46710050246562, 'total_steps': 304}
2025-08-18 17:22:45,327 - CRITICAL [ENV 15] - [Episode #4857] Result: both_alive
2025-08-18 17:22:45,497 - INFO [ENV 11] - render_result: {'enm_distance': 30000, 'enm_alt': 26315.78947368421, 'enm_lat': 60.26926459981188, 'enm_lon': 120.0, 'enm_speed': 986.8421052631579, 'enm_heading': 90, 'ego_alt': 26315.78947368421, 'ego_lat': 60, 'ego_lon': 120, 'ego_speed': 986.8421052631579, 'ego_heading': 0, 'enm_angle': 0, 'success': False, 'reward': -7.985409434698379, 'total_steps': 305}
2025-08-18 17:22:45,498 - CRITICAL [ENV 11] - [Episode #4861] Result: both_alive
2025-08-18 17:22:45,554 - INFO [ENV 11] - A0100 launch mission! Total Steps=1, obs=[ 1.60419770e+00  9.48481368e-02  9.95491753e-01  1.64098532e-02
  9.99865349e-01  8.85333863e-01 -2.89572501e-03  1.63957253e-02
  6.20694904e-01 -6.58940404e-04  6.41180885e-05  4.06544208e-03
  1.57079615e+00  2.99774862e+00 -1.00000000e+00  0.00000000e+00
  0.00000000e+00  0.00000000e+00  0.00000000e+00  0.00000000e+00
  0.00000000e+00], state=[ 1.20000000e+02  6.00005395e+01  8.02098851e+03  6.01815028e+01
 -5.41275660e-03  8.02098823e+03  3.01066295e+02  1.00318432e-02
  5.15710525e-01  1.20000000e+02  6.02692646e+01  8.02105263e+03
  3.00375848e+04 -3.63797881e-12  7.95047040e+03  3.05114798e-14
  3.00789474e+02  7.24962408e-15], current_reward=0
2025-08-18 17:22:45,555 - INFO [ENV 15] - A0100 launch mission! Total Steps=5, obs=[ 1.60274821  0.07071055  0.99749688 -0.01796131  0.99983868  0.87228769
 -0.00420078  0.02583273  0.61087403  0.01238723  0.00731157  0.04928066
  1.5707956   2.97392649 -1.          0.          0.          0.
  0.          0.          0.        ], state=[ 1.20000000e+02  6.00026749e+01  8.01374106e+03  2.98387188e+02
 -2.16595949e-02  8.01373410e+03  2.96381482e+02  4.66862362e-02
  1.39856808e+01  1.20000000e+02  6.02692646e+01  8.02105263e+03
  3.00375848e+04 -3.63797881e-12  7.95047040e+03  3.05114798e-14
  3.00789474e+02  7.24962408e-15], current_reward=0.09646559225074824
2025-08-18 17:22:45,599 - INFO [ENV 8] - render_result: {'enm_distance': 30000, 'enm_alt': 26315.78947368421, 'enm_lat': 60.26926459981188, 'enm_lon': 120.0, 'enm_speed': 986.8421052631579, 'enm_heading': 90, 'ego_alt': 26315.78947368421, 'ego_lat': 60, 'ego_lon': 120, 'ego_speed': 986.8421052631579, 'ego_heading': 0, 'enm_angle': 0, 'success': False, 'reward': -7.421658381869044, 'total_steps': 303}
2025-08-18 17:22:45,600 - CRITICAL [ENV 8] - [Episode #4863] Result: both_alive
2025-08-18 17:22:45,694 - INFO [ENV 8] - A0100 launch mission! Total Steps=2, obs=[ 1.60400650e+00  3.76117316e-01  9.26572051e-01 -7.17300029e-02
  9.97424086e-01  8.82347068e-01 -1.64884879e-02 -4.01670712e-02
  6.19094366e-01  2.32785413e-03  1.02013300e-03  2.50099278e-02
  1.57079463e+00  2.99175755e+00  1.00000000e+00  0.00000000e+00
  0.00000000e+00  0.00000000e+00  0.00000000e+00  0.00000000e+00
  0.00000000e+00], state=[ 1.19999999e+02  6.00010765e+01  8.02003250e+03  1.20090170e+02
 -5.08805938e-02  8.02003137e+03  3.00283691e+02 -5.29617019e-01
  6.79432569e+00  1.20000000e+02  6.02692646e+01  8.02105263e+03
  3.00375848e+04 -3.63797881e-12  7.95047040e+03  3.05114798e-14
  3.00789474e+02  7.24962408e-15], current_reward=0.024877806818613735
2025-08-18 17:22:55,811 - INFO [ENV 3] - render_result: {'enm_distance': 30000, 'enm_alt': 26315.78947368421, 'enm_lat': 60.26926459981188, 'enm_lon': 120.0, 'enm_speed': 986.8421052631579, 'enm_heading': 90, 'ego_alt': 26315.78947368421, 'ego_lat': 60, 'ego_lon': 120, 'ego_speed': 986.8421052631579, 'ego_heading': 0, 'enm_angle': 0, 'success': False, 'reward': -7.178177832832642, 'total_steps': 302}
2025-08-18 17:22:55,811 - CRITICAL [ENV 3] - [Episode #5139] Result: both_alive
2025-08-18 17:22:55,941 - INFO [ENV 3] - A0100 launch mission! Total Steps=3, obs=[ 1.60417236e+00 -1.43063393e-01  9.89713527e-01  9.04603252e-02
  9.95900060e-01  8.78773466e-01 -2.82440850e-03  6.90374362e-02
  6.17553986e-01  5.90145700e-03  1.90837618e-04  1.01768319e-02
  1.57079786e+00  2.98573820e+00  1.00000000e+00  0.00000000e+00
  0.00000000e+00  0.00000000e+00  0.00000000e+00  0.00000000e+00
  0.00000000e+00], state=[ 1.20000001e+02  6.00016162e+01  8.02086179e+03  1.80285774e+02
  4.56492468e-02  8.02085925e+03  2.99681581e+02 -9.12416195e-02
 -3.75515512e+00  1.20000000e+02  6.02692646e+01  8.02105263e+03
  3.00375848e+04 -3.63797881e-12  7.95047040e+03  3.05114798e-14
  3.00789474e+02  7.24962408e-15], current_reward=0.05017256915846957
2025-08-18 17:22:56,087 - INFO [ENV 6] - render_result: {'enm_distance': 30000, 'enm_alt': 26315.78947368421, 'enm_lat': 60.26926459981188, 'enm_lon': 120.0, 'enm_speed': 986.8421052631579, 'enm_heading': 90, 'ego_alt': 26315.78947368421, 'ego_lat': 60, 'ego_lon': 120, 'ego_speed': 986.8421052631579, 'ego_heading': 0, 'enm_angle': 0, 'success': False, 'reward': -7.170041845757741, 'total_steps': 303}
2025-08-18 17:22:56,088 - CRITICAL [ENV 6] - [Episode #5146] Result: both_alive
2025-08-18 17:22:56,192 - INFO [ENV 13] - render_result: {'enm_distance': 30000, 'enm_alt': 26315.78947368421, 'enm_lat': 60.26926459981188, 'enm_lon': 120.0, 'enm_speed': 986.8421052631579, 'enm_heading': 90, 'ego_alt': 26315.78947368421, 'ego_lat': 60, 'ego_lon': 120, 'ego_speed': 986.8421052631579, 'ego_heading': 0, 'enm_angle': 0, 'success': False, 'reward': -6.923457070140586, 'total_steps': 302}
2025-08-18 17:22:56,192 - CRITICAL [ENV 13] - [Episode #5148] Result: both_alive
2025-08-18 17:22:56,193 - INFO [ENV 12] - render_result: {'enm_distance': 30000, 'enm_alt': 26315.78947368421, 'enm_lat': 60.26926459981188, 'enm_lon': 120.0, 'enm_speed': 986.8421052631579, 'enm_heading': 90, 'ego_alt': 26315.78947368421, 'ego_lat': 60, 'ego_lon': 120, 'ego_speed': 986.8421052631579, 'ego_heading': 0, 'enm_angle': 0, 'success': False, 'reward': -7.829809735609729, 'total_steps': 302}
2025-08-18 17:22:56,193 - CRITICAL [ENV 12] - [Episode #5148] Result: both_alive
2025-08-18 17:22:56,255 - INFO [ENV 13] - A0100 launch mission! Total Steps=1, obs=[ 1.60420064e+00 -9.46398156e-02  9.95511580e-01 -2.28045348e-02
  9.99739943e-01  8.80877092e-01  4.95468340e-03 -1.80817285e-02
  6.17228557e-01  3.79783092e-03  4.94176549e-05  4.19527087e-03
  1.57079656e+00  2.99776236e+00 -1.00000000e+00  0.00000000e+00
  0.00000000e+00  0.00000000e+00  0.00000000e+00  0.00000000e+00
  0.00000000e+00], state=[ 1.20000000e+02  6.00005383e+01  8.02100321e+03  6.00441560e+01
  7.03660062e-03  8.02100293e+03  2.99565530e+02  2.07163823e-03
  5.51927102e-01  1.20000000e+02  6.02692646e+01  8.02105263e+03
  3.00375848e+04 -3.63797881e-12  7.95047040e+03  3.05114798e-14
  3.00789474e+02  7.24962408e-15], current_reward=0
2025-08-18 17:22:56,255 - INFO [ENV 6] - A0100 launch mission! Total Steps=3, obs=[ 1.60457888e+00 -5.98497976e-02  9.98207394e-01  7.50795321e-02
  9.97177549e-01  8.77172166e-01 -1.48690085e-03  4.61682097e-02
  6.15060465e-01  7.50275677e-03 -1.84177070e-03  2.08158225e-02
  1.57078346e+00  2.98576404e+00  1.00000000e+00  0.00000000e+00
  0.00000000e+00  0.00000000e+00  0.00000000e+00  0.00000000e+00
  0.00000000e+00], state=[ 1.19999993e+02  6.00016139e+01  8.02289440e+03  1.80032190e+02
 -3.84092505e-01  8.02289187e+03  2.98571632e+02 -1.57500248e+00
 -6.73661102e+00  1.20000000e+02  6.02692646e+01  8.02105263e+03
  3.00375848e+04 -3.63797881e-12  7.95047040e+03  3.05114798e-14
  3.00789474e+02  7.24962408e-15], current_reward=0.04933680836639098
2025-08-18 17:22:56,258 - INFO [ENV 12] - A0100 launch mission! Total Steps=1, obs=[ 1.60421778e+00 -9.60428631e-02  9.95377199e-01  1.64707153e-02
  9.99864349e-01  8.84521647e-01  2.56312602e-03  1.19727369e-02
  6.19997207e-01  1.53275218e-04 -3.62794364e-05  9.47040904e-04
  1.57079644e+00  2.99775048e+00  1.00000000e+00  0.00000000e+00
  0.00000000e+00  0.00000000e+00  0.00000000e+00  0.00000000e+00
  0.00000000e+00], state=[ 1.20000000e+02  6.00005393e+01  8.02108891e+03  6.01631862e+01
  3.25728287e-03  8.02108863e+03  3.00764549e+02 -6.56905660e-02
 -9.85683167e-01  1.20000000e+02  6.02692646e+01  8.02105263e+03
  3.00375848e+04 -3.63797881e-12  7.95047040e+03  3.05114798e-14
  3.00789474e+02  7.24962408e-15], current_reward=0
2025-08-18 17:22:56,271 - INFO [ENV 1] - render_result: {'enm_distance': 30000, 'enm_alt': 26315.78947368421, 'enm_lat': 60.26926459981188, 'enm_lon': 120.0, 'enm_speed': 986.8421052631579, 'enm_heading': 90, 'ego_alt': 26315.78947368421, 'ego_lat': 60, 'ego_lon': 120, 'ego_speed': 986.8421052631579, 'ego_heading': 0, 'enm_angle': 0, 'success': False, 'reward': -9.51409606326898, 'total_steps': 303}
2025-08-18 17:22:56,272 - CRITICAL [ENV 1] - [Episode #5149] Result: both_alive
2025-08-18 17:22:56,324 - INFO [ENV 1] - A0100 launch mission! Total Steps=1, obs=[ 1.60420064e+00 -9.46398156e-02  9.95511580e-01 -2.28045348e-02
  9.99739943e-01  8.80877092e-01  4.95468340e-03 -1.80817285e-02
  6.17228557e-01  3.79783092e-03  4.94176549e-05  4.19527087e-03
  1.57079656e+00  2.99776236e+00 -1.00000000e+00  0.00000000e+00
  0.00000000e+00  0.00000000e+00  0.00000000e+00  0.00000000e+00
  0.00000000e+00], state=[ 1.20000000e+02  6.00005383e+01  8.02100321e+03  6.00441560e+01
  7.03660062e-03  8.02100293e+03  2.99565530e+02  2.07163823e-03
  5.51927102e-01  1.20000000e+02  6.02692646e+01  8.02105263e+03
  3.00375848e+04 -3.63797881e-12  7.95047040e+03  3.05114798e-14
  3.00789474e+02  7.24962408e-15], current_reward=0
2025-08-18 17:22:56,333 - INFO [ENV 4] - render_result: {'enm_distance': 30000, 'enm_alt': 26315.78947368421, 'enm_lat': 60.26926459981188, 'enm_lon': 120.0, 'enm_speed': 986.8421052631579, 'enm_heading': 90, 'ego_alt': 26315.78947368421, 'ego_lat': 60, 'ego_lon': 120, 'ego_speed': 986.8421052631579, 'ego_heading': 0, 'enm_angle': 0, 'success': False, 'reward': -8.760745386768424, 'total_steps': 303}
2025-08-18 17:22:56,334 - CRITICAL [ENV 4] - [Episode #5150] Result: both_alive
2025-08-18 17:22:56,393 - INFO [ENV 4] - A0100 launch mission! Total Steps=1, obs=[ 1.60421779e+00 -9.44554297e-02  9.95529091e-01  1.64635806e-02
  9.99864466e-01  8.84511127e-01  3.35786292e-03  1.20261004e-02
  6.19991600e-01  1.63795646e-04 -3.63111988e-05  9.50929631e-04
  1.57079650e+00  2.99775048e+00  1.00000000e+00  0.00000000e+00
  0.00000000e+00  0.00000000e+00  0.00000000e+00  0.00000000e+00
  0.00000000e+00], state=[ 1.20000000e+02  6.00005393e+01  8.02108894e+03  6.01631846e+01
  5.08184651e-03  8.02108866e+03  3.00762114e+02 -5.62692931e-02
 -9.88936050e-01  1.20000000e+02  6.02692646e+01  8.02105263e+03
  3.00375848e+04 -3.63797881e-12  7.95047040e+03  3.05114798e-14
  3.00789474e+02  7.24962408e-15], current_reward=0
2025-08-18 17:22:56,400 - INFO [ENV 10] - render_result: {'enm_distance': 30000, 'enm_alt': 26315.78947368421, 'enm_lat': 60.26926459981188, 'enm_lon': 120.0, 'enm_speed': 986.8421052631579, 'enm_heading': 90, 'ego_alt': 26315.78947368421, 'ego_lat': 60, 'ego_lon': 120, 'ego_speed': 986.8421052631579, 'ego_heading': 0, 'enm_angle': 0, 'success': False, 'reward': 16.091826912458092, 'total_steps': 310}
2025-08-18 17:22:56,400 - CRITICAL [ENV 10] - [Episode #5151] Result: both_alive
2025-08-18 17:22:56,503 - INFO [ENV 2] - render_result: {'enm_distance': 30000, 'enm_alt': 26315.78947368421, 'enm_lat': 60.26926459981188, 'enm_lon': 120.0, 'enm_speed': 986.8421052631579, 'enm_heading': 90, 'ego_alt': 26315.78947368421, 'ego_lat': 60, 'ego_lon': 120, 'ego_speed': 986.8421052631579, 'ego_heading': 0, 'enm_angle': 0, 'success': False, 'reward': -8.237971436569836, 'total_steps': 302}
2025-08-18 17:22:56,504 - CRITICAL [ENV 2] - [Episode #5153] Result: both_alive
2025-08-18 17:22:56,507 - INFO [ENV 0] - render_result: {'enm_distance': 30000, 'enm_alt': 26315.78947368421, 'enm_lat': 60.26926459981188, 'enm_lon': 120.0, 'enm_speed': 986.8421052631579, 'enm_heading': 90, 'ego_alt': 26315.78947368421, 'ego_lat': 60, 'ego_lon': 120, 'ego_speed': 986.8421052631579, 'ego_heading': 0, 'enm_angle': 0, 'success': False, 'reward': -6.965133153064372, 'total_steps': 303}
2025-08-18 17:22:56,507 - CRITICAL [ENV 0] - [Episode #5153] Result: both_alive
2025-08-18 17:22:56,560 - INFO [ENV 2] - A0100 launch mission! Total Steps=1, obs=[ 1.60420033e+00 -9.57519454e-02  9.95405227e-01 -2.37016796e-02
  9.99719076e-01  8.84750668e-01  4.58614374e-03 -1.89068573e-02
  6.20281315e-01 -7.57456554e-05  5.09779578e-05  4.29229417e-03
  1.57079653e+00  2.99774977e+00  1.00000000e+00  0.00000000e+00
  0.00000000e+00  0.00000000e+00  0.00000000e+00  0.00000000e+00
  0.00000000e+00], state=[ 1.20000000e+02  6.00005394e+01  8.02100165e+03  6.01700473e+01
  6.01982986e-03  8.02100137e+03  3.00887380e+02 -3.38201658e-03
  5.83565963e-01  1.20000000e+02  6.02692646e+01  8.02105263e+03
  3.00375848e+04 -3.63797881e-12  7.95047040e+03  3.05114798e-14
  3.00789474e+02  7.24962408e-15], current_reward=0
2025-08-18 17:22:56,562 - INFO [ENV 10] - A0100 launch mission! Total Steps=3, obs=[ 1.60400397e+00 -4.57015475e-02  9.98955138e-01  2.19774292e-03
  9.99997585e-01  8.82466328e-01 -2.18765444e-03  1.39588586e-02
  6.18438880e-01  2.20859475e-03  1.03276689e-03  1.60625336e-02
  1.57079454e+00  2.98573525e+00  1.00000000e+00  0.00000000e+00
  0.00000000e+00  0.00000000e+00  0.00000000e+00  0.00000000e+00
  0.00000000e+00], state=[ 1.19999999e+02  6.00016164e+01  8.02001986e+03  1.80313340e+02
 -5.33536206e-02  8.02001732e+03  3.00048698e+02 -2.24765376e-01
  4.11562678e+00  1.20000000e+02  6.02692646e+01  8.02105263e+03
  3.00375848e+04 -3.63797881e-12  7.95047040e+03  3.05114798e-14
  3.00789474e+02  7.24962408e-15], current_reward=0.050077642583636006
2025-08-18 17:22:56,606 - INFO [ENV 0] - A0100 launch mission! Total Steps=2, obs=[ 1.60420275e+00  3.64542276e-01  9.31186839e-01  9.99201409e-02
  9.94995460e-01  8.78653181e-01  1.17807035e-02  8.58255160e-02
  6.18670035e-01  6.02174173e-03  3.88974872e-05  3.47454820e-03
  1.57079798e+00  2.99174824e+00 -1.00000000e+00  0.00000000e+00
  0.00000000e+00  0.00000000e+00  0.00000000e+00  0.00000000e+00
  0.00000000e+00], state=[ 1.20000001e+02  6.00010774e+01  8.02101373e+03  1.20185545e+02
  4.93378059e-02  8.02101260e+03  3.00186399e+02  8.12809160e-01
 -1.36083208e+00  1.20000000e+02  6.02692646e+01  8.02105263e+03
  3.00375848e+04 -3.63797881e-12  7.95047040e+03  3.05114798e-14
  3.00789474e+02  7.24962408e-15], current_reward=0.02494531776828346
2025-08-18 17:22:56,606 - INFO [ENV 7] - render_result: {'enm_distance': 30000, 'enm_alt': 26315.78947368421, 'enm_lat': 60.26926459981188, 'enm_lon': 120.0, 'enm_speed': 986.8421052631579, 'enm_heading': 90, 'ego_alt': 26315.78947368421, 'ego_lat': 60, 'ego_lon': 120, 'ego_speed': 986.8421052631579, 'ego_heading': 0, 'enm_angle': 0, 'success': False, 'reward': -9.766942580544562, 'total_steps': 302}
2025-08-18 17:22:56,607 - CRITICAL [ENV 7] - [Episode #5155] Result: both_alive
2025-08-18 17:22:56,615 - INFO [ENV 9] - render_result: {'enm_distance': 30000, 'enm_alt': 26315.78947368421, 'enm_lat': 60.26926459981188, 'enm_lon': 120.0, 'enm_speed': 986.8421052631579, 'enm_heading': 90, 'ego_alt': 26315.78947368421, 'ego_lat': 60, 'ego_lon': 120, 'ego_speed': 986.8421052631579, 'ego_heading': 0, 'enm_angle': 0, 'success': False, 'reward': -9.626154211405279, 'total_steps': 302}
2025-08-18 17:22:56,615 - INFO [ENV 14] - render_result: {'enm_distance': 30000, 'enm_alt': 26315.78947368421, 'enm_lat': 60.26926459981188, 'enm_lon': 120.0, 'enm_speed': 986.8421052631579, 'enm_heading': 90, 'ego_alt': 26315.78947368421, 'ego_lat': 60, 'ego_lon': 120, 'ego_speed': 986.8421052631579, 'ego_heading': 0, 'enm_angle': 0, 'success': False, 'reward': 15.925964971081306, 'total_steps': 305}
2025-08-18 17:22:56,615 - CRITICAL [ENV 9] - [Episode #5155] Result: both_alive
2025-08-18 17:22:56,615 - CRITICAL [ENV 14] - [Episode #5155] Result: both_alive
2025-08-18 17:22:56,678 - INFO [ENV 9] - A0100 launch mission! Total Steps=1, obs=[ 1.60421778e+00 -9.60428631e-02  9.95377199e-01  1.64707153e-02
  9.99864349e-01  8.84521647e-01  2.56312602e-03  1.19727369e-02
  6.19997207e-01  1.53275218e-04 -3.62794364e-05  9.47040904e-04
  1.57079644e+00  2.99775048e+00  1.00000000e+00  0.00000000e+00
  0.00000000e+00  0.00000000e+00  0.00000000e+00  0.00000000e+00
  0.00000000e+00], state=[ 1.20000000e+02  6.00005393e+01  8.02108891e+03  6.01631862e+01
  3.25728287e-03  8.02108863e+03  3.00764549e+02 -6.56905660e-02
 -9.85683167e-01  1.20000000e+02  6.02692646e+01  8.02105263e+03
  3.00375848e+04 -3.63797881e-12  7.95047040e+03  3.05114798e-14
  3.00789474e+02  7.24962408e-15], current_reward=0
2025-08-18 17:22:56,679 - INFO [ENV 7] - A0100 launch mission! Total Steps=1, obs=[ 1.60418719e+00  9.51609825e-02  9.95461897e-01 -7.01347401e-03
  9.99975405e-01  8.84182788e-01 -3.75050308e-03 -1.54118998e-03
  6.19676564e-01  4.92134142e-04  1.16691079e-04  7.22587135e-03
  1.57079611e+00  2.99775356e+00  1.00000000e+00  0.00000000e+00
  0.00000000e+00  0.00000000e+00  0.00000000e+00  0.00000000e+00
  0.00000000e+00], state=[ 1.20000000e+02  6.00005390e+01  8.02093594e+03  6.01320005e+01
 -6.35660268e-03  8.02093566e+03  3.00621736e+02 -2.74734978e-02
  1.46544830e+00  1.20000000e+02  6.02692646e+01  8.02105263e+03
  3.00375848e+04 -3.63797881e-12  7.95047040e+03  3.05114798e-14
  3.00789474e+02  7.24962408e-15], current_reward=0
2025-08-18 17:22:56,681 - INFO [ENV 14] - A0100 launch mission! Total Steps=1, obs=[ 1.60418203e+00  4.49303062e-02  9.98990124e-01 -2.27991706e-02
  9.99740065e-01  8.81874246e-01 -2.23685593e-03 -1.46999560e-02
  6.17955843e-01  2.80067689e-03  1.42468994e-04  8.38637033e-03
  1.57079622e+00  2.99776011e+00  1.00000000e+00  0.00000000e+00
  0.00000000e+00  0.00000000e+00  0.00000000e+00  0.00000000e+00
  0.00000000e+00], state=[ 1.20000000e+02  6.00005385e+01  8.02091016e+03  6.00664967e+01
 -3.22200014e-03  8.02090988e+03  2.99874397e+02 -8.49950355e-03
  1.81023860e+00  1.20000000e+02  6.02692646e+01  8.02105263e+03
  3.00375848e+04 -3.63797881e-12  7.95047040e+03  3.05114798e-14
  3.00789474e+02  7.24962408e-15], current_reward=0
2025-08-18 17:22:56,691 - INFO [ENV 5] - render_result: {'enm_distance': 30000, 'enm_alt': 26315.78947368421, 'enm_lat': 60.26926459981188, 'enm_lon': 120.0, 'enm_speed': 986.8421052631579, 'enm_heading': 90, 'ego_alt': 26315.78947368421, 'ego_lat': 60, 'ego_lon': 120, 'ego_speed': 986.8421052631579, 'ego_heading': 0, 'enm_angle': 0, 'success': False, 'reward': 15.405211068374062, 'total_steps': 306}
2025-08-18 17:22:56,692 - CRITICAL [ENV 5] - [Episode #5156] Result: both_alive
2025-08-18 17:22:56,752 - INFO [ENV 5] - A0100 launch mission! Total Steps=1, obs=[ 1.60420064e+00 -9.46398156e-02  9.95511580e-01 -2.28045348e-02
  9.99739943e-01  8.80877092e-01  4.95468340e-03 -1.80817285e-02
  6.17228557e-01  3.79783092e-03  4.94176549e-05  4.19527087e-03
  1.57079656e+00  2.99776236e+00 -1.00000000e+00  0.00000000e+00
  0.00000000e+00  0.00000000e+00  0.00000000e+00  0.00000000e+00
  0.00000000e+00], state=[ 1.20000000e+02  6.00005383e+01  8.02100321e+03  6.00441560e+01
  7.03660062e-03  8.02100293e+03  2.99565530e+02  2.07163823e-03
  5.51927102e-01  1.20000000e+02  6.02692646e+01  8.02105263e+03
  3.00375848e+04 -3.63797881e-12  7.95047040e+03  3.05114798e-14
  3.00789474e+02  7.24962408e-15], current_reward=0
2025-08-18 17:22:56,999 - INFO [ENV 15] - render_result: {'enm_distance': 30000, 'enm_alt': 26315.78947368421, 'enm_lat': 60.26926459981188, 'enm_lon': 120.0, 'enm_speed': 986.8421052631579, 'enm_heading': 90, 'ego_alt': 26315.78947368421, 'ego_lat': 60, 'ego_lon': 120, 'ego_speed': 986.8421052631579, 'ego_heading': 0, 'enm_angle': 0, 'success': False, 'reward': -7.004646817588103, 'total_steps': 306}
2025-08-18 17:22:56,999 - CRITICAL [ENV 15] - [Episode #5163] Result: both_alive
2025-08-18 17:22:57,003 - INFO [ENV 11] - render_result: {'enm_distance': 30000, 'enm_alt': 26315.78947368421, 'enm_lat': 60.26926459981188, 'enm_lon': 120.0, 'enm_speed': 986.8421052631579, 'enm_heading': 90, 'ego_alt': 26315.78947368421, 'ego_lat': 60, 'ego_lon': 120, 'ego_speed': 986.8421052631579, 'ego_heading': 0, 'enm_angle': 0, 'success': False, 'reward': -7.811376694138161, 'total_steps': 302}
2025-08-18 17:22:57,004 - CRITICAL [ENV 11] - [Episode #5163] Result: both_alive
2025-08-18 17:22:57,066 - INFO [ENV 15] - A0100 launch mission! Total Steps=1, obs=[ 1.60419922e+00  4.40398540e-02  9.99029775e-01  1.68789164e-02
  9.99857541e-01  8.83671594e-01 -2.07828136e-03  1.58050800e-02
  6.19378798e-01  1.00332894e-03  5.65187170e-05  3.23620027e-03
  1.57079621e+00  2.99775368e+00 -1.00000000e+00  0.00000000e+00
  0.00000000e+00  0.00000000e+00  0.00000000e+00  0.00000000e+00
  0.00000000e+00], state=[ 1.20000000e+02  6.00005390e+01  8.02099611e+03  6.01309995e+01
 -3.42515489e-03  8.02099583e+03  3.00497108e+02  1.55968461e-02
  2.65391404e-01  1.20000000e+02  6.02692646e+01  8.02105263e+03
  3.00375848e+04 -3.63797881e-12  7.95047040e+03  3.05114798e-14
  3.00789474e+02  7.24962408e-15], current_reward=0
2025-08-18 17:22:57,066 - INFO [ENV 11] - A0100 launch mission! Total Steps=1, obs=[ 1.60419918e+00  4.40656410e-02  9.99028638e-01  1.65348649e-02
  9.99863290e-01  8.85022276e-01 -2.08506020e-03  1.55408975e-02
  6.20435979e-01 -3.47353576e-04  5.67319739e-05  3.25466638e-03
  1.57079621e+00  2.99774934e+00 -1.00000000e+00  0.00000000e+00
  0.00000000e+00  0.00000000e+00  0.00000000e+00  0.00000000e+00
  0.00000000e+00], state=[ 1.20000000e+02  6.00005394e+01  8.02099590e+03  6.01743758e+01
 -3.40427196e-03  8.02099562e+03  3.00954675e+02  1.59156072e-02
  2.71350070e-01  1.20000000e+02  6.02692646e+01  8.02105263e+03
  3.00375848e+04 -3.63797881e-12  7.95047040e+03  3.05114798e-14
  3.00789474e+02  7.24962408e-15], current_reward=0
2025-08-18 17:22:57,149 - INFO [ENV 8] - render_result: {'enm_distance': 30000, 'enm_alt': 26315.78947368421, 'enm_lat': 60.26926459981188, 'enm_lon': 120.0, 'enm_speed': 986.8421052631579, 'enm_heading': 90, 'ego_alt': 26315.78947368421, 'ego_lat': 60, 'ego_lon': 120, 'ego_speed': 986.8421052631579, 'ego_heading': 0, 'enm_angle': 0, 'success': False, 'reward': -7.161511697943574, 'total_steps': 303}
2025-08-18 17:22:57,149 - CRITICAL [ENV 8] - [Episode #5166] Result: both_alive
2025-08-18 17:22:57,208 - INFO [ENV 8] - A0100 launch mission! Total Steps=1, obs=[ 1.60419918e+00  4.40656410e-02  9.99028638e-01  1.65348649e-02
  9.99863290e-01  8.85022276e-01 -2.08506020e-03  1.55408975e-02
  6.20435979e-01 -3.47353576e-04  5.67319739e-05  3.25466638e-03
  1.57079621e+00  2.99774934e+00 -1.00000000e+00  0.00000000e+00
  0.00000000e+00  0.00000000e+00  0.00000000e+00  0.00000000e+00
  0.00000000e+00], state=[ 1.20000000e+02  6.00005394e+01  8.02099590e+03  6.01743758e+01
 -3.40427196e-03  8.02099562e+03  3.00954675e+02  1.59156072e-02
  2.71350070e-01  1.20000000e+02  6.02692646e+01  8.02105263e+03
  3.00375848e+04 -3.63797881e-12  7.95047040e+03  3.05114798e-14
  3.00789474e+02  7.24962408e-15], current_reward=0
2025-08-18 17:23:07,625 - INFO [ENV 3] - render_result: {'enm_distance': 30000, 'enm_alt': 26315.78947368421, 'enm_lat': 60.26926459981188, 'enm_lon': 120.0, 'enm_speed': 986.8421052631579, 'enm_heading': 90, 'ego_alt': 26315.78947368421, 'ego_lat': 60, 'ego_lon': 120, 'ego_speed': 986.8421052631579, 'ego_heading': 0, 'enm_angle': 0, 'success': False, 'reward': 16.033542233298597, 'total_steps': 304}
2025-08-18 17:23:07,625 - CRITICAL [ENV 3] - [Episode #5443] Result: both_alive
2025-08-18 17:23:07,795 - INFO [ENV 3] - A0100 launch mission! Total Steps=4, obs=[ 1.60467303e+00  3.23821907e-02  9.99475559e-01 -2.60620591e-02
  9.99660327e-01  8.77894319e-01 -6.96521672e-03 -3.44880076e-02
  6.15211620e-01  6.78060333e-03 -2.31254226e-03  1.10480505e-02
  1.57080180e+00  2.97974173e+00 -1.00000000e+00  0.00000000e+00
  0.00000000e+00  0.00000000e+00  0.00000000e+00  0.00000000e+00
  0.00000000e+00], state=[ 1.20000003e+02  6.00021538e+01  8.02336517e+03  2.40256683e+02
  1.63141677e-01  8.02336066e+03  2.98696540e+02  3.38606721e-01
 -4.01334331e+00  1.20000000e+02  6.02692646e+01  8.02105263e+03
  3.00375848e+04 -3.63797881e-12  7.95047040e+03  3.05114798e-14
  3.00789474e+02  7.24962408e-15], current_reward=0.07441549642059364
2025-08-18 17:23:07,913 - INFO [ENV 13] - render_result: {'enm_distance': 30000, 'enm_alt': 26315.78947368421, 'enm_lat': 60.26926459981188, 'enm_lon': 120.0, 'enm_speed': 986.8421052631579, 'enm_heading': 90, 'ego_alt': 26315.78947368421, 'ego_lat': 60, 'ego_lon': 120, 'ego_speed': 986.8421052631579, 'ego_heading': 0, 'enm_angle': 0, 'success': False, 'reward': -7.425797224345548, 'total_steps': 302}
2025-08-18 17:23:07,913 - INFO [ENV 6] - render_result: {'enm_distance': 30000, 'enm_alt': 26315.78947368421, 'enm_lat': 60.26926459981188, 'enm_lon': 120.0, 'enm_speed': 986.8421052631579, 'enm_heading': 90, 'ego_alt': 26315.78947368421, 'ego_lat': 60, 'ego_lon': 120, 'ego_speed': 986.8421052631579, 'ego_heading': 0, 'enm_angle': 0, 'success': False, 'reward': 13.45420886734879, 'total_steps': 304}
2025-08-18 17:23:07,913 - CRITICAL [ENV 13] - [Episode #5450] Result: both_alive
2025-08-18 17:23:07,913 - CRITICAL [ENV 6] - [Episode #5450] Result: both_alive
2025-08-18 17:23:07,913 - INFO [ENV 12] - render_result: {'enm_distance': 30000, 'enm_alt': 26315.78947368421, 'enm_lat': 60.26926459981188, 'enm_lon': 120.0, 'enm_speed': 986.8421052631579, 'enm_heading': 90, 'ego_alt': 26315.78947368421, 'ego_lat': 60, 'ego_lon': 120, 'ego_speed': 986.8421052631579, 'ego_heading': 0, 'enm_angle': 0, 'success': False, 'reward': -11.582606383489946, 'total_steps': 302}
2025-08-18 17:23:07,914 - CRITICAL [ENV 12] - [Episode #5450] Result: both_alive
2025-08-18 17:23:07,986 - INFO [ENV 6] - A0100 launch mission! Total Steps=1, obs=[ 1.60419769e+00  4.48111468e-02  9.98995476e-01  1.24773074e-02
  9.99922155e-01  8.83007841e-01 -1.55540240e-03  1.26525872e-02
  6.18817161e-01  1.66708135e-03  6.41888236e-05  4.10963144e-03
  1.57079625e+00  2.99775662e+00 -1.00000000e+00  0.00000000e+00
  0.00000000e+00  0.00000000e+00  0.00000000e+00  0.00000000e+00
  0.00000000e+00], state=[ 1.20000000e+02  6.00005388e+01  8.02098844e+03  6.01015311e+01
 -2.37367706e-03  8.02098816e+03  3.00253487e+02  1.33631641e-02
  5.27557315e-01  1.20000000e+02  6.02692646e+01  8.02105263e+03
  3.00375848e+04 -3.63797881e-12  7.95047040e+03  3.05114798e-14
  3.00789474e+02  7.24962408e-15], current_reward=0
2025-08-18 17:23:07,986 - INFO [ENV 1] - render_result: {'enm_distance': 30000, 'enm_alt': 26315.78947368421, 'enm_lat': 60.26926459981188, 'enm_lon': 120.0, 'enm_speed': 986.8421052631579, 'enm_heading': 90, 'ego_alt': 26315.78947368421, 'ego_lat': 60, 'ego_lon': 120, 'ego_speed': 986.8421052631579, 'ego_heading': 0, 'enm_angle': 0, 'success': False, 'reward': -10.513638914746792, 'total_steps': 302}
2025-08-18 17:23:07,987 - CRITICAL [ENV 1] - [Episode #5451] Result: both_alive
2025-08-18 17:23:07,987 - INFO [ENV 12] - A0100 launch mission! Total Steps=1, obs=[ 1.60419480e+00 -1.75202718e-02  9.99846508e-01 -2.36196396e-02
  9.99721017e-01  8.85178258e-01 -9.15881088e-04 -1.76092327e-02
  6.20588075e-01 -5.03335574e-04  7.86199990e-05  6.10414015e-03
  1.57079626e+00  2.99774911e+00  1.00000000e+00  0.00000000e+00
  0.00000000e+00  0.00000000e+00  0.00000000e+00  0.00000000e+00
  0.00000000e+00], state=[ 1.20000000e+02  6.00005394e+01  8.02097401e+03  6.01765838e+01
 -1.98445458e-03  8.02097373e+03  3.01018196e+02 -8.38846790e-03
  1.12948530e+00  1.20000000e+02  6.02692646e+01  8.02105263e+03
  3.00375848e+04 -3.63797881e-12  7.95047040e+03  3.05114798e-14
  3.00789474e+02  7.24962408e-15], current_reward=0
2025-08-18 17:23:07,987 - INFO [ENV 13] - A0100 launch mission! Total Steps=1, obs=[ 1.60421779e+00 -9.44554297e-02  9.95529091e-01  1.64635806e-02
  9.99864466e-01  8.84511127e-01  3.35786292e-03  1.20261004e-02
  6.19991600e-01  1.63795646e-04 -3.63111988e-05  9.50929631e-04
  1.57079650e+00  2.99775048e+00  1.00000000e+00  0.00000000e+00
  0.00000000e+00  0.00000000e+00  0.00000000e+00  0.00000000e+00
  0.00000000e+00], state=[ 1.20000000e+02  6.00005393e+01  8.02108894e+03  6.01631846e+01
  5.08184651e-03  8.02108866e+03  3.00762114e+02 -5.62692931e-02
 -9.88936050e-01  1.20000000e+02  6.02692646e+01  8.02105263e+03
  3.00375848e+04 -3.63797881e-12  7.95047040e+03  3.05114798e-14
  3.00789474e+02  7.24962408e-15], current_reward=0
2025-08-18 17:23:08,049 - INFO [ENV 4] - render_result: {'enm_distance': 30000, 'enm_alt': 26315.78947368421, 'enm_lat': 60.26926459981188, 'enm_lon': 120.0, 'enm_speed': 986.8421052631579, 'enm_heading': 90, 'ego_alt': 26315.78947368421, 'ego_lat': 60, 'ego_lon': 120, 'ego_speed': 986.8421052631579, 'ego_heading': 0, 'enm_angle': 0, 'success': False, 'reward': -7.202460622782137, 'total_steps': 302}
2025-08-18 17:23:08,049 - CRITICAL [ENV 4] - [Episode #5452] Result: both_alive
2025-08-18 17:23:08,113 - INFO [ENV 1] - A0100 launch mission! Total Steps=2, obs=[ 1.60401826e+00  1.97106566e-01  9.80382069e-01 -7.12542547e-02
  9.97458185e-01  8.86369288e-01 -2.84169628e-03 -4.58733290e-02
  6.22349997e-01 -1.69436539e-03  9.61314191e-04  2.23270071e-02
  1.57079562e+00  2.99171656e+00  1.00000000e+00  0.00000000e+00
  0.00000000e+00  0.00000000e+00  0.00000000e+00  0.00000000e+00
  0.00000000e+00], state=[ 1.20000000e+02  6.00010802e+01  8.02009132e+03  1.20500213e+02
 -2.10116234e-02  8.02009018e+03  3.01710079e+02 -2.15221490e-01
  6.03153694e+00  1.20000000e+02  6.02692646e+01  8.02105263e+03
  3.00375848e+04 -3.63797881e-12  7.95047040e+03  3.05114798e-14
  3.00789474e+02  7.24962408e-15], current_reward=0.02492941910200841
2025-08-18 17:23:08,192 - INFO [ENV 4] - A0100 launch mission! Total Steps=3, obs=[ 1.60456620e+00 -1.97862388e-01  9.80229807e-01  7.14577646e-02
  9.97443626e-01  8.82376762e-01 -8.77082538e-03  4.15834846e-02
  6.18994818e-01  2.29816080e-03 -1.77837784e-03  2.15523443e-02
  1.57078656e+00  2.98572870e+00  1.00000000e+00  0.00000000e+00
  0.00000000e+00  0.00000000e+00  0.00000000e+00  0.00000000e+00
  0.00000000e+00], state=[ 1.19999995e+02  6.00016170e+01  8.02283101e+03  1.80385529e+02
 -2.91560752e-01  8.02282846e+03  3.00269980e+02 -1.49053940e+00
 -7.02593715e+00  1.20000000e+02  6.02692646e+01  8.02105263e+03
  3.00375848e+04 -3.63797881e-12  7.95047040e+03  3.05114798e-14
  3.00789474e+02  7.24962408e-15], current_reward=0.04946116624693353
2025-08-18 17:23:08,196 - INFO [ENV 2] - render_result: {'enm_distance': 30000, 'enm_alt': 26315.78947368421, 'enm_lat': 60.26926459981188, 'enm_lon': 120.0, 'enm_speed': 986.8421052631579, 'enm_heading': 90, 'ego_alt': 26315.78947368421, 'ego_lat': 60, 'ego_lon': 120, 'ego_speed': 986.8421052631579, 'ego_heading': 0, 'enm_angle': 0, 'success': False, 'reward': -7.598580367682576, 'total_steps': 302}
2025-08-18 17:23:08,197 - CRITICAL [ENV 2] - [Episode #5455] Result: both_alive
2025-08-18 17:23:08,198 - INFO [ENV 10] - render_result: {'enm_distance': 30000, 'enm_alt': 26315.78947368421, 'enm_lat': 60.26926459981188, 'enm_lon': 120.0, 'enm_speed': 986.8421052631579, 'enm_heading': 90, 'ego_alt': 26315.78947368421, 'ego_lat': 60, 'ego_lon': 120, 'ego_speed': 986.8421052631579, 'ego_heading': 0, 'enm_angle': 0, 'success': False, 'reward': 15.93381789674931, 'total_steps': 304}
2025-08-18 17:23:08,198 - CRITICAL [ENV 10] - [Episode #5455] Result: both_alive
2025-08-18 17:23:08,256 - INFO [ENV 2] - A0100 launch mission! Total Steps=1, obs=[ 1.60418200e+00  4.43068087e-02  9.99017971e-01 -2.28024379e-02
  9.99739991e-01  8.81876220e-01 -2.66340678e-03 -1.46742936e-02
  6.17957993e-01  2.79870248e-03  1.42652650e-04  8.39848242e-03
  1.57079619e+00  2.99776010e+00  1.00000000e+00  0.00000000e+00
  0.00000000e+00  0.00000000e+00  0.00000000e+00  0.00000000e+00
  0.00000000e+00], state=[ 1.20000000e+02  6.00005385e+01  8.02090998e+03  6.00665410e+01
 -4.18590110e-03  8.02090970e+03  2.99875304e+02 -1.29339264e-02
  1.81385920e+00  1.20000000e+02  6.02692646e+01  8.02105263e+03
  3.00375848e+04 -3.63797881e-12  7.95047040e+03  3.05114798e-14
  3.00789474e+02  7.24962408e-15], current_reward=0
2025-08-18 17:23:08,259 - INFO [ENV 10] - A0100 launch mission! Total Steps=1, obs=[ 1.60421716e+00 -6.02456133e-02  9.98183583e-01  1.74835687e-02
  9.99847151e-01  8.80948140e-01  1.78931939e-03  1.30974774e-02
  6.17203008e-01  3.72678245e-03 -3.31828140e-05  4.33436645e-04
  1.57079641e+00  2.99776232e+00  1.00000000e+00  0.00000000e+00
  0.00000000e+00  0.00000000e+00  0.00000000e+00  0.00000000e+00
  0.00000000e+00], state=[ 1.20000000e+02  6.00005383e+01  8.02108581e+03  6.00447871e+01
  2.57578981e-03  8.02108553e+03  2.99554937e+02 -4.05292852e-02
 -8.28991684e-01  1.20000000e+02  6.02692646e+01  8.02105263e+03
  3.00375848e+04 -3.63797881e-12  7.95047040e+03  3.05114798e-14
  3.00789474e+02  7.24962408e-15], current_reward=0
2025-08-18 17:23:08,261 - INFO [ENV 0] - render_result: {'enm_distance': 30000, 'enm_alt': 26315.78947368421, 'enm_lat': 60.26926459981188, 'enm_lon': 120.0, 'enm_speed': 986.8421052631579, 'enm_heading': 90, 'ego_alt': 26315.78947368421, 'ego_lat': 60, 'ego_lon': 120, 'ego_speed': 986.8421052631579, 'ego_heading': 0, 'enm_angle': 0, 'success': False, 'reward': -8.225814349539416, 'total_steps': 303}
2025-08-18 17:23:08,261 - CRITICAL [ENV 0] - [Episode #5456] Result: both_alive
2025-08-18 17:23:08,312 - INFO [ENV 0] - A0100 launch mission! Total Steps=1, obs=[ 1.60421066e+00 -5.91266203e-02  9.98250491e-01  8.86971749e-04
  9.99999607e-01  8.81493200e-01  2.94320804e-03  5.00783036e-04
  6.17557892e-01  3.18172238e-03 -6.93144464e-07  1.83757685e-03
  1.57079650e+00  2.99776149e+00  1.00000000e+00  0.00000000e+00
  0.00000000e+00  0.00000000e+00  0.00000000e+00  0.00000000e+00
  0.00000000e+00], state=[ 1.20000000e+02  6.00005383e+01  8.02105332e+03  6.00529962e+01
  5.07049427e-03  8.02105304e+03  2.99709367e+02 -1.05726467e-02
 -1.55031407e-01  1.20000000e+02  6.02692646e+01  8.02105263e+03
  3.00375848e+04 -3.63797881e-12  7.95047040e+03  3.05114798e-14
  3.00789474e+02  7.24962408e-15], current_reward=0
2025-08-18 17:23:08,318 - INFO [ENV 7] - render_result: {'enm_distance': 30000, 'enm_alt': 26315.78947368421, 'enm_lat': 60.26926459981188, 'enm_lon': 120.0, 'enm_speed': 986.8421052631579, 'enm_heading': 90, 'ego_alt': 26315.78947368421, 'ego_lat': 60, 'ego_lon': 120, 'ego_speed': 986.8421052631579, 'ego_heading': 0, 'enm_angle': 0, 'success': False, 'reward': -8.597190158899483, 'total_steps': 302}
2025-08-18 17:23:08,318 - CRITICAL [ENV 7] - [Episode #5457] Result: both_alive
2025-08-18 17:23:08,324 - INFO [ENV 14] - render_result: {'enm_distance': 30000, 'enm_alt': 26315.78947368421, 'enm_lat': 60.26926459981188, 'enm_lon': 120.0, 'enm_speed': 986.8421052631579, 'enm_heading': 90, 'ego_alt': 26315.78947368421, 'ego_lat': 60, 'ego_lon': 120, 'ego_speed': 986.8421052631579, 'ego_heading': 0, 'enm_angle': 0, 'success': False, 'reward': -14.348305327026935, 'total_steps': 302}
2025-08-18 17:23:08,324 - CRITICAL [ENV 14] - [Episode #5457] Result: both_alive
2025-08-18 17:23:08,325 - INFO [ENV 9] - render_result: {'enm_distance': 30000, 'enm_alt': 26315.78947368421, 'enm_lat': 60.26926459981188, 'enm_lon': 120.0, 'enm_speed': 986.8421052631579, 'enm_heading': 90, 'ego_alt': 26315.78947368421, 'ego_lat': 60, 'ego_lon': 120, 'ego_speed': 986.8421052631579, 'ego_heading': 0, 'enm_angle': 0, 'success': False, 'reward': -7.2298441976074415, 'total_steps': 302}
2025-08-18 17:23:08,325 - CRITICAL [ENV 9] - [Episode #5457] Result: both_alive
2025-08-18 17:23:08,385 - INFO [ENV 14] - A0100 launch mission! Total Steps=1, obs=[ 1.60420921e+00 -9.46186423e-02  9.95513592e-01 -3.64734101e-03
  9.99993348e-01  8.85105734e-01  4.15187968e-03 -3.34047015e-03
  6.20403454e-01 -4.30811366e-04  6.59848782e-06  1.80219415e-03
  1.57079653e+00  2.99774940e+00  1.00000000e+00  0.00000000e+00
  0.00000000e+00  0.00000000e+00  0.00000000e+00  0.00000000e+00
  0.00000000e+00], state=[ 1.20000000e+02  6.00005394e+01  8.02104603e+03  6.01739060e+01
  6.10875254e-03  8.02104575e+03  3.00941357e+02 -2.24375371e-02
 -1.66607304e-01  1.20000000e+02  6.02692646e+01  8.02105263e+03
  3.00375848e+04 -3.63797881e-12  7.95047040e+03  3.05114798e-14
  3.00789474e+02  7.24962408e-15], current_reward=0
2025-08-18 17:23:08,392 - INFO [ENV 5] - render_result: {'enm_distance': 30000, 'enm_alt': 26315.78947368421, 'enm_lat': 60.26926459981188, 'enm_lon': 120.0, 'enm_speed': 986.8421052631579, 'enm_heading': 90, 'ego_alt': 26315.78947368421, 'ego_lat': 60, 'ego_lon': 120, 'ego_speed': 986.8421052631579, 'ego_heading': 0, 'enm_angle': 0, 'success': False, 'reward': -7.3717114411530105, 'total_steps': 302}
2025-08-18 17:23:08,392 - CRITICAL [ENV 5] - [Episode #5458] Result: both_alive
2025-08-18 17:23:08,489 - INFO [ENV 7] - A0100 launch mission! Total Steps=3, obs=[ 1.60388449e+00  1.23460967e-02  9.99923784e-01 -7.70425027e-02
  9.97027809e-01  8.76683778e-01  1.39717175e-02 -4.95681033e-02
  6.15017813e-01  7.99114433e-03  1.63019332e-03  2.31513731e-02
  1.57079595e+00  2.98576378e+00  1.00000000e+00  0.00000000e+00
  0.00000000e+00  0.00000000e+00  0.00000000e+00  0.00000000e+00
  0.00000000e+00], state=[ 1.20000000e+02  6.00016138e+01  8.01942244e+03  1.80026605e+02
 -1.12275265e-02  8.01941990e+03  2.98521484e+02 -1.56460380e-01
  6.22094094e+00  1.20000000e+02  6.02692646e+01  8.02105263e+03
  3.00375848e+04 -3.63797881e-12  7.95047040e+03  3.05114798e-14
  3.00789474e+02  7.24962408e-15], current_reward=0.0498900881869524
2025-08-18 17:23:08,493 - INFO [ENV 9] - A0100 launch mission! Total Steps=3, obs=[ 1.60410537e+00  3.01167236e-01  9.53571338e-01 -4.77938597e-02
  9.98857221e-01  8.80673388e-01 -7.58596393e-03 -3.03253298e-02
  6.17362264e-01  4.00153458e-03  5.25762610e-04  1.47452330e-02
  1.57079752e+00  2.98577270e+00  1.00000000e+00  0.00000000e+00
  0.00000000e+00  0.00000000e+00  0.00000000e+00  0.00000000e+00
  0.00000000e+00], state=[ 1.20000001e+02  6.00016131e+01  8.02052687e+03  1.79939965e+02
  3.56964530e-02  8.02052434e+03  2.99594488e+02 -6.99789308e-02
  3.71430560e+00  1.20000000e+02  6.02692646e+01  8.02105263e+03
  3.00375848e+04 -3.63797881e-12  7.95047040e+03  3.05114798e-14
  3.00789474e+02  7.24962408e-15], current_reward=0.050067255711766734
2025-08-18 17:23:08,570 - INFO [ENV 5] - A0100 launch mission! Total Steps=4, obs=[ 1.60368147e+00  3.30243819e-01  9.43895662e-01  1.03915960e-01
  9.94586081e-01  8.78344920e-01  7.38878411e-03  9.95085902e-02
  6.19600656e-01  6.33000247e-03  2.64527820e-03  9.12468855e-03
  1.57080211e+00  2.97967228e+00 -1.00000000e+00  0.00000000e+00
  0.00000000e+00  0.00000000e+00  0.00000000e+00  0.00000000e+00
  0.00000000e+00], state=[ 1.20000003e+02  6.00021599e+01  8.01840735e+03  2.40939449e+02
  1.72265079e-01  8.01840281e+03  3.00549965e+02  1.58188267e+00
  1.55381852e+00  1.20000000e+02  6.02692646e+01  8.02105263e+03
  3.00375848e+04 -3.63797881e-12  7.95047040e+03  3.05114798e-14
  3.00789474e+02  7.24962408e-15], current_reward=0.07532315959323554
2025-08-18 17:23:08,696 - INFO [ENV 11] - render_result: {'enm_distance': 30000, 'enm_alt': 26315.78947368421, 'enm_lat': 60.26926459981188, 'enm_lon': 120.0, 'enm_speed': 986.8421052631579, 'enm_heading': 90, 'ego_alt': 26315.78947368421, 'ego_lat': 60, 'ego_lon': 120, 'ego_speed': 986.8421052631579, 'ego_heading': 0, 'enm_angle': 0, 'success': False, 'reward': -13.308566030934909, 'total_steps': 302}
2025-08-18 17:23:08,697 - CRITICAL [ENV 11] - [Episode #5465] Result: both_alive
2025-08-18 17:23:08,698 - INFO [ENV 15] - render_result: {'enm_distance': 30000, 'enm_alt': 26315.78947368421, 'enm_lat': 60.26926459981188, 'enm_lon': 120.0, 'enm_speed': 986.8421052631579, 'enm_heading': 90, 'ego_alt': 26315.78947368421, 'ego_lat': 60, 'ego_lon': 120, 'ego_speed': 986.8421052631579, 'ego_heading': 0, 'enm_angle': 0, 'success': False, 'reward': -7.296228982940917, 'total_steps': 302}
2025-08-18 17:23:08,699 - CRITICAL [ENV 15] - [Episode #5465] Result: both_alive
2025-08-18 17:23:08,759 - INFO [ENV 15] - A0100 launch mission! Total Steps=1, obs=[ 1.60418200e+00  4.43068087e-02  9.99017971e-01 -2.28024379e-02
  9.99739991e-01  8.81876220e-01 -2.66340678e-03 -1.46742936e-02
  6.17957993e-01  2.79870248e-03  1.42652650e-04  8.39848242e-03
  1.57079619e+00  2.99776010e+00  1.00000000e+00  0.00000000e+00
  0.00000000e+00  0.00000000e+00  0.00000000e+00  0.00000000e+00
  0.00000000e+00], state=[ 1.20000000e+02  6.00005385e+01  8.02090998e+03  6.00665410e+01
 -4.18590110e-03  8.02090970e+03  2.99875304e+02 -1.29339264e-02
  1.81385920e+00  1.20000000e+02  6.02692646e+01  8.02105263e+03
  3.00375848e+04 -3.63797881e-12  7.95047040e+03  3.05114798e-14
  3.00789474e+02  7.24962408e-15], current_reward=0
2025-08-18 17:23:08,849 - INFO [ENV 8] - render_result: {'enm_distance': 30000, 'enm_alt': 26315.78947368421, 'enm_lat': 60.26926459981188, 'enm_lon': 120.0, 'enm_speed': 986.8421052631579, 'enm_heading': 90, 'ego_alt': 26315.78947368421, 'ego_lat': 60, 'ego_lon': 120, 'ego_speed': 986.8421052631579, 'ego_heading': 0, 'enm_angle': 0, 'success': False, 'reward': -7.099688890623824, 'total_steps': 302}
2025-08-18 17:23:08,849 - CRITICAL [ENV 8] - [Episode #5468] Result: both_alive
2025-08-18 17:23:08,948 - INFO [ENV 8] - A0100 launch mission! Total Steps=2, obs=[ 1.60420308e+00  3.64253260e-01  9.31299932e-01  9.97808679e-02
  9.95009436e-01  8.78291408e-01  1.19467522e-02  8.56170613e-02
  6.18373184e-01  6.38351491e-03  3.72548742e-05  3.43714760e-03
  1.57079799e+00  2.99176141e+00 -1.00000000e+00  0.00000000e+00
  0.00000000e+00  0.00000000e+00  0.00000000e+00  0.00000000e+00
  0.00000000e+00], state=[ 1.20000001e+02  6.00010762e+01  8.02101538e+03  1.20053823e+02
  4.96207088e-02  8.02101425e+03  3.00057930e+02  8.06586765e-01
 -1.34963433e+00  1.20000000e+02  6.02692646e+01  8.02105263e+03
  3.00375848e+04 -3.63797881e-12  7.95047040e+03  3.05114798e-14
  3.00789474e+02  7.24962408e-15], current_reward=0.02492224921800812
2025-08-18 17:23:09,070 - INFO [ENV 11] - A0100 launch mission! Total Steps=8, obs=[ 1.60656505 -0.8777514   0.47911636  0.07978382  0.99681219  0.87607809
 -0.02926206  0.02940718  0.61371057  0.00859684 -0.01177261  0.12560919
  1.5699941   2.95600971  1.          0.          0.          0.
  0.          0.          0.        ], state=[ 1.19999575e+02  6.00042815e+01  8.03282524e+03  4.77611880e+02
 -2.37139507e+01  8.03280735e+03  2.95852363e+02 -3.59031636e+01
 -1.02847858e+01  1.20000000e+02  6.02692646e+01  8.02105263e+03
  3.00375848e+04 -3.63797881e-12  7.95047040e+03  3.05114798e-14
  3.00789474e+02  7.24962408e-15], current_reward=0.14582065339829953
2025-08-18 17:23:19,396 - INFO [ENV 3] - render_result: {'enm_distance': 30000, 'enm_alt': 26315.78947368421, 'enm_lat': 60.26926459981188, 'enm_lon': 120.0, 'enm_speed': 986.8421052631579, 'enm_heading': 90, 'ego_alt': 26315.78947368421, 'ego_lat': 60, 'ego_lon': 120, 'ego_speed': 986.8421052631579, 'ego_heading': 0, 'enm_angle': 0, 'success': False, 'reward': -7.299383626396899, 'total_steps': 305}
2025-08-18 17:23:19,396 - CRITICAL [ENV 3] - [Episode #5748] Result: both_alive
2025-08-18 17:23:19,501 - INFO [ENV 3] - A0100 launch mission! Total Steps=2, obs=[ 1.60423052e+00  2.05404407e-01  9.78677184e-01  1.02891661e-01
  9.94692569e-01  8.76515125e-01  5.28317347e-03  8.51215066e-02
  6.16892707e-01  8.15979770e-03 -9.99733343e-05  4.94806976e-03
  1.57079727e+00  2.99176911e+00 -1.00000000e+00  0.00000000e+00
  0.00000000e+00  0.00000000e+00  0.00000000e+00  0.00000000e+00
  0.00000000e+00], state=[ 1.20000001e+02  6.00010755e+01  8.02115260e+03  1.19977225e+02
  2.83323894e-02  8.02115148e+03  2.99414686e+02  4.38740549e-01
 -2.12239457e+00  1.20000000e+02  6.02692646e+01  8.02105263e+03
  3.00375848e+04 -3.63797881e-12  7.95047040e+03  3.05114798e-14
  3.00789474e+02  7.24962408e-15], current_reward=0.02491754313880712
2025-08-18 17:23:19,583 - INFO [ENV 13] - render_result: {'enm_distance': 30000, 'enm_alt': 26315.78947368421, 'enm_lat': 60.26926459981188, 'enm_lon': 120.0, 'enm_speed': 986.8421052631579, 'enm_heading': 90, 'ego_alt': 26315.78947368421, 'ego_lat': 60, 'ego_lon': 120, 'ego_speed': 986.8421052631579, 'ego_heading': 0, 'enm_angle': 0, 'success': False, 'reward': -7.4454433211284545, 'total_steps': 302}
2025-08-18 17:23:19,583 - CRITICAL [ENV 13] - [Episode #5752] Result: both_alive
2025-08-18 17:23:19,584 - INFO [ENV 12] - render_result: {'enm_distance': 30000, 'enm_alt': 26315.78947368421, 'enm_lat': 60.26926459981188, 'enm_lon': 120.0, 'enm_speed': 986.8421052631579, 'enm_heading': 90, 'ego_alt': 26315.78947368421, 'ego_lat': 60, 'ego_lon': 120, 'ego_speed': 986.8421052631579, 'ego_heading': 0, 'enm_angle': 0, 'success': False, 'reward': -7.909394279237482, 'total_steps': 302}
2025-08-18 17:23:19,584 - INFO [ENV 6] - render_result: {'enm_distance': 30000, 'enm_alt': 26315.78947368421, 'enm_lat': 60.26926459981188, 'enm_lon': 120.0, 'enm_speed': 986.8421052631579, 'enm_heading': 90, 'ego_alt': 26315.78947368421, 'ego_lat': 60, 'ego_lon': 120, 'ego_speed': 986.8421052631579, 'ego_heading': 0, 'enm_angle': 0, 'success': False, 'reward': -6.946680585785405, 'total_steps': 302}
2025-08-18 17:23:19,585 - CRITICAL [ENV 12] - [Episode #5752] Result: both_alive
2025-08-18 17:23:19,585 - CRITICAL [ENV 6] - [Episode #5752] Result: both_alive
2025-08-18 17:23:19,656 - INFO [ENV 6] - A0100 launch mission! Total Steps=1, obs=[ 1.60418200e+00  4.43068087e-02  9.99017971e-01 -2.28024379e-02
  9.99739991e-01  8.81876220e-01 -2.66340678e-03 -1.46742936e-02
  6.17957993e-01  2.79870248e-03  1.42652650e-04  8.39848242e-03
  1.57079619e+00  2.99776010e+00  1.00000000e+00  0.00000000e+00
  0.00000000e+00  0.00000000e+00  0.00000000e+00  0.00000000e+00
  0.00000000e+00], state=[ 1.20000000e+02  6.00005385e+01  8.02090998e+03  6.00665410e+01
 -4.18590110e-03  8.02090970e+03  2.99875304e+02 -1.29339264e-02
  1.81385920e+00  1.20000000e+02  6.02692646e+01  8.02105263e+03
  3.00375848e+04 -3.63797881e-12  7.95047040e+03  3.05114798e-14
  3.00789474e+02  7.24962408e-15], current_reward=0
2025-08-18 17:23:19,657 - INFO [ENV 13] - A0100 launch mission! Total Steps=1, obs=[ 1.60421778e+00 -9.60428631e-02  9.95377199e-01  1.64707153e-02
  9.99864349e-01  8.84521647e-01  2.56312602e-03  1.19727369e-02
  6.19997207e-01  1.53275218e-04 -3.62794364e-05  9.47040904e-04
  1.57079644e+00  2.99775048e+00  1.00000000e+00  0.00000000e+00
  0.00000000e+00  0.00000000e+00  0.00000000e+00  0.00000000e+00
  0.00000000e+00], state=[ 1.20000000e+02  6.00005393e+01  8.02108891e+03  6.01631862e+01
  3.25728287e-03  8.02108863e+03  3.00764549e+02 -6.56905660e-02
 -9.85683167e-01  1.20000000e+02  6.02692646e+01  8.02105263e+03
  3.00375848e+04 -3.63797881e-12  7.95047040e+03  3.05114798e-14
  3.00789474e+02  7.24962408e-15], current_reward=0
2025-08-18 17:23:19,659 - INFO [ENV 12] - A0100 launch mission! Total Steps=1, obs=[ 1.60418874e+00  4.48616085e-02  9.98993211e-01 -6.65077337e-03
  9.99977883e-01  8.82308241e-01 -1.95409792e-03 -2.22289220e-03
  6.18200967e-01  2.36668193e-03  1.08910434e-04  6.38545646e-03
  1.57079623e+00  2.99775927e+00 -1.00000000e+00  0.00000000e+00
  0.00000000e+00  0.00000000e+00  0.00000000e+00  0.00000000e+00
  0.00000000e+00], state=[ 1.20000000e+02  6.00005385e+01  8.02094372e+03  6.00749784e+01
 -2.81287698e-03  8.02094344e+03  2.99984048e+02  2.18254406e-03
  1.21032010e+00  1.20000000e+02  6.02692646e+01  8.02105263e+03
  3.00375848e+04 -3.63797881e-12  7.95047040e+03  3.05114798e-14
  3.00789474e+02  7.24962408e-15], current_reward=0
2025-08-18 17:23:19,699 - INFO [ENV 1] - render_result: {'enm_distance': 30000, 'enm_alt': 26315.78947368421, 'enm_lat': 60.26926459981188, 'enm_lon': 120.0, 'enm_speed': 986.8421052631579, 'enm_heading': 90, 'ego_alt': 26315.78947368421, 'ego_lat': 60, 'ego_lon': 120, 'ego_speed': 986.8421052631579, 'ego_heading': 0, 'enm_angle': 0, 'success': False, 'reward': -7.679210655095446, 'total_steps': 303}
2025-08-18 17:23:19,700 - CRITICAL [ENV 1] - [Episode #5754] Result: both_alive
2025-08-18 17:23:19,761 - INFO [ENV 1] - A0100 launch mission! Total Steps=1, obs=[ 1.60421798e+00 -9.42352024e-02  9.95549962e-01  1.74125370e-02
  9.99848390e-01  8.80783915e-01  3.32111682e-03  1.27497513e-02
  6.17073518e-01  3.89100779e-03 -3.72664764e-05  1.01966750e-03
  1.57079650e+00  2.99776252e+00  1.00000000e+00  0.00000000e+00
  0.00000000e+00  0.00000000e+00  0.00000000e+00  0.00000000e+00
  0.00000000e+00], state=[ 1.20000000e+02  6.00005382e+01  8.02108990e+03  6.00427630e+01
  5.13758432e-03  8.02108962e+03  2.99498339e+02 -5.52877335e-02
 -1.00589381e+00  1.20000000e+02  6.02692646e+01  8.02105263e+03
  3.00375848e+04 -3.63797881e-12  7.95047040e+03  3.05114798e-14
  3.00789474e+02  7.24962408e-15], current_reward=0
2025-08-18 17:23:19,805 - INFO [ENV 4] - render_result: {'enm_distance': 30000, 'enm_alt': 26315.78947368421, 'enm_lat': 60.26926459981188, 'enm_lon': 120.0, 'enm_speed': 986.8421052631579, 'enm_heading': 90, 'ego_alt': 26315.78947368421, 'ego_lat': 60, 'ego_lon': 120, 'ego_speed': 986.8421052631579, 'ego_heading': 0, 'enm_angle': 0, 'success': False, 'reward': 14.607109791766415, 'total_steps': 304}
2025-08-18 17:23:19,805 - CRITICAL [ENV 4] - [Episode #5756] Result: both_alive
2025-08-18 17:23:19,868 - INFO [ENV 2] - render_result: {'enm_distance': 30000, 'enm_alt': 26315.78947368421, 'enm_lat': 60.26926459981188, 'enm_lon': 120.0, 'enm_speed': 986.8421052631579, 'enm_heading': 90, 'ego_alt': 26315.78947368421, 'ego_lat': 60, 'ego_lon': 120, 'ego_speed': 986.8421052631579, 'ego_heading': 0, 'enm_angle': 0, 'success': False, 'reward': -7.024390846187096, 'total_steps': 302}
2025-08-18 17:23:19,868 - CRITICAL [ENV 2] - [Episode #5757] Result: both_alive
2025-08-18 17:23:19,873 - INFO [ENV 10] - render_result: {'enm_distance': 30000, 'enm_alt': 26315.78947368421, 'enm_lat': 60.26926459981188, 'enm_lon': 120.0, 'enm_speed': 986.8421052631579, 'enm_heading': 90, 'ego_alt': 26315.78947368421, 'ego_lat': 60, 'ego_lon': 120, 'ego_speed': 986.8421052631579, 'ego_heading': 0, 'enm_angle': 0, 'success': False, 'reward': -7.57520528371878, 'total_steps': 302}
2025-08-18 17:23:19,874 - CRITICAL [ENV 10] - [Episode #5757] Result: both_alive
2025-08-18 17:23:19,934 - INFO [ENV 4] - A0100 launch mission! Total Steps=2, obs=[ 1.60413853e+00 -1.97906643e-01  9.80220873e-01 -6.81515174e-02
  9.97674982e-01  8.75884657e-01  4.27965261e-03 -5.07861393e-02
  6.14328470e-01  8.79026604e-03  3.59990745e-04  1.28127950e-02
  1.57079586e+00  2.99178411e+00  1.00000000e+00  0.00000000e+00
  0.00000000e+00  0.00000000e+00  0.00000000e+00  0.00000000e+00
  0.00000000e+00], state=[ 1.20000000e+02  6.00010742e+01  8.02069264e+03  1.19826110e+02
 -1.39253039e-02  8.02069152e+03  2.98288177e+02 -1.37670400e-02
  3.12187159e+00  1.20000000e+02  6.02692646e+01  8.02105263e+03
  3.00375848e+04 -3.63797881e-12  7.95047040e+03  3.05114798e-14
  3.00789474e+02  7.24962408e-15], current_reward=0.024913268784994003
2025-08-18 17:23:19,935 - INFO [ENV 0] - render_result: {'enm_distance': 30000, 'enm_alt': 26315.78947368421, 'enm_lat': 60.26926459981188, 'enm_lon': 120.0, 'enm_speed': 986.8421052631579, 'enm_heading': 90, 'ego_alt': 26315.78947368421, 'ego_lat': 60, 'ego_lon': 120, 'ego_speed': 986.8421052631579, 'ego_heading': 0, 'enm_angle': 0, 'success': False, 'reward': -9.714511816522666, 'total_steps': 302}
2025-08-18 17:23:19,935 - CRITICAL [ENV 0] - [Episode #5758] Result: both_alive
2025-08-18 17:23:19,937 - INFO [ENV 2] - A0100 launch mission! Total Steps=1, obs=[ 1.60421052e+00 -6.03735408e-02  9.98175854e-01  2.70942634e-04
  9.99999963e-01  8.85208287e-01  2.15985457e-03 -3.83930528e-05
  6.20473292e-01 -5.33364708e-04  4.62442249e-08  1.89416749e-03
  1.57079643e+00  2.99774946e+00  1.00000000e+00  0.00000000e+00
  0.00000000e+00  0.00000000e+00  0.00000000e+00  0.00000000e+00
  0.00000000e+00], state=[ 1.20000000e+02  6.00005394e+01  8.02105259e+03  6.01732903e+01
  3.19032081e-03  8.02105230e+03  3.00971681e+02 -2.04106412e-02
 -1.38910993e-01  1.20000000e+02  6.02692646e+01  8.02105263e+03
  3.00375848e+04 -3.63797881e-12  7.95047040e+03  3.05114798e-14
  3.00789474e+02  7.24962408e-15], current_reward=0
2025-08-18 17:23:20,007 - INFO [ENV 14] - render_result: {'enm_distance': 30000, 'enm_alt': 26315.78947368421, 'enm_lat': 60.26926459981188, 'enm_lon': 120.0, 'enm_speed': 986.8421052631579, 'enm_heading': 90, 'ego_alt': 26315.78947368421, 'ego_lat': 60, 'ego_lon': 120, 'ego_speed': 986.8421052631579, 'ego_heading': 0, 'enm_angle': 0, 'success': False, 'reward': -7.070632381930292, 'total_steps': 302}
2025-08-18 17:23:20,007 - CRITICAL [ENV 14] - [Episode #5759] Result: both_alive
2025-08-18 17:23:20,064 - INFO [ENV 14] - A0100 launch mission! Total Steps=1, obs=[ 1.60421798e+00 -9.42352024e-02  9.95549962e-01  1.74125370e-02
  9.99848390e-01  8.80783915e-01  3.32111682e-03  1.27497513e-02
  6.17073518e-01  3.89100779e-03 -3.72664764e-05  1.01966750e-03
  1.57079650e+00  2.99776252e+00  1.00000000e+00  0.00000000e+00
  0.00000000e+00  0.00000000e+00  0.00000000e+00  0.00000000e+00
  0.00000000e+00], state=[ 1.20000000e+02  6.00005382e+01  8.02108990e+03  6.00427630e+01
  5.13758432e-03  8.02108962e+03  2.99498339e+02 -5.52877335e-02
 -1.00589381e+00  1.20000000e+02  6.02692646e+01  8.02105263e+03
  3.00375848e+04 -3.63797881e-12  7.95047040e+03  3.05114798e-14
  3.00789474e+02  7.24962408e-15], current_reward=0
2025-08-18 17:23:20,064 - INFO [ENV 0] - A0100 launch mission! Total Steps=2, obs=[ 1.60433803e+00 -1.94032831e-01  9.80995036e-01  1.09197439e-01
  9.94020080e-01  8.79956686e-01 -4.87112195e-03  8.13573464e-02
  6.19284586e-01  4.71823700e-03 -6.37538750e-04  1.59667764e-02
  1.57079275e+00  2.99173946e+00  1.00000000e+00  0.00000000e+00
  0.00000000e+00  0.00000000e+00  0.00000000e+00  0.00000000e+00
  0.00000000e+00], state=[ 1.19999998e+02  6.00010782e+01  8.02169017e+03  1.20274919e+02
 -1.07155624e-01  8.02168904e+03  3.00415609e+02 -1.12945119e+00
 -5.37731158e+00  1.20000000e+02  6.02692646e+01  8.02105263e+03
  3.00375848e+04 -3.63797881e-12  7.95047040e+03  3.05114798e-14
  3.00789474e+02  7.24962408e-15], current_reward=0.024891649200583288
2025-08-18 17:23:20,065 - INFO [ENV 10] - A0100 launch mission! Total Steps=3, obs=[ 1.60408201e+00 -2.25010463e-01  9.74356347e-01 -3.54149834e-03
  9.99993729e-01  8.86130583e-01  7.78395389e-03 -4.65994744e-04
  6.21243132e-01 -1.45566076e-03  6.42602718e-04  3.46595835e-03
  1.57079714e+00  2.98569491e+00  1.00000000e+00  0.00000000e+00
  0.00000000e+00  0.00000000e+00  0.00000000e+00  0.00000000e+00
  0.00000000e+00], state=[ 1.20000000e+02  6.00016200e+01  8.02041003e+03  1.80717598e+02
  2.42270797e-02  8.02040747e+03  3.01295823e+02 -2.10541444e-01
  3.17127459e-01  1.20000000e+02  6.02692646e+01  8.02105263e+03
  3.00375848e+04 -3.63797881e-12  7.95047040e+03  3.05114798e-14
  3.00789474e+02  7.24962408e-15], current_reward=0.05020678453828431
2025-08-18 17:23:20,105 - INFO [ENV 7] - render_result: {'enm_distance': 30000, 'enm_alt': 26315.78947368421, 'enm_lat': 60.26926459981188, 'enm_lon': 120.0, 'enm_speed': 986.8421052631579, 'enm_heading': 90, 'ego_alt': 26315.78947368421, 'ego_lat': 60, 'ego_lon': 120, 'ego_speed': 986.8421052631579, 'ego_heading': 0, 'enm_angle': 0, 'success': False, 'reward': -7.87175947715831, 'total_steps': 304}
2025-08-18 17:23:20,105 - CRITICAL [ENV 7] - [Episode #5761] Result: both_alive
2025-08-18 17:23:20,105 - INFO [ENV 9] - render_result: {'enm_distance': 30000, 'enm_alt': 26315.78947368421, 'enm_lat': 60.26926459981188, 'enm_lon': 120.0, 'enm_speed': 986.8421052631579, 'enm_heading': 90, 'ego_alt': 26315.78947368421, 'ego_lat': 60, 'ego_lon': 120, 'ego_speed': 986.8421052631579, 'ego_heading': 0, 'enm_angle': 0, 'success': False, 'reward': -7.037668621996453, 'total_steps': 304}
2025-08-18 17:23:20,106 - CRITICAL [ENV 9] - [Episode #5761] Result: both_alive
2025-08-18 17:23:20,167 - INFO [ENV 7] - A0100 launch mission! Total Steps=1, obs=[ 1.60419480e+00 -1.75202718e-02  9.99846508e-01 -2.36196396e-02
  9.99721017e-01  8.85178258e-01 -9.15881088e-04 -1.76092327e-02
  6.20588075e-01 -5.03335574e-04  7.86199990e-05  6.10414015e-03
  1.57079626e+00  2.99774911e+00  1.00000000e+00  0.00000000e+00
  0.00000000e+00  0.00000000e+00  0.00000000e+00  0.00000000e+00
  0.00000000e+00], state=[ 1.20000000e+02  6.00005394e+01  8.02097401e+03  6.01765838e+01
 -1.98445458e-03  8.02097373e+03  3.01018196e+02 -8.38846790e-03
  1.12948530e+00  1.20000000e+02  6.02692646e+01  8.02105263e+03
  3.00375848e+04 -3.63797881e-12  7.95047040e+03  3.05114798e-14
  3.00789474e+02  7.24962408e-15], current_reward=0
2025-08-18 17:23:20,216 - INFO [ENV 9] - A0100 launch mission! Total Steps=2, obs=[ 1.60421813e+00  1.93137919e-01  9.81171618e-01  1.03134353e-01
  9.94667435e-01  8.74711225e-01  5.96886394e-03  8.41804582e-02
  6.15418775e-01  9.96369721e-03 -3.80246946e-05  6.21194633e-03
  1.57079864e+00  2.99177321e+00 -1.00000000e+00  0.00000000e+00
  0.00000000e+00  0.00000000e+00  0.00000000e+00  0.00000000e+00
  0.00000000e+00], state=[ 1.20000001e+02  6.00010752e+01  8.02109066e+03  1.19936002e+02
  6.91693514e-02  8.02108953e+03  2.98772289e+02  8.59723445e-01
 -2.34976687e+00  1.20000000e+02  6.02692646e+01  8.02105263e+03
  3.00375848e+04 -3.63797881e-12  7.95047040e+03  3.05114798e-14
  3.00789474e+02  7.24962408e-15], current_reward=0.02492224921800812
2025-08-18 17:23:20,217 - INFO [ENV 5] - render_result: {'enm_distance': 30000, 'enm_alt': 26315.78947368421, 'enm_lat': 60.26926459981188, 'enm_lon': 120.0, 'enm_speed': 986.8421052631579, 'enm_heading': 90, 'ego_alt': 26315.78947368421, 'ego_lat': 60, 'ego_lon': 120, 'ego_speed': 986.8421052631579, 'ego_heading': 0, 'enm_angle': 0, 'success': False, 'reward': 14.424530969035104, 'total_steps': 305}
2025-08-18 17:23:20,217 - CRITICAL [ENV 5] - [Episode #5763] Result: both_alive
2025-08-18 17:23:20,358 - INFO [ENV 5] - A0100 launch mission! Total Steps=3, obs=[ 1.60432319e+00  6.48499012e-01  7.61215496e-01  1.17400746e-01
  9.93084621e-01  8.77718501e-01  3.83921063e-02  8.57674363e-02
  6.18510472e-01  6.95642186e-03 -5.63319686e-04  1.72569138e-02
  1.57081122e+00  2.98574510e+00 -1.00000000e+00  0.00000000e+00
  0.00000000e+00  0.00000000e+00  0.00000000e+00  0.00000000e+00
  0.00000000e+00], state=[ 1.20000008e+02  6.00016156e+01  8.02161595e+03  1.80218520e+02
  4.44620674e-01  8.02161341e+03  3.00074939e+02  3.43791093e+00
 -4.58446619e+00  1.20000000e+02  6.02692646e+01  8.02105263e+03
  3.00375848e+04 -3.63797881e-12  7.95047040e+03  3.05114798e-14
  3.00789474e+02  7.24962408e-15], current_reward=0.04999919238773742
2025-08-18 17:23:20,396 - INFO [ENV 15] - render_result: {'enm_distance': 30000, 'enm_alt': 26315.78947368421, 'enm_lat': 60.26926459981188, 'enm_lon': 120.0, 'enm_speed': 986.8421052631579, 'enm_heading': 90, 'ego_alt': 26315.78947368421, 'ego_lat': 60, 'ego_lon': 120, 'ego_speed': 986.8421052631579, 'ego_heading': 0, 'enm_angle': 0, 'success': False, 'reward': -7.535223664160874, 'total_steps': 302}
2025-08-18 17:23:20,396 - CRITICAL [ENV 15] - [Episode #5767] Result: both_alive
2025-08-18 17:23:20,493 - INFO [ENV 15] - A0100 launch mission! Total Steps=2, obs=[ 1.60423071e+00  2.05816828e-01  9.78590534e-01  1.02289987e-01
  9.94754622e-01  8.79305253e-01  5.25128037e-03  8.47905403e-02
  6.19047307e-01  5.36966944e-03 -1.00911065e-04  5.02407775e-03
  1.57079729e+00  2.99174835e+00 -1.00000000e+00  0.00000000e+00
  0.00000000e+00  0.00000000e+00  0.00000000e+00  0.00000000e+00
  0.00000000e+00], state=[ 1.20000001e+02  6.00010774e+01  8.02115354e+03  1.20184826e+02
  2.87062768e-02  8.02115241e+03  3.00347806e+02  4.43522461e-01
 -2.15186208e+00  1.20000000e+02  6.02692646e+01  8.02105263e+03
  3.00375848e+04 -3.63797881e-12  7.95047040e+03  3.05114798e-14
  3.00789474e+02  7.24962408e-15], current_reward=0.024940667987767284
2025-08-18 17:23:20,573 - INFO [ENV 8] - render_result: {'enm_distance': 30000, 'enm_alt': 26315.78947368421, 'enm_lat': 60.26926459981188, 'enm_lon': 120.0, 'enm_speed': 986.8421052631579, 'enm_heading': 90, 'ego_alt': 26315.78947368421, 'ego_lat': 60, 'ego_lon': 120, 'ego_speed': 986.8421052631579, 'ego_heading': 0, 'enm_angle': 0, 'success': False, 'reward': -7.6789005856442785, 'total_steps': 303}
2025-08-18 17:23:20,573 - CRITICAL [ENV 8] - [Episode #5771] Result: both_alive
2025-08-18 17:23:20,630 - INFO [ENV 8] - A0100 launch mission! Total Steps=1, obs=[ 1.60418719e+00  9.51609825e-02  9.95461897e-01 -7.01347401e-03
  9.99975405e-01  8.84182788e-01 -3.75050308e-03 -1.54118998e-03
  6.19676564e-01  4.92134142e-04  1.16691079e-04  7.22587135e-03
  1.57079611e+00  2.99775356e+00  1.00000000e+00  0.00000000e+00
  0.00000000e+00  0.00000000e+00  0.00000000e+00  0.00000000e+00
  0.00000000e+00], state=[ 1.20000000e+02  6.00005390e+01  8.02093594e+03  6.01320005e+01
 -6.35660268e-03  8.02093566e+03  3.00621736e+02 -2.74734978e-02
  1.46544830e+00  1.20000000e+02  6.02692646e+01  8.02105263e+03
  3.00375848e+04 -3.63797881e-12  7.95047040e+03  3.05114798e-14
  3.00789474e+02  7.24962408e-15], current_reward=0
2025-08-18 17:23:20,706 - INFO [ENV 11] - render_result: {'enm_distance': 30000, 'enm_alt': 26315.78947368421, 'enm_lat': 60.26926459981188, 'enm_lon': 120.0, 'enm_speed': 986.8421052631579, 'enm_heading': 90, 'ego_alt': 26315.78947368421, 'ego_lat': 60, 'ego_lon': 120, 'ego_speed': 986.8421052631579, 'ego_heading': 0, 'enm_angle': 0, 'success': False, 'reward': 16.03126677432694, 'total_steps': 309}
2025-08-18 17:23:20,707 - CRITICAL [ENV 11] - [Episode #5774] Result: both_alive
2025-08-18 17:23:20,853 - INFO [ENV 11] - A0100 launch mission! Total Steps=3, obs=[ 1.60400482e+00 -4.39464113e-02  9.99033890e-01 -1.40007078e-03
  9.99999020e-01  8.79962427e-01 -2.33705067e-03  1.10457614e-02
  6.16441833e-01  4.71249594e-03  1.02852280e-03  1.64009043e-02
  1.57079457e+00  2.98578871e+00  1.00000000e+00  0.00000000e+00
  0.00000000e+00  0.00000000e+00  0.00000000e+00  0.00000000e+00
  0.00000000e+00], state=[ 1.19999999e+02  6.00016116e+01  8.02002411e+03  1.79778754e+02
 -5.23666545e-02  8.02002158e+03  2.99182217e+02 -2.09327525e-01
  4.20572986e+00  1.20000000e+02  6.02692646e+01  8.02105263e+03
  3.00375848e+04 -3.63797881e-12  7.95047040e+03  3.05114798e-14
  3.00789474e+02  7.24962408e-15], current_reward=0.04992932588813126
2025-08-18 17:23:29,091 - INFO [ENV 3] - render_result: {'enm_distance': 30000, 'enm_alt': 26315.78947368421, 'enm_lat': 60.26926459981188, 'enm_lon': 120.0, 'enm_speed': 986.8421052631579, 'enm_heading': 90, 'ego_alt': 26315.78947368421, 'ego_lat': 60, 'ego_lon': 120, 'ego_speed': 986.8421052631579, 'ego_heading': 0, 'enm_angle': 0, 'success': False, 'reward': -6.936525862691504, 'total_steps': 303}
2025-08-18 17:23:29,091 - CRITICAL [ENV 3] - [Episode #6051] Result: both_alive
2025-08-18 17:23:29,137 - INFO [ENV 3] - A0100 launch mission! Total Steps=1, obs=[ 1.60419918e+00  4.40656410e-02  9.99028638e-01  1.65348649e-02
  9.99863290e-01  8.85022276e-01 -2.08506020e-03  1.55408975e-02
  6.20435979e-01 -3.47353576e-04  5.67319739e-05  3.25466638e-03
  1.57079621e+00  2.99774934e+00 -1.00000000e+00  0.00000000e+00
  0.00000000e+00  0.00000000e+00  0.00000000e+00  0.00000000e+00
  0.00000000e+00], state=[ 1.20000000e+02  6.00005394e+01  8.02099590e+03  6.01743758e+01
 -3.40427196e-03  8.02099562e+03  3.00954675e+02  1.59156072e-02
  2.71350070e-01  1.20000000e+02  6.02692646e+01  8.02105263e+03
  3.00375848e+04 -3.63797881e-12  7.95047040e+03  3.05114798e-14
  3.00789474e+02  7.24962408e-15], current_reward=0
2025-08-18 17:23:29,199 - INFO [ENV 6] - render_result: {'enm_distance': 30000, 'enm_alt': 26315.78947368421, 'enm_lat': 60.26926459981188, 'enm_lon': 120.0, 'enm_speed': 986.8421052631579, 'enm_heading': 90, 'ego_alt': 26315.78947368421, 'ego_lat': 60, 'ego_lon': 120, 'ego_speed': 986.8421052631579, 'ego_heading': 0, 'enm_angle': 0, 'success': False, 'reward': -7.428263496686725, 'total_steps': 302}
2025-08-18 17:23:29,200 - CRITICAL [ENV 6] - [Episode #6054] Result: both_alive
2025-08-18 17:23:29,200 - INFO [ENV 13] - render_result: {'enm_distance': 30000, 'enm_alt': 26315.78947368421, 'enm_lat': 60.26926459981188, 'enm_lon': 120.0, 'enm_speed': 986.8421052631579, 'enm_heading': 90, 'ego_alt': 26315.78947368421, 'ego_lat': 60, 'ego_lon': 120, 'ego_speed': 986.8421052631579, 'ego_heading': 0, 'enm_angle': 0, 'success': False, 'reward': -7.039098174840774, 'total_steps': 302}
2025-08-18 17:23:29,200 - CRITICAL [ENV 13] - [Episode #6054] Result: both_alive
2025-08-18 17:23:29,203 - INFO [ENV 12] - render_result: {'enm_distance': 30000, 'enm_alt': 26315.78947368421, 'enm_lat': 60.26926459981188, 'enm_lon': 120.0, 'enm_speed': 986.8421052631579, 'enm_heading': 90, 'ego_alt': 26315.78947368421, 'ego_lat': 60, 'ego_lon': 120, 'ego_speed': 986.8421052631579, 'ego_heading': 0, 'enm_angle': 0, 'success': False, 'reward': -8.613140681557901, 'total_steps': 302}
2025-08-18 17:23:29,204 - CRITICAL [ENV 12] - [Episode #6054] Result: both_alive
2025-08-18 17:23:29,247 - INFO [ENV 12] - A0100 launch mission! Total Steps=1, obs=[ 1.60419769e+00  4.48111468e-02  9.98995476e-01  1.24773074e-02
  9.99922155e-01  8.83007841e-01 -1.55540240e-03  1.26525872e-02
  6.18817161e-01  1.66708135e-03  6.41888236e-05  4.10963144e-03
  1.57079625e+00  2.99775662e+00 -1.00000000e+00  0.00000000e+00
  0.00000000e+00  0.00000000e+00  0.00000000e+00  0.00000000e+00
  0.00000000e+00], state=[ 1.20000000e+02  6.00005388e+01  8.02098844e+03  6.01015311e+01
 -2.37367706e-03  8.02098816e+03  3.00253487e+02  1.33631641e-02
  5.27557315e-01  1.20000000e+02  6.02692646e+01  8.02105263e+03
  3.00375848e+04 -3.63797881e-12  7.95047040e+03  3.05114798e-14
  3.00789474e+02  7.24962408e-15], current_reward=0
2025-08-18 17:23:29,251 - INFO [ENV 6] - A0100 launch mission! Total Steps=1, obs=[ 1.60419918e+00  4.40656410e-02  9.99028638e-01  1.65348649e-02
  9.99863290e-01  8.85022276e-01 -2.08506020e-03  1.55408975e-02
  6.20435979e-01 -3.47353576e-04  5.67319739e-05  3.25466638e-03
  1.57079621e+00  2.99774934e+00 -1.00000000e+00  0.00000000e+00
  0.00000000e+00  0.00000000e+00  0.00000000e+00  0.00000000e+00
  0.00000000e+00], state=[ 1.20000000e+02  6.00005394e+01  8.02099590e+03  6.01743758e+01
 -3.40427196e-03  8.02099562e+03  3.00954675e+02  1.59156072e-02
  2.71350070e-01  1.20000000e+02  6.02692646e+01  8.02105263e+03
  3.00375848e+04 -3.63797881e-12  7.95047040e+03  3.05114798e-14
  3.00789474e+02  7.24962408e-15], current_reward=0
2025-08-18 17:23:29,281 - INFO [ENV 13] - A0100 launch mission! Total Steps=2, obs=[ 1.60421902e+00  1.88161951e-01  9.82138015e-01  1.01130512e-01
  9.94873168e-01  8.81496511e-01  2.88673275e-03  8.33758004e-02
  6.20648387e-01  3.17841122e-03 -4.24832955e-05  6.35618902e-03
  1.57079849e+00  2.99172814e+00 -1.00000000e+00  0.00000000e+00
  0.00000000e+00  0.00000000e+00  0.00000000e+00  0.00000000e+00
  0.00000000e+00], state=[ 1.20000001e+02  6.00010792e+01  8.02109511e+03  1.20386767e+02
  6.47091167e-02  8.02109398e+03  3.01037086e+02  8.44710528e-01
 -2.42728752e+00  1.20000000e+02  6.02692646e+01  8.02105263e+03
  3.00375848e+04 -3.63797881e-12  7.95047040e+03  3.05114798e-14
  3.00789474e+02  7.24962408e-15], current_reward=0.024967945640414158
2025-08-18 17:23:29,284 - INFO [ENV 1] - render_result: {'enm_distance': 30000, 'enm_alt': 26315.78947368421, 'enm_lat': 60.26926459981188, 'enm_lon': 120.0, 'enm_speed': 986.8421052631579, 'enm_heading': 90, 'ego_alt': 26315.78947368421, 'ego_lat': 60, 'ego_lon': 120, 'ego_speed': 986.8421052631579, 'ego_heading': 0, 'enm_angle': 0, 'success': False, 'reward': -8.602545199280033, 'total_steps': 302}
2025-08-18 17:23:29,285 - CRITICAL [ENV 1] - [Episode #6056] Result: both_alive
2025-08-18 17:23:29,356 - INFO [ENV 1] - A0100 launch mission! Total Steps=2, obs=[ 1.60408102e+00  5.75850623e-02  9.98340604e-01 -7.08934717e-02
  9.97483892e-01  8.84537409e-01 -8.42635890e-03 -4.73566290e-02
  6.20991304e-01  1.37513997e-04  6.47520631e-04  1.93446516e-02
  1.57079623e+00  2.99172747e+00 -1.00000000e+00  0.00000000e+00
  0.00000000e+00  0.00000000e+00  0.00000000e+00  0.00000000e+00
  0.00000000e+00], state=[ 1.20000000e+02  6.00010792e+01  8.02040511e+03  1.20391848e+02
 -2.91280605e-03  8.02040398e+03  3.01143497e+02  1.72261433e-02
  5.12204130e+00  1.20000000e+02  6.02692646e+01  8.02105263e+03
  3.00375848e+04 -3.63797881e-12  7.95047040e+03  3.05114798e-14
  3.00789474e+02  7.24962408e-15], current_reward=0.02496468105800176
2025-08-18 17:23:29,386 - INFO [ENV 2] - render_result: {'enm_distance': 30000, 'enm_alt': 26315.78947368421, 'enm_lat': 60.26926459981188, 'enm_lon': 120.0, 'enm_speed': 986.8421052631579, 'enm_heading': 90, 'ego_alt': 26315.78947368421, 'ego_lat': 60, 'ego_lon': 120, 'ego_speed': 986.8421052631579, 'ego_heading': 0, 'enm_angle': 0, 'success': False, 'reward': -8.053655927150032, 'total_steps': 302}
2025-08-18 17:23:29,386 - INFO [ENV 4] - render_result: {'enm_distance': 30000, 'enm_alt': 26315.78947368421, 'enm_lat': 60.26926459981188, 'enm_lon': 120.0, 'enm_speed': 986.8421052631579, 'enm_heading': 90, 'ego_alt': 26315.78947368421, 'ego_lat': 60, 'ego_lon': 120, 'ego_speed': 986.8421052631579, 'ego_heading': 0, 'enm_angle': 0, 'success': False, 'reward': -7.334226925055436, 'total_steps': 303}
2025-08-18 17:23:29,388 - CRITICAL [ENV 2] - [Episode #6059] Result: both_alive
2025-08-18 17:23:29,388 - CRITICAL [ENV 4] - [Episode #6059] Result: both_alive
2025-08-18 17:23:29,462 - INFO [ENV 10] - render_result: {'enm_distance': 30000, 'enm_alt': 26315.78947368421, 'enm_lat': 60.26926459981188, 'enm_lon': 120.0, 'enm_speed': 986.8421052631579, 'enm_heading': 90, 'ego_alt': 26315.78947368421, 'ego_lat': 60, 'ego_lon': 120, 'ego_speed': 986.8421052631579, 'ego_heading': 0, 'enm_angle': 0, 'success': False, 'reward': 15.987971235938971, 'total_steps': 304}
2025-08-18 17:23:29,462 - INFO [ENV 4] - A0100 launch mission! Total Steps=2, obs=[ 1.60418574e+00  2.07594931e-01  9.78214877e-01  5.66968409e-02
  9.98391440e-01  8.80727652e-01  9.44514628e-04  5.03644790e-02
  6.18086694e-01  3.94727081e-03  1.23956342e-04  1.96544453e-03
  1.57079685e+00  2.99175482e+00 -1.00000000e+00  0.00000000e+00
  0.00000000e+00  0.00000000e+00  0.00000000e+00  0.00000000e+00
  0.00000000e+00], state=[ 1.20000000e+02  6.00010768e+01  8.02092868e+03  1.20119609e+02
  1.56746306e-02  8.02092755e+03  2.99936602e+02  2.79166361e-01
 -1.87231612e-01  1.20000000e+02  6.02692646e+01  8.02105263e+03
  3.00375848e+04 -3.63797881e-12  7.95047040e+03  3.05114798e-14
  3.00789474e+02  7.24962408e-15], current_reward=0.024936988103846147
2025-08-18 17:23:29,462 - CRITICAL [ENV 10] - [Episode #6061] Result: both_alive
2025-08-18 17:23:29,463 - INFO [ENV 0] - render_result: {'enm_distance': 30000, 'enm_alt': 26315.78947368421, 'enm_lat': 60.26926459981188, 'enm_lon': 120.0, 'enm_speed': 986.8421052631579, 'enm_heading': 90, 'ego_alt': 26315.78947368421, 'ego_lat': 60, 'ego_lon': 120, 'ego_speed': 986.8421052631579, 'ego_heading': 0, 'enm_angle': 0, 'success': False, 'reward': -9.008453571422745, 'total_steps': 303}
2025-08-18 17:23:29,463 - CRITICAL [ENV 0] - [Episode #6061] Result: both_alive
2025-08-18 17:23:29,464 - INFO [ENV 14] - render_result: {'enm_distance': 30000, 'enm_alt': 26315.78947368421, 'enm_lat': 60.26926459981188, 'enm_lon': 120.0, 'enm_speed': 986.8421052631579, 'enm_heading': 90, 'ego_alt': 26315.78947368421, 'ego_lat': 60, 'ego_lon': 120, 'ego_speed': 986.8421052631579, 'ego_heading': 0, 'enm_angle': 0, 'success': False, 'reward': -7.0002716716635085, 'total_steps': 302}
2025-08-18 17:23:29,464 - CRITICAL [ENV 14] - [Episode #6061] Result: both_alive
2025-08-18 17:23:29,507 - INFO [ENV 10] - A0100 launch mission! Total Steps=1, obs=[ 1.60421062e+00 -6.02781035e-02  9.98181622e-01  8.96919185e-04
  9.99999598e-01  8.81499249e-01  2.14338946e-03  4.82081332e-04
  6.17560827e-01  3.17567398e-03 -4.57774338e-07  1.85805532e-03
  1.57079643e+00  2.99776148e+00  1.00000000e+00  0.00000000e+00
  0.00000000e+00  0.00000000e+00  0.00000000e+00  0.00000000e+00
  0.00000000e+00], state=[ 1.20000000e+02  6.00005383e+01  8.02105309e+03  6.00530461e+01
  3.23824726e-03  8.02105281e+03  2.99710638e+02 -1.95490446e-02
 -1.49133675e-01  1.20000000e+02  6.02692646e+01  8.02105263e+03
  3.00375848e+04 -3.63797881e-12  7.95047040e+03  3.05114798e-14
  3.00789474e+02  7.24962408e-15], current_reward=0
2025-08-18 17:23:29,507 - INFO [ENV 14] - A0100 launch mission! Total Steps=1, obs=[ 1.60421289e+00 -9.44869103e-02  9.95526104e-01  3.44156370e-03
  9.99994078e-01  8.85036615e-01  3.78771550e-03  2.16352835e-03
  6.20344413e-01 -3.61691926e-04 -1.18156601e-05  9.47405474e-04
  1.57079652e+00  2.99774972e+00  1.00000000e+00  0.00000000e+00
  0.00000000e+00  0.00000000e+00  0.00000000e+00  0.00000000e+00
  0.00000000e+00], state=[ 1.20000000e+02  6.00005394e+01  8.02106445e+03  6.01706753e+01
  5.87429650e-03  8.02106416e+03  3.00915802e+02 -2.87848860e-02
 -4.24986776e-01  1.20000000e+02  6.02692646e+01  8.02105263e+03
  3.00375848e+04 -3.63797881e-12  7.95047040e+03  3.05114798e-14
  3.00789474e+02  7.24962408e-15], current_reward=0
2025-08-18 17:23:29,507 - INFO [ENV 2] - A0100 launch mission! Total Steps=3, obs=[ 1.60436921e+00  3.38541640e-01  9.40951411e-01  8.91515178e-02
  9.96018076e-01  8.75065209e-01  1.82364566e-02  6.26629174e-02
  6.14393862e-01  9.60971354e-03 -7.93402250e-04  1.36537420e-02
  1.57080419e+00  2.98579161e+00 -1.00000000e+00  0.00000000e+00
  0.00000000e+00  0.00000000e+00  0.00000000e+00  0.00000000e+00
  0.00000000e+00], state=[ 1.20000004e+02  6.00016114e+01  8.02184603e+03  1.79754016e+02
  2.34717685e-01  8.02184351e+03  2.98310845e+02  1.58082061e+00
 -4.46630801e+00  1.20000000e+02  6.02692646e+01  8.02105263e+03
  3.00375848e+04 -3.63797881e-12  7.95047040e+03  3.05114798e-14
  3.00789474e+02  7.24962408e-15], current_reward=0.049826399809777655
2025-08-18 17:23:29,510 - INFO [ENV 0] - A0100 launch mission! Total Steps=1, obs=[ 1.60421779e+00 -9.44554297e-02  9.95529091e-01  1.64635806e-02
  9.99864466e-01  8.84511127e-01  3.35786292e-03  1.20261004e-02
  6.19991600e-01  1.63795646e-04 -3.63111988e-05  9.50929631e-04
  1.57079650e+00  2.99775048e+00  1.00000000e+00  0.00000000e+00
  0.00000000e+00  0.00000000e+00  0.00000000e+00  0.00000000e+00
  0.00000000e+00], state=[ 1.20000000e+02  6.00005393e+01  8.02108894e+03  6.01631846e+01
  5.08184651e-03  8.02108866e+03  3.00762114e+02 -5.62692931e-02
 -9.88936050e-01  1.20000000e+02  6.02692646e+01  8.02105263e+03
  3.00375848e+04 -3.63797881e-12  7.95047040e+03  3.05114798e-14
  3.00789474e+02  7.24962408e-15], current_reward=0
2025-08-18 17:23:29,546 - INFO [ENV 7] - render_result: {'enm_distance': 30000, 'enm_alt': 26315.78947368421, 'enm_lat': 60.26926459981188, 'enm_lon': 120.0, 'enm_speed': 986.8421052631579, 'enm_heading': 90, 'ego_alt': 26315.78947368421, 'ego_lat': 60, 'ego_lon': 120, 'ego_speed': 986.8421052631579, 'ego_heading': 0, 'enm_angle': 0, 'success': False, 'reward': -7.071969347883147, 'total_steps': 302}
2025-08-18 17:23:29,546 - CRITICAL [ENV 7] - [Episode #6063] Result: both_alive
2025-08-18 17:23:29,592 - INFO [ENV 9] - render_result: {'enm_distance': 30000, 'enm_alt': 26315.78947368421, 'enm_lat': 60.26926459981188, 'enm_lon': 120.0, 'enm_speed': 986.8421052631579, 'enm_heading': 90, 'ego_alt': 26315.78947368421, 'ego_lat': 60, 'ego_lon': 120, 'ego_speed': 986.8421052631579, 'ego_heading': 0, 'enm_angle': 0, 'success': False, 'reward': -8.01577500465524, 'total_steps': 303}
2025-08-18 17:23:29,592 - CRITICAL [ENV 9] - [Episode #6064] Result: both_alive
2025-08-18 17:23:29,677 - INFO [ENV 7] - A0100 launch mission! Total Steps=3, obs=[ 1.60449955e+00 -4.03866917e-02  9.99184125e-01  1.09014265e-01
  9.94040185e-01  8.74162417e-01 -5.89250129e-03  7.11865177e-02
  6.14044748e-01  1.05125055e-02 -1.44512723e-03  2.53747350e-02
  1.57079985e+00  2.98581332e+00 -1.00000000e+00  0.00000000e+00
  0.00000000e+00  0.00000000e+00  0.00000000e+00  0.00000000e+00
  0.00000000e+00], state=[ 1.20000002e+02  6.00016095e+01  8.02249776e+03  1.79538495e+02
  1.05106596e-01  8.02249524e+03  2.98090708e+02  2.58146566e-01
 -8.28072946e+00  1.20000000e+02  6.02692646e+01  8.02105263e+03
  3.00375848e+04 -3.63797881e-12  7.95047040e+03  3.05114798e-14
  3.00789474e+02  7.24962408e-15], current_reward=0.04952089873043697
2025-08-18 17:23:29,678 - INFO [ENV 9] - A0100 launch mission! Total Steps=2, obs=[ 1.60435863e+00 -3.68322688e-01  9.29698014e-01  1.08728000e-01
  9.94071538e-01  8.75741660e-01 -9.56121509e-03  7.79977935e-02
  6.15779042e-01  8.93326244e-03 -7.40511765e-04  2.07545000e-02
  1.57079213e+00  2.99177922e+00  1.00000000e+00  0.00000000e+00
  0.00000000e+00  0.00000000e+00  0.00000000e+00  0.00000000e+00
  0.00000000e+00], state=[ 1.19999998e+02  6.00010746e+01  8.02179314e+03  1.19877622e+02
 -1.25528996e-01  8.02179202e+03  2.98869034e+02 -1.71308709e+00
 -6.67501939e+00  1.20000000e+02  6.02692646e+01  8.02105263e+03
  3.00375848e+04 -3.63797881e-12  7.95047040e+03  3.05114798e-14
  3.00789474e+02  7.24962408e-15], current_reward=0.024839642732818135
2025-08-18 17:23:29,707 - INFO [ENV 5] - render_result: {'enm_distance': 30000, 'enm_alt': 26315.78947368421, 'enm_lat': 60.26926459981188, 'enm_lon': 120.0, 'enm_speed': 986.8421052631579, 'enm_heading': 90, 'ego_alt': 26315.78947368421, 'ego_lat': 60, 'ego_lon': 120, 'ego_speed': 986.8421052631579, 'ego_heading': 0, 'enm_angle': 0, 'success': False, 'reward': 15.963698773420436, 'total_steps': 304}
2025-08-18 17:23:29,707 - CRITICAL [ENV 5] - [Episode #6067] Result: both_alive
2025-08-18 17:23:29,750 - INFO [ENV 5] - A0100 launch mission! Total Steps=1, obs=[ 1.60418051e+00  9.52220309e-02  9.95456059e-01 -2.28531763e-02
  9.99738832e-01  8.82060338e-01 -4.38003711e-03 -1.37394158e-02
  6.18096289e-01  2.61458430e-03  1.50096429e-04  9.22884771e-03
  1.57079609e+00  2.99775993e+00  1.00000000e+00  0.00000000e+00
  0.00000000e+00  0.00000000e+00  0.00000000e+00  0.00000000e+00
  0.00000000e+00], state=[ 1.20000000e+02  6.00005385e+01  8.02090254e+03  6.00682693e+01
 -7.15750966e-03  8.02090225e+03  2.99933493e+02 -4.89221245e-02
  2.06295022e+00  1.20000000e+02  6.02692646e+01  8.02105263e+03
  3.00375848e+04 -3.63797881e-12  7.95047040e+03  3.05114798e-14
  3.00789474e+02  7.24962408e-15], current_reward=0
2025-08-18 17:23:29,816 - INFO [ENV 15] - render_result: {'enm_distance': 30000, 'enm_alt': 26315.78947368421, 'enm_lat': 60.26926459981188, 'enm_lon': 120.0, 'enm_speed': 986.8421052631579, 'enm_heading': 90, 'ego_alt': 26315.78947368421, 'ego_lat': 60, 'ego_lon': 120, 'ego_speed': 986.8421052631579, 'ego_heading': 0, 'enm_angle': 0, 'success': False, 'reward': -7.334141023562751, 'total_steps': 303}
2025-08-18 17:23:29,816 - CRITICAL [ENV 15] - [Episode #6070] Result: both_alive
2025-08-18 17:23:29,920 - INFO [ENV 15] - A0100 launch mission! Total Steps=3, obs=[ 1.60416480e+00  2.36653796e-02  9.99719936e-01 -4.42905488e-02
  9.99018692e-01  8.76056098e-01  6.78033363e-04 -3.35363887e-02
  6.13800729e-01  8.61882461e-03  2.28611036e-04  8.44534035e-03
  1.57079820e+00  2.98578999e+00 -1.00000000e+00  0.00000000e+00
  0.00000000e+00  0.00000000e+00  0.00000000e+00  0.00000000e+00
  0.00000000e+00], state=[ 1.20000001e+02  6.00016115e+01  8.02082402e+03  1.79767805e+02
  5.60657852e-02  8.02082149e+03  2.98071792e+02  1.61536946e-01
  1.80979943e+00  1.20000000e+02  6.02692646e+01  8.02105263e+03
  3.00375848e+04 -3.63797881e-12  7.95047040e+03  3.05114798e-14
  3.00789474e+02  7.24962408e-15], current_reward=0.05004791496867078
2025-08-18 17:23:29,921 - INFO [ENV 8] - render_result: {'enm_distance': 30000, 'enm_alt': 26315.78947368421, 'enm_lat': 60.26926459981188, 'enm_lon': 120.0, 'enm_speed': 986.8421052631579, 'enm_heading': 90, 'ego_alt': 26315.78947368421, 'ego_lat': 60, 'ego_lon': 120, 'ego_speed': 986.8421052631579, 'ego_heading': 0, 'enm_angle': 0, 'success': False, 'reward': -9.357657732319737, 'total_steps': 302}
2025-08-18 17:23:29,922 - CRITICAL [ENV 8] - [Episode #6073] Result: both_alive
2025-08-18 17:23:29,966 - INFO [ENV 8] - A0100 launch mission! Total Steps=1, obs=[ 1.60419776e+00  9.47389001e-02  9.95502155e-01  1.68825953e-02
  9.99857479e-01  8.83487219e-01 -2.87742725e-03  1.67712986e-02
  6.19250000e-01  1.18770356e-03  6.38395433e-05  4.05605690e-03
  1.57079615e+00  2.99775459e+00 -1.00000000e+00  0.00000000e+00
  0.00000000e+00  0.00000000e+00  0.00000000e+00  0.00000000e+00
  0.00000000e+00], state=[ 1.20000000e+02  6.00005390e+01  8.02098879e+03  6.01218649e+01
 -5.44424539e-03  8.02098851e+03  3.00440929e+02  9.39483816e-03
  5.11823001e-01  1.20000000e+02  6.02692646e+01  8.02105263e+03
  3.00375848e+04 -3.63797881e-12  7.95047040e+03  3.05114798e-14
  3.00789474e+02  7.24962408e-15], current_reward=0
2025-08-18 17:23:30,090 - INFO [ENV 11] - render_result: {'enm_distance': 30000, 'enm_alt': 26315.78947368421, 'enm_lat': 60.26926459981188, 'enm_lon': 120.0, 'enm_speed': 986.8421052631579, 'enm_heading': 90, 'ego_alt': 26315.78947368421, 'ego_lat': 60, 'ego_lon': 120, 'ego_speed': 986.8421052631579, 'ego_heading': 0, 'enm_angle': 0, 'success': False, 'reward': 15.950733069218387, 'total_steps': 304}
2025-08-18 17:23:30,091 - CRITICAL [ENV 11] - [Episode #6078] Result: both_alive
2025-08-18 17:23:30,134 - INFO [ENV 11] - A0100 launch mission! Total Steps=1, obs=[ 1.60421066e+00 -5.91266203e-02  9.98250491e-01  8.86971749e-04
  9.99999607e-01  8.81493200e-01  2.94320804e-03  5.00783036e-04
  6.17557892e-01  3.18172238e-03 -6.93144464e-07  1.83757685e-03
  1.57079650e+00  2.99776149e+00  1.00000000e+00  0.00000000e+00
  0.00000000e+00  0.00000000e+00  0.00000000e+00  0.00000000e+00
  0.00000000e+00], state=[ 1.20000000e+02  6.00005383e+01  8.02105332e+03  6.00529962e+01
  5.07049427e-03  8.02105304e+03  2.99709367e+02 -1.05726467e-02
 -1.55031407e-01  1.20000000e+02  6.02692646e+01  8.02105263e+03
  3.00375848e+04 -3.63797881e-12  7.95047040e+03  3.05114798e-14
  3.00789474e+02  7.24962408e-15], current_reward=0
2025-08-18 17:24:06,244 - INFO [ENV 3] - render_result: {'enm_distance': 30000, 'enm_alt': 26315.78947368421, 'enm_lat': 60.26926459981188, 'enm_lon': 120.0, 'enm_speed': 986.8421052631579, 'enm_heading': 90, 'ego_alt': 26315.78947368421, 'ego_lat': 60, 'ego_lon': 120, 'ego_speed': 986.8421052631579, 'ego_heading': 0, 'enm_angle': 0, 'success': False, 'reward': -7.047510763292404, 'total_steps': 302}
2025-08-18 17:24:06,244 - CRITICAL [ENV 3] - [Episode #6353] Result: both_alive
2025-08-18 17:24:06,290 - INFO [ENV 3] - A0100 launch mission! Total Steps=1, obs=[ 1.60418028e+00  9.54714173e-02  9.95432172e-01 -2.37615038e-02
  9.99717656e-01  8.85929330e-01 -4.42731596e-03 -1.45684329e-02
  6.21145391e-01 -1.25440780e-03  1.51219564e-04  9.26987963e-03
  1.57079609e+00  2.99774735e+00  1.00000000e+00  0.00000000e+00
  0.00000000e+00  0.00000000e+00  0.00000000e+00  0.00000000e+00
  0.00000000e+00], state=[ 1.20000000e+02  6.00005396e+01  8.02090141e+03  6.01940755e+01
 -7.09361046e-03  8.02090113e+03  3.01253242e+02 -4.77313507e-02
  2.08442377e+00  1.20000000e+02  6.02692646e+01  8.02105263e+03
  3.00375848e+04 -3.63797881e-12  7.95047040e+03  3.05114798e-14
  3.00789474e+02  7.24962408e-15], current_reward=0
2025-08-18 17:24:06,367 - INFO [ENV 12] - render_result: {'enm_distance': 30000, 'enm_alt': 26315.78947368421, 'enm_lat': 60.26926459981188, 'enm_lon': 120.0, 'enm_speed': 986.8421052631579, 'enm_heading': 90, 'ego_alt': 26315.78947368421, 'ego_lat': 60, 'ego_lon': 120, 'ego_speed': 986.8421052631579, 'ego_heading': 0, 'enm_angle': 0, 'success': False, 'reward': -7.074638850372775, 'total_steps': 302}
2025-08-18 17:24:06,367 - CRITICAL [ENV 12] - [Episode #6356] Result: both_alive
2025-08-18 17:24:06,368 - INFO [ENV 6] - render_result: {'enm_distance': 30000, 'enm_alt': 26315.78947368421, 'enm_lat': 60.26926459981188, 'enm_lon': 120.0, 'enm_speed': 986.8421052631579, 'enm_heading': 90, 'ego_alt': 26315.78947368421, 'ego_lat': 60, 'ego_lon': 120, 'ego_speed': 986.8421052631579, 'ego_heading': 0, 'enm_angle': 0, 'success': False, 'reward': -8.705311413040423, 'total_steps': 302}
2025-08-18 17:24:06,368 - CRITICAL [ENV 6] - [Episode #6356] Result: both_alive
2025-08-18 17:24:06,415 - INFO [ENV 12] - A0100 launch mission! Total Steps=1, obs=[ 1.60420921e+00 -9.46186423e-02  9.95513592e-01 -3.64734101e-03
  9.99993348e-01  8.85105734e-01  4.15187968e-03 -3.34047015e-03
  6.20403454e-01 -4.30811366e-04  6.59848782e-06  1.80219415e-03
  1.57079653e+00  2.99774940e+00  1.00000000e+00  0.00000000e+00
  0.00000000e+00  0.00000000e+00  0.00000000e+00  0.00000000e+00
  0.00000000e+00], state=[ 1.20000000e+02  6.00005394e+01  8.02104603e+03  6.01739060e+01
  6.10875254e-03  8.02104575e+03  3.00941357e+02 -2.24375371e-02
 -1.66607304e-01  1.20000000e+02  6.02692646e+01  8.02105263e+03
  3.00375848e+04 -3.63797881e-12  7.95047040e+03  3.05114798e-14
  3.00789474e+02  7.24962408e-15], current_reward=0
2025-08-18 17:24:06,415 - INFO [ENV 13] - render_result: {'enm_distance': 30000, 'enm_alt': 26315.78947368421, 'enm_lat': 60.26926459981188, 'enm_lon': 120.0, 'enm_speed': 986.8421052631579, 'enm_heading': 90, 'ego_alt': 26315.78947368421, 'ego_lat': 60, 'ego_lon': 120, 'ego_speed': 986.8421052631579, 'ego_heading': 0, 'enm_angle': 0, 'success': False, 'reward': 15.610187640452349, 'total_steps': 303}
2025-08-18 17:24:06,416 - CRITICAL [ENV 13] - [Episode #6357] Result: both_alive
2025-08-18 17:24:06,462 - INFO [ENV 6] - A0100 launch mission! Total Steps=2, obs=[ 1.60425024e+00  2.30911355e-02  9.99733364e-01  1.04464303e-01
  9.94528637e-01  8.74134341e-01 -7.85779715e-04  8.11367417e-02
  6.14723312e-01  1.05405820e-02 -1.98584808e-04  9.86299351e-03
  1.57079766e+00  2.99177710e+00 -1.00000000e+00  0.00000000e+00
  0.00000000e+00  0.00000000e+00  0.00000000e+00  0.00000000e+00
  0.00000000e+00], state=[ 1.20000001e+02  6.00010748e+01  8.02125122e+03  1.19897536e+02
  3.97670854e-02  8.02125009e+03  2.98461073e+02  3.80344509e-01
 -3.62527814e+00  1.20000000e+02  6.02692646e+01  8.02105263e+03
  3.00375848e+04 -3.63797881e-12  7.95047040e+03  3.05114798e-14
  3.00789474e+02  7.24962408e-15], current_reward=0.02491754313880712
2025-08-18 17:24:06,494 - INFO [ENV 1] - render_result: {'enm_distance': 30000, 'enm_alt': 26315.78947368421, 'enm_lat': 60.26926459981188, 'enm_lon': 120.0, 'enm_speed': 986.8421052631579, 'enm_heading': 90, 'ego_alt': 26315.78947368421, 'ego_lat': 60, 'ego_lon': 120, 'ego_speed': 986.8421052631579, 'ego_heading': 0, 'enm_angle': 0, 'success': False, 'reward': -6.887753601605205, 'total_steps': 303}
2025-08-18 17:24:06,495 - CRITICAL [ENV 1] - [Episode #6359] Result: both_alive
2025-08-18 17:24:06,572 - INFO [ENV 13] - A0100 launch mission! Total Steps=4, obs=[ 1.60465338e+00 -1.04108950e-01  9.94565899e-01 -2.60834091e-02
  9.99659770e-01  8.74320421e-01  1.36789714e-02 -3.88658516e-02
  6.12622279e-01  1.03545017e-02 -2.21424810e-03  1.76598835e-02
  1.57081107e+00  2.97979215e+00 -1.00000000e+00  0.00000000e+00
  0.00000000e+00  0.00000000e+00  0.00000000e+00  0.00000000e+00
  0.00000000e+00], state=[ 1.20000008e+02  6.00021492e+01  8.02326688e+03  2.39752234e+02
  4.39284948e-01  8.02326238e+03  2.97539012e+02  1.08332854e+00
 -5.86835267e+00  1.20000000e+02  6.02692646e+01  8.02105263e+03
  3.00375848e+04 -3.63797881e-12  7.95047040e+03  3.05114798e-14
  3.00789474e+02  7.24962408e-15], current_reward=0.07440866990077843
2025-08-18 17:24:06,607 - INFO [ENV 1] - A0100 launch mission! Total Steps=3, obs=[ 1.60410381e+00 -1.05584273e-01  9.94410359e-01 -5.55417553e-02
  9.98456365e-01  8.80320627e-01  3.13684898e-03 -3.81793194e-02
  6.17304232e-01  4.35429523e-03  5.33601415e-04  1.44404701e-02
  1.57079573e+00  2.98577571e+00 -1.00000000e+00  0.00000000e+00
  0.00000000e+00  0.00000000e+00  0.00000000e+00  0.00000000e+00
  0.00000000e+00], state=[ 1.20000000e+02  6.00016128e+01  8.02051903e+03  1.79909907e+02
 -1.77339854e-02  8.02051650e+03  2.99570359e+02  2.85978641e-02
  3.62322939e+00  1.20000000e+02  6.02692646e+01  8.02105263e+03
  3.00375848e+04 -3.63797881e-12  7.95047040e+03  3.05114798e-14
  3.00789474e+02  7.24962408e-15], current_reward=0.05002884364260041
2025-08-18 17:24:06,610 - INFO [ENV 4] - render_result: {'enm_distance': 30000, 'enm_alt': 26315.78947368421, 'enm_lat': 60.26926459981188, 'enm_lon': 120.0, 'enm_speed': 986.8421052631579, 'enm_heading': 90, 'ego_alt': 26315.78947368421, 'ego_lat': 60, 'ego_lon': 120, 'ego_speed': 986.8421052631579, 'ego_heading': 0, 'enm_angle': 0, 'success': False, 'reward': 11.40769635970021, 'total_steps': 303}
2025-08-18 17:24:06,611 - CRITICAL [ENV 4] - [Episode #6362] Result: both_alive
2025-08-18 17:24:06,657 - INFO [ENV 0] - render_result: {'enm_distance': 30000, 'enm_alt': 26315.78947368421, 'enm_lat': 60.26926459981188, 'enm_lon': 120.0, 'enm_speed': 986.8421052631579, 'enm_heading': 90, 'ego_alt': 26315.78947368421, 'ego_lat': 60, 'ego_lon': 120, 'ego_speed': 986.8421052631579, 'ego_heading': 0, 'enm_angle': 0, 'success': False, 'reward': -7.206518085062555, 'total_steps': 302}
2025-08-18 17:24:06,657 - CRITICAL [ENV 0] - [Episode #6363] Result: both_alive
2025-08-18 17:24:06,661 - INFO [ENV 10] - render_result: {'enm_distance': 30000, 'enm_alt': 26315.78947368421, 'enm_lat': 60.26926459981188, 'enm_lon': 120.0, 'enm_speed': 986.8421052631579, 'enm_heading': 90, 'ego_alt': 26315.78947368421, 'ego_lat': 60, 'ego_lon': 120, 'ego_speed': 986.8421052631579, 'ego_heading': 0, 'enm_angle': 0, 'success': False, 'reward': -6.891154399544963, 'total_steps': 302}
2025-08-18 17:24:06,662 - CRITICAL [ENV 10] - [Episode #6363] Result: both_alive
2025-08-18 17:24:06,663 - INFO [ENV 14] - render_result: {'enm_distance': 30000, 'enm_alt': 26315.78947368421, 'enm_lat': 60.26926459981188, 'enm_lon': 120.0, 'enm_speed': 986.8421052631579, 'enm_heading': 90, 'ego_alt': 26315.78947368421, 'ego_lat': 60, 'ego_lon': 120, 'ego_speed': 986.8421052631579, 'ego_heading': 0, 'enm_angle': 0, 'success': False, 'reward': -7.283232442359225, 'total_steps': 302}
2025-08-18 17:24:06,664 - CRITICAL [ENV 14] - [Episode #6363] Result: both_alive
2025-08-18 17:24:06,664 - INFO [ENV 2] - render_result: {'enm_distance': 30000, 'enm_alt': 26315.78947368421, 'enm_lat': 60.26926459981188, 'enm_lon': 120.0, 'enm_speed': 986.8421052631579, 'enm_heading': 90, 'ego_alt': 26315.78947368421, 'ego_lat': 60, 'ego_lon': 120, 'ego_speed': 986.8421052631579, 'ego_heading': 0, 'enm_angle': 0, 'success': False, 'reward': 16.14132692650753, 'total_steps': 304}
2025-08-18 17:24:06,664 - CRITICAL [ENV 2] - [Episode #6363] Result: both_alive
2025-08-18 17:24:06,728 - INFO [ENV 14] - A0100 launch mission! Total Steps=1, obs=[ 1.60421066e+00 -5.91266203e-02  9.98250491e-01  8.86971749e-04
  9.99999607e-01  8.81493200e-01  2.94320804e-03  5.00783036e-04
  6.17557892e-01  3.18172238e-03 -6.93144464e-07  1.83757685e-03
  1.57079650e+00  2.99776149e+00  1.00000000e+00  0.00000000e+00
  0.00000000e+00  0.00000000e+00  0.00000000e+00  0.00000000e+00
  0.00000000e+00], state=[ 1.20000000e+02  6.00005383e+01  8.02105332e+03  6.00529962e+01
  5.07049427e-03  8.02105304e+03  2.99709367e+02 -1.05726467e-02
 -1.55031407e-01  1.20000000e+02  6.02692646e+01  8.02105263e+03
  3.00375848e+04 -3.63797881e-12  7.95047040e+03  3.05114798e-14
  3.00789474e+02  7.24962408e-15], current_reward=0
2025-08-18 17:24:06,729 - INFO [ENV 2] - A0100 launch mission! Total Steps=1, obs=[ 1.60421697e+00 -6.03394972e-02  9.98177913e-01  1.65424746e-02
  9.99863164e-01  8.84634281e-01  1.81132060e-03  1.23692260e-02
  6.20088632e-01  4.06415510e-05 -3.22410428e-05  3.80869457e-04
  1.57079641e+00  2.99775038e+00  1.00000000e+00  0.00000000e+00
  0.00000000e+00  0.00000000e+00  0.00000000e+00  0.00000000e+00
  0.00000000e+00], state=[ 1.20000000e+02  6.00005393e+01  8.02108487e+03  6.01641231e+01
  2.53649508e-03  8.02108459e+03  3.00804578e+02 -4.13385108e-02
 -8.15429006e-01  1.20000000e+02  6.02692646e+01  8.02105263e+03
  3.00375848e+04 -3.63797881e-12  7.95047040e+03  3.05114798e-14
  3.00789474e+02  7.24962408e-15], current_reward=0
2025-08-18 17:24:06,729 - INFO [ENV 4] - A0100 launch mission! Total Steps=2, obs=[ 1.60424027e+00 -2.45930047e-01  9.69287580e-01  2.23037155e-02
  9.99751241e-01  8.80734140e-01  4.11039700e-03  1.52964580e-02
  6.17065408e-01  3.94078246e-03 -1.48736925e-04  4.65844139e-03
  1.57079526e+00  2.99176861e+00  1.00000000e+00  0.00000000e+00
  0.00000000e+00  0.00000000e+00  0.00000000e+00  0.00000000e+00
  0.00000000e+00], state=[ 1.19999999e+02  6.00010756e+01  8.02120137e+03  1.19982345e+02
 -3.20282244e-02  8.02120024e+03  2.99490929e+02 -5.67105655e-01
 -1.98263650e+00  1.20000000e+02  6.02692646e+01  8.02105263e+03
  3.00375848e+04 -3.63797881e-12  7.95047040e+03  3.05114798e-14
  3.00789474e+02  7.24962408e-15], current_reward=0.024899200424959744
2025-08-18 17:24:06,766 - INFO [ENV 0] - A0100 launch mission! Total Steps=2, obs=[ 1.60410580e+00  1.34672197e-01  9.90890205e-01 -3.42650751e-02
  9.99412780e-01  8.84550528e-01 -2.03115212e-03 -2.07124815e-02
  6.20163195e-01  1.24394278e-04  5.23607490e-04  1.31064182e-02
  1.57079635e+00  2.99172835e+00  1.00000000e+00  0.00000000e+00
  0.00000000e+00  0.00000000e+00  0.00000000e+00  0.00000000e+00
  0.00000000e+00], state=[ 1.20000000e+02  6.00010792e+01  8.02052902e+03  1.20383344e+02
  7.11527544e-04  8.02052789e+03  3.00812981e+02 -2.89627842e-02
  3.23818316e+00  1.20000000e+02  6.02692646e+01  8.02105263e+03
  3.00375848e+04 -3.63797881e-12  7.95047040e+03  3.05114798e-14
  3.00789474e+02  7.24962408e-15], current_reward=0.02496623313153634
2025-08-18 17:24:06,830 - INFO [ENV 7] - render_result: {'enm_distance': 30000, 'enm_alt': 26315.78947368421, 'enm_lat': 60.26926459981188, 'enm_lon': 120.0, 'enm_speed': 986.8421052631579, 'enm_heading': 90, 'ego_alt': 26315.78947368421, 'ego_lat': 60, 'ego_lon': 120, 'ego_speed': 986.8421052631579, 'ego_heading': 0, 'enm_angle': 0, 'success': False, 'reward': -7.898252561683236, 'total_steps': 304}
2025-08-18 17:24:06,830 - CRITICAL [ENV 7] - [Episode #6367] Result: both_alive
2025-08-18 17:24:06,832 - INFO [ENV 9] - render_result: {'enm_distance': 30000, 'enm_alt': 26315.78947368421, 'enm_lat': 60.26926459981188, 'enm_lon': 120.0, 'enm_speed': 986.8421052631579, 'enm_heading': 90, 'ego_alt': 26315.78947368421, 'ego_lat': 60, 'ego_lon': 120, 'ego_speed': 986.8421052631579, 'ego_heading': 0, 'enm_angle': 0, 'success': False, 'reward': -6.861644621179906, 'total_steps': 303}
2025-08-18 17:24:06,833 - CRITICAL [ENV 9] - [Episode #6367] Result: both_alive
2025-08-18 17:24:06,878 - INFO [ENV 7] - A0100 launch mission! Total Steps=1, obs=[ 1.60419770e+00  9.48481368e-02  9.95491753e-01  1.64098532e-02
  9.99865349e-01  8.85333863e-01 -2.89572501e-03  1.63957253e-02
  6.20694904e-01 -6.58940404e-04  6.41180885e-05  4.06544208e-03
  1.57079615e+00  2.99774862e+00 -1.00000000e+00  0.00000000e+00
  0.00000000e+00  0.00000000e+00  0.00000000e+00  0.00000000e+00
  0.00000000e+00], state=[ 1.20000000e+02  6.00005395e+01  8.02098851e+03  6.01815028e+01
 -5.41275660e-03  8.02098823e+03  3.01066295e+02  1.00318432e-02
  5.15710525e-01  1.20000000e+02  6.02692646e+01  8.02105263e+03
  3.00375848e+04 -3.63797881e-12  7.95047040e+03  3.05114798e-14
  3.00789474e+02  7.24962408e-15], current_reward=0
2025-08-18 17:24:06,913 - INFO [ENV 5] - render_result: {'enm_distance': 30000, 'enm_alt': 26315.78947368421, 'enm_lat': 60.26926459981188, 'enm_lon': 120.0, 'enm_speed': 986.8421052631579, 'enm_heading': 90, 'ego_alt': 26315.78947368421, 'ego_lat': 60, 'ego_lon': 120, 'ego_speed': 986.8421052631579, 'ego_heading': 0, 'enm_angle': 0, 'success': False, 'reward': -6.784153727155044, 'total_steps': 302}
2025-08-18 17:24:06,914 - CRITICAL [ENV 5] - [Episode #6369] Result: both_alive
2025-08-18 17:24:06,964 - INFO [ENV 5] - A0100 launch mission! Total Steps=1, obs=[ 1.60419480e+00 -1.75202718e-02  9.99846508e-01 -2.36196396e-02
  9.99721017e-01  8.85178258e-01 -9.15881088e-04 -1.76092327e-02
  6.20588075e-01 -5.03335574e-04  7.86199990e-05  6.10414015e-03
  1.57079626e+00  2.99774911e+00  1.00000000e+00  0.00000000e+00
  0.00000000e+00  0.00000000e+00  0.00000000e+00  0.00000000e+00
  0.00000000e+00], state=[ 1.20000000e+02  6.00005394e+01  8.02097401e+03  6.01765838e+01
 -1.98445458e-03  8.02097373e+03  3.01018196e+02 -8.38846790e-03
  1.12948530e+00  1.20000000e+02  6.02692646e+01  8.02105263e+03
  3.00375848e+04 -3.63797881e-12  7.95047040e+03  3.05114798e-14
  3.00789474e+02  7.24962408e-15], current_reward=0
2025-08-18 17:24:06,997 - INFO [ENV 9] - A0100 launch mission! Total Steps=4, obs=[ 1.60498423e+00  1.39176096e-01  9.90267648e-01 -5.09602648e-03
  9.99987015e-01  8.82814857e-01  1.00414328e-02 -2.85734166e-02
  6.18878012e-01  1.86006587e-03 -3.86851354e-03  2.35958135e-02
  1.57077026e+00  2.97974974e+00  1.00000000e+00  0.00000000e+00
  0.00000000e+00  0.00000000e+00  0.00000000e+00  0.00000000e+00
  0.00000000e+00], state=[ 1.19999986e+02  6.00021531e+01  8.02492115e+03  2.40180449e+02
 -7.76745398e-01  8.02491663e+03  3.00231987e+02 -1.74633523e+00
 -7.61552588e+00  1.20000000e+02  6.02692646e+01  8.02105263e+03
  3.00375848e+04 -3.63797881e-12  7.95047040e+03  3.05114798e-14
  3.00789474e+02  7.24962408e-15], current_reward=0.07307485851061735
2025-08-18 17:24:07,064 - INFO [ENV 10] - A0100 launch mission! Total Steps=10, obs=[ 1.60319774  0.79783538  0.60287537 -0.04154736  0.99913654  0.88015698
  0.01595214 -0.06712324  0.61878294  0.00451794  0.00506392  0.01355684
  1.570885    2.9437256  -1.          0.          0.          0.
  0.          0.          0.        ], state=[ 1.20000047e+02  6.00053822e+01  8.01598871e+03  6.00401791e+02
  2.61018884e+00  8.01596051e+03  3.00151356e+02  1.71532543e+00
  3.00981137e+00  1.20000000e+02  6.02692646e+01  8.02105263e+03
  3.00375848e+04 -3.63797881e-12  7.95047040e+03  3.05114798e-14
  3.00789474e+02  7.24962408e-15], current_reward=0.23350971542621224
2025-08-18 17:24:07,102 - INFO [ENV 15] - render_result: {'enm_distance': 30000, 'enm_alt': 26315.78947368421, 'enm_lat': 60.26926459981188, 'enm_lon': 120.0, 'enm_speed': 986.8421052631579, 'enm_heading': 90, 'ego_alt': 26315.78947368421, 'ego_lat': 60, 'ego_lon': 120, 'ego_speed': 986.8421052631579, 'ego_heading': 0, 'enm_angle': 0, 'success': False, 'reward': -7.549115252352941, 'total_steps': 304}
2025-08-18 17:24:07,103 - CRITICAL [ENV 15] - [Episode #6374] Result: both_alive
2025-08-18 17:24:07,150 - INFO [ENV 8] - render_result: {'enm_distance': 30000, 'enm_alt': 26315.78947368421, 'enm_lat': 60.26926459981188, 'enm_lon': 120.0, 'enm_speed': 986.8421052631579, 'enm_heading': 90, 'ego_alt': 26315.78947368421, 'ego_lat': 60, 'ego_lon': 120, 'ego_speed': 986.8421052631579, 'ego_heading': 0, 'enm_angle': 0, 'success': False, 'reward': -7.1021840909291605, 'total_steps': 302}
2025-08-18 17:24:07,150 - CRITICAL [ENV 8] - [Episode #6375] Result: both_alive
2025-08-18 17:24:07,231 - INFO [ENV 15] - A0100 launch mission! Total Steps=3, obs=[ 1.60370164e+00  1.87355103e-01  9.82292251e-01 -8.04157830e-02
  9.96761407e-01  8.79321829e-01 -2.59977034e-03 -4.17452013e-02
  6.16709754e-01  5.35309376e-03  2.54440795e-03  3.56968618e-02
  1.57079234e+00  2.98578762e+00  1.00000000e+00  0.00000000e+00
  0.00000000e+00  0.00000000e+00  0.00000000e+00  0.00000000e+00
  0.00000000e+00], state=[ 1.19999998e+02  6.00016117e+01  8.01850822e+03  1.79786112e+02
 -1.19134219e-01  8.01850570e+03  2.99140289e+02 -6.61165198e-01
  9.97990595e+00  1.20000000e+02  6.02692646e+01  8.02105263e+03
  3.00375848e+04 -3.63797881e-12  7.95047040e+03  3.05114798e-14
  3.00789474e+02  7.24962408e-15], current_reward=0.04935290985016216
2025-08-18 17:24:07,328 - INFO [ENV 11] - render_result: {'enm_distance': 30000, 'enm_alt': 26315.78947368421, 'enm_lat': 60.26926459981188, 'enm_lon': 120.0, 'enm_speed': 986.8421052631579, 'enm_heading': 90, 'ego_alt': 26315.78947368421, 'ego_lat': 60, 'ego_lon': 120, 'ego_speed': 986.8421052631579, 'ego_heading': 0, 'enm_angle': 0, 'success': False, 'reward': -7.7771990233148, 'total_steps': 302}
2025-08-18 17:24:07,330 - CRITICAL [ENV 11] - [Episode #6380] Result: both_alive
2025-08-18 17:24:07,407 - INFO [ENV 8] - A0100 launch mission! Total Steps=7, obs=[ 1.60434448e+00  1.92216508e-01  9.81352543e-01  1.07017050e-02
  9.99942735e-01  8.70654502e-01 -1.10687899e-02  3.92467393e-02
  6.09788269e-01  1.40204209e-02 -6.69782484e-04  3.36807991e-02
  1.57073872e+00  2.96201796e+00  1.00000000e+00  0.00000000e+00
  0.00000000e+00  0.00000000e+00  0.00000000e+00  0.00000000e+00
  0.00000000e+00], state=[ 1.19999969e+02  6.00037426e+01  8.02172241e+03  4.17490952e+02
 -1.70622155e+00  8.02170878e+03  2.96202012e+02 -1.11078022e+00
  9.20302207e+00  1.20000000e+02  6.02692646e+01  8.02105263e+03
  3.00375848e+04 -3.63797881e-12  7.95047040e+03  3.05114798e-14
  3.00789474e+02  7.24962408e-15], current_reward=0.15145614929967266
2025-08-18 17:24:07,410 - INFO [ENV 11] - A0100 launch mission! Total Steps=2, obs=[ 1.60421141e+00 -1.92725118e-01  9.81252786e-01 -2.52723100e-02
  9.99680604e-01  8.85286575e-01  2.61335576e-05 -2.08848164e-02
  6.20726138e-01 -6.11652741e-04 -4.42052414e-06  4.58644519e-03
  1.57079496e+00  2.99172959e+00  1.00000000e+00  0.00000000e+00
  0.00000000e+00  0.00000000e+00  0.00000000e+00  0.00000000e+00
  0.00000000e+00], state=[ 1.19999999e+02  6.00010791e+01  8.02105705e+03  1.20372135e+02
 -4.08645932e-02  8.02105592e+03  3.01080363e+02 -2.89782366e-01
  6.39697416e-01  1.20000000e+02  6.02692646e+01  8.02105263e+03
  3.00375848e+04 -3.63797881e-12  7.95047040e+03  3.05114798e-14
  3.00789474e+02  7.24962408e-15], current_reward=0.024948869565008636
