2025-03-30 10:46:43,018 - INFO [PID 20904]- init complete, log path: ./train/result/train_dodge2.log
2025-03-30 10:46:43,044 - INFO [PID 17420]- init complete, log path: ./train/result/train_dodge2.log
2025-03-30 10:46:43,158 - INFO [PID 18880]- init complete, log path: ./train/result/train_dodge2.log
2025-03-30 10:46:43,343 - INFO [PID 13028]- init complete, log path: ./train/result/train_dodge2.log
2025-03-30 10:46:43,364 - INFO [PID 18772]- init complete, log path: ./train/result/train_dodge2.log
2025-03-30 10:46:43,485 - INFO [PID 20904]- render txt name:./render_train/dodge2\env_0_pursue_rule.txt.acmi
2025-03-30 10:46:43,545 - INFO [PID 17420]- render txt name:./render_train/dodge2\env_2_pursue_rule.txt.acmi
2025-03-30 10:46:43,756 - INFO [PID 18880]- render txt name:./render_train/dodge2\env_3_pursue_rule.txt.acmi
2025-03-30 10:46:43,761 - INFO [PID 8496]- init complete, log path: ./train/result/train_dodge2.log
2025-03-30 10:46:43,847 - INFO [PID 24792]- init complete, log path: ./train/result/train_dodge2.log
2025-03-30 10:46:44,056 - INFO [PID 13028]- render txt name:./render_train/dodge2\env_1_pursue_rule.txt.acmi
2025-03-30 10:46:44,077 - INFO [PID 18772]- render txt name:./render_train/dodge2\env_4_pursue_rule.txt.acmi
2025-03-30 10:46:44,251 - INFO [PID 22604]- init complete, log path: ./train/result/train_dodge2.log
2025-03-30 10:46:44,263 - INFO [PID 2056]- init complete, log path: ./train/result/train_dodge2.log
2025-03-30 10:46:44,281 - INFO [PID 8496]- render txt name:./render_train/dodge2\env_6_pursue_rule.txt.acmi
2025-03-30 10:46:44,298 - INFO [PID 24792]- render txt name:./render_train/dodge2\env_9_pursue_rule.txt.acmi
2025-03-30 10:46:44,358 - INFO [PID 22452]- init complete, log path: ./train/result/train_dodge2.log
2025-03-30 10:46:44,634 - INFO [PID 11640]- init complete, log path: ./train/result/train_dodge2.log
2025-03-30 10:46:44,634 - INFO [PID 9664]- init complete, log path: ./train/result/train_dodge2.log
2025-03-30 10:46:44,648 - INFO [PID 6688]- init complete, log path: ./train/result/train_dodge2.log
2025-03-30 10:46:44,674 - INFO [PID 17744]- init complete, log path: ./train/result/train_dodge2.log
2025-03-30 10:46:44,684 - INFO [PID 19324]- init complete, log path: ./train/result/train_dodge2.log
2025-03-30 10:46:44,688 - INFO [PID 25956]- init complete, log path: ./train/result/train_dodge2.log
2025-03-30 10:46:44,695 - INFO [PID 22604]- render txt name:./render_train/dodge2\env_8_pursue_rule.txt.acmi
2025-03-30 10:46:44,722 - INFO [PID 2056]- render txt name:./render_train/dodge2\env_5_pursue_rule.txt.acmi
2025-03-30 10:46:44,769 - INFO [PID 22452]- render txt name:./render_train/dodge2\env_15_pursue_rule.txt.acmi
2025-03-30 10:46:45,297 - INFO [PID 9664]- render txt name:./render_train/dodge2\env_14_pursue_rule.txt.acmi
2025-03-30 10:46:45,298 - INFO [PID 11640]- render txt name:./render_train/dodge2\env_7_pursue_rule.txt.acmi
2025-03-30 10:46:45,337 - INFO [PID 6688]- render txt name:./render_train/dodge2\env_11_pursue_rule.txt.acmi
2025-03-30 10:46:45,377 - INFO [PID 19324]- render txt name:./render_train/dodge2\env_10_pursue_rule.txt.acmi
2025-03-30 10:46:45,378 - INFO [PID 25956]- render txt name:./render_train/dodge2\env_12_pursue_rule.txt.acmi
2025-03-30 10:46:45,378 - INFO [PID 17744]- render txt name:./render_train/dodge2\env_13_pursue_rule.txt.acmi
2025-03-30 10:46:45,830 - INFO [PID 13028]- render txt name:./render_train/dodge2\env_1_pursue_rule.txt.acmi
2025-03-30 10:46:45,835 - INFO [PID 20904]- render txt name:./render_train/dodge2\env_0_pursue_rule.txt.acmi
2025-03-30 10:46:45,836 - INFO [PID 18880]- render txt name:./render_train/dodge2\env_3_pursue_rule.txt.acmi
2025-03-30 10:46:45,840 - INFO [PID 18772]- render txt name:./render_train/dodge2\env_4_pursue_rule.txt.acmi
2025-03-30 10:46:45,844 - INFO [PID 11640]- render txt name:./render_train/dodge2\env_7_pursue_rule.txt.acmi
2025-03-30 10:46:45,844 - INFO [PID 22604]- render txt name:./render_train/dodge2\env_8_pursue_rule.txt.acmi
2025-03-30 10:46:45,846 - INFO [PID 2056]- render txt name:./render_train/dodge2\env_5_pursue_rule.txt.acmi
2025-03-30 10:46:45,848 - INFO [PID 22452]- render txt name:./render_train/dodge2\env_15_pursue_rule.txt.acmi
2025-03-30 10:46:45,848 - INFO [PID 25956]- render txt name:./render_train/dodge2\env_12_pursue_rule.txt.acmi
2025-03-30 10:46:45,849 - INFO [PID 8496]- render txt name:./render_train/dodge2\env_6_pursue_rule.txt.acmi
2025-03-30 10:46:45,849 - INFO [PID 6688]- render txt name:./render_train/dodge2\env_11_pursue_rule.txt.acmi
2025-03-30 10:46:45,849 - INFO [PID 17420]- render txt name:./render_train/dodge2\env_2_pursue_rule.txt.acmi
2025-03-30 10:46:45,849 - INFO [PID 17744]- render txt name:./render_train/dodge2\env_13_pursue_rule.txt.acmi
2025-03-30 10:46:45,850 - INFO [PID 24792]- render txt name:./render_train/dodge2\env_9_pursue_rule.txt.acmi
2025-03-30 10:46:45,851 - INFO [PID 19324]- render txt name:./render_train/dodge2\env_10_pursue_rule.txt.acmi
2025-03-30 10:46:45,851 - INFO [PID 9664]- render txt name:./render_train/dodge2\env_14_pursue_rule.txt.acmi
2025-03-30 10:46:46,589 - INFO [PID 17744]- B0100 launch mission! Total Steps=29, obs=[ 0.94912576  0.54070568  0.84121185 -0.35479     0.93494602  0.82933577
 -0.01690086  0.09569963  0.68185708 -0.45682693 -0.38520421  0.62843273
  2.70192735  0.48502776  1.          0.          0.          0.
  0.          0.          0.        ], state=[  119.91517998    59.97402738  4745.62881976 -2892.77598553
 -4740.1805366   4743.21814484   194.8006153    166.10805322
   122.7273221    119.9906672     59.99523845  4360.42460587
  -530.82069725  -521.20008     4360.38132317   -98.61353652
   -78.63520391   -16.57954985], current_reward=1.4482114669963195
2025-03-30 10:46:47,024 - INFO [PID 11640]- B0100 launch mission! Total Steps=54, obs=[ 1.38212333  0.65822123  0.75282456 -0.69401571  0.71995986  0.93658667
 -0.01742408  0.08450718  0.70122006 -0.35429351 -0.71407526  1.00880601
  2.65058192  0.49801156  1.          0.          0.          0.
  0.          0.          0.        ], state=[ 1.19954637e+02  5.99520288e+01  6.91061666e+03 -5.34948246e+03
 -2.53765996e+03  6.90787456e+03  2.10347373e+02 -5.80604396e+01
  2.33767645e+02  1.19960552e+02  5.99961220e+01  6.19654140e+03
 -4.31822180e+02 -2.20357403e+03  6.19614748e+03 -1.74007824e+02
 -1.04570110e+02  1.33116588e+00], current_reward=6.370802769105612
2025-03-30 10:46:47,366 - CRITICAL [PID 17744]- A0100 has been shot down! Total Steps=73
2025-03-30 10:46:47,366 - CRITICAL [PID 17744]- B0100 mission completed! Total Steps=73
2025-03-30 10:46:47,371 - INFO [PID 17744]- render_result: {'enm_distance': 6821.919863329847, 'enm_angle': 233.2612676978933, 'enm_alt': 17285.07172978915, 'enm_speed': 808.1263997935989, 'enm_heading': 29.970417569964624, 'ego_alt': 14148.281439532653, 'ego_speed': 436.5407420902562, 'success': False, 'total_reward': -34.65775572299609, 'total_steps': 73, 'state': None, 'obs': None}
2025-03-30 10:46:47,392 - INFO [PID 17744]- render txt name:./render_train/dodge2\env_13_pursue_rule_1.txt.acmi
2025-03-30 10:46:47,792 - CRITICAL [PID 11640]- A0100 has been shot down! Total Steps=93
2025-03-30 10:46:47,792 - CRITICAL [PID 11640]- B0100 mission completed! Total Steps=93
2025-03-30 10:46:47,795 - INFO [PID 11640]- render_result: {'enm_distance': 7540.76921857958, 'enm_angle': 191.9844727824397, 'enm_alt': 28182.250163893055, 'enm_speed': 794.1698664548965, 'enm_heading': 334.2734036246794, 'ego_alt': 20378.442628311524, 'ego_speed': 757.3531557910546, 'success': False, 'total_reward': -30.042116280485423, 'total_steps': 93, 'state': None, 'obs': None}
2025-03-30 10:46:47,813 - INFO [PID 11640]- render txt name:./render_train/dodge2\env_7_pursue_rule_1.txt.acmi
2025-03-30 10:46:48,691 - INFO [PID 22452]- B0100 launch mission! Total Steps=147, obs=[ 1.5169714   0.96748152  0.25294172  0.01573372  0.99987622  0.78255687
  0.00824924  0.1174343   0.5603184  -0.22382536 -0.06171044  0.33536248
  1.10094947  0.20394077  1.          0.          0.          0.
  0.          0.          0.        ], state=[  120.07210923    59.99555177  7584.85698562  -493.97995692
  4029.00769255  7583.57005456  -157.75649772   217.79226895
     8.62506074   120.09310107    59.98060644  7523.14654362
 -2159.56236536  5204.19370598  7520.66633779    27.52021632
   192.04857376     8.60919735], current_reward=1.654108129299603
2025-03-30 10:46:49,007 - INFO [PID 22604]- B0100 launch mission! Total Steps=166, obs=[ 1.15301096  0.00530677  0.99998592  0.00324709  0.99999473  0.81051296
 -0.00189541  0.00316726  0.62950328 -0.14534721 -0.14970854  0.05025633
  1.57752068  0.5891714  -1.          0.          0.          0.
  0.          0.          0.        ], state=[ 1.19888329e+02  5.99996749e+01  5.76505482e+03 -3.09917844e+01
 -6.23693647e+03  5.76201572e+03 -2.61025984e+02  8.83642009e+01
  1.78614943e-01  1.19926504e+02  5.99504445e+01  5.61534628e+03
 -5.52364737e+03 -4.11080967e+03  5.61163830e+03 -8.05205472e+01
 -2.11416347e+02  1.16256954e+01], current_reward=0.7898025926717569
2025-03-30 10:46:49,210 - CRITICAL [PID 22452]- A0100 has been shot down! Total Steps=175
2025-03-30 10:46:49,210 - CRITICAL [PID 22452]- B0100 mission completed! Total Steps=175
2025-03-30 10:46:49,215 - INFO [PID 22452]- render_result: {'enm_distance': 6799.951403093026, 'enm_angle': 157.57727322883207, 'enm_alt': 20973.856229361467, 'enm_speed': 932.5360310711477, 'enm_heading': 350.2156107296298, 'ego_alt': 25273.756255688873, 'ego_speed': 700.6813734811752, 'success': False, 'total_reward': 2.154268859048635, 'total_steps': 175, 'state': None, 'obs': None}
2025-03-30 10:46:49,236 - INFO [PID 22452]- render txt name:./render_train/dodge2\env_15_pursue_rule_1.txt.acmi
2025-03-30 10:46:49,671 - INFO [PID 20904]- B0100 launch mission! Total Steps=202, obs=[ 1.16145924 -0.0456104   0.9989593  -0.03397498  0.99942268  1.00311433
 -0.01369312 -0.00893117  0.79239147 -0.46162646 -0.05403017  0.21478476
  1.01545109  0.593992    1.          0.          0.          0.
  0.          0.          0.        ], state=[  119.97563384    60.01285751  5807.29620198  1434.03987425
 -1360.33826039  5806.99069887  -162.12068804  -299.98675785
     8.76800648   119.87354973    59.99789532  5753.26602968
  -227.94896771 -7062.71684452  5749.36491008   117.83058613
  -136.17396703    40.91350863], current_reward=1.4852651773517902
2025-03-30 10:46:50,269 - INFO [PID 18880]- B0100 launch mission! Total Steps=238, obs=[ 1.59539381e+00 -5.34288270e-02  9.98571660e-01  3.87663175e-02
  9.99248304e-01  8.76828202e-01 -1.22040160e-02  1.72678562e-02
  6.15468566e-01 -4.23589327e-01 -1.14341110e-03  1.93056165e-02
  2.30683222e+00  5.90543174e-01 -1.00000000e+00  0.00000000e+00
  0.00000000e+00  0.00000000e+00  0.00000000e+00  0.00000000e+00
  0.00000000e+00], state=[ 1.19931494e+02  5.99049379e+01  7.97696907e+03 -1.06022541e+04
 -3.83840197e+03  7.96702474e+03  2.92111459e+02 -5.97416414e+01
 -5.47726882e+00  1.19910043e+02  5.99567713e+01  7.97582566e+03
 -4.81879142e+03 -5.03241149e+03  7.97203124e+03 -1.25203730e+02
 -9.13390087e+01 -7.11350787e+00], current_reward=10.18385405316852
2025-03-30 10:46:50,944 - INFO [PID 2056]- B0100 launch mission! Total Steps=275, obs=[ 1.2727336  -0.21221014  0.97722406  0.05773219  0.99833211  0.97747646
 -0.01387999 -0.01107115  0.75095569 -0.10870729 -0.00425752  0.28866402
  0.58123347  0.57466077  1.          0.          0.          0.
  0.          0.          0.        ], state=[ 1.19982937e+02  6.00823300e+01  6.36366798e+03  9.18189970e+03
 -9.50672533e+02  6.35700040e+03  3.12644309e+02 -1.10739993e+02
 -2.18593630e+01  1.19976867e+02  6.01337683e+01  6.35941046e+03
  1.49186449e+04 -1.28686520e+03  6.34186550e+03  2.56317628e+02
  1.47212942e+02 -1.34359332e+01], current_reward=13.03366137200365
2025-03-30 10:46:51,131 - CRITICAL [PID 18880]- A0100 has been shot down! Total Steps=286
2025-03-30 10:46:51,131 - CRITICAL [PID 18880]- B0100 mission completed! Total Steps=286
2025-03-30 10:46:51,132 - INFO [PID 18880]- render_result: {'enm_distance': 16754.357772715535, 'enm_angle': 174.87695378271658, 'enm_alt': 17845.1546709521, 'enm_speed': 827.0741509151542, 'enm_heading': 254.90571113752057, 'ego_alt': 27043.621167693145, 'ego_speed': 403.5704196292673, 'success': False, 'total_reward': -11.619592374661059, 'total_steps': 286, 'state': None, 'obs': None}
2025-03-30 10:46:51,158 - INFO [PID 18880]- render txt name:./render_train/dodge2\env_3_pursue_rule_1.txt.acmi
2025-03-30 10:46:51,337 - CRITICAL [PID 20904]- A0100 has been shot down! Total Steps=296
2025-03-30 10:46:51,337 - CRITICAL [PID 20904]- B0100 mission completed! Total Steps=296
2025-03-30 10:46:51,338 - INFO [PID 20904]- render_result: {'enm_distance': 7430.167168167764, 'enm_angle': 66.40730888308258, 'enm_alt': 27403.016596374182, 'enm_speed': 899.0390682080109, 'enm_heading': 26.22153331497386, 'ego_alt': 17881.93634686768, 'ego_speed': 722.221836239921, 'success': False, 'total_reward': 0.4216931598100988, 'total_steps': 296, 'state': None, 'obs': None}
2025-03-30 10:46:51,360 - INFO [PID 20904]- render txt name:./render_train/dodge2\env_0_pursue_rule_1.txt.acmi
2025-03-30 10:46:51,369 - INFO [PID 25956]- B0100 launch mission! Total Steps=297, obs=[ 1.06604394e+00  1.84648805e-01  9.82804568e-01 -4.88605482e-04
  9.99999881e-01  1.00720047e+00 -4.18087347e-02  1.76578148e-02
  8.13786939e-01 -3.67078712e-01 -4.65492860e-02  1.72167818e-01
  1.33965403e+00  7.57327949e-01  1.00000000e+00  0.00000000e+00
  0.00000000e+00  0.00000000e+00  0.00000000e+00  0.00000000e+00
  0.00000000e+00], state=[ 1.20044132e+02  6.00631977e+01  5.33021969e+03  7.04772808e+03
  2.45989662e+03  5.32585961e+03  2.24019613e+02 -2.59445966e+02
  3.44296604e+00  1.19957870e+02  6.01156975e+01  5.28367041e+03
  1.29016481e+04 -2.34458948e+03  5.27021395e+03  1.71675660e+02
  1.30778117e+02 -3.15602463e+01], current_reward=7.987616953388259
2025-03-30 10:46:51,656 - CRITICAL [PID 22604]- A0100 has been shot down! Total Steps=313
2025-03-30 10:46:51,657 - CRITICAL [PID 22604]- B0100 mission completed! Total Steps=313
2025-03-30 10:46:51,660 - INFO [PID 22604]- render_result: {'enm_distance': 8234.188883857456, 'enm_angle': 318.18340796509307, 'enm_alt': 14818.378264192634, 'enm_speed': 593.796407655392, 'enm_heading': 258.58261648261595, 'ego_alt': 17811.831944666294, 'ego_speed': 787.1224877969858, 'success': False, 'total_reward': 3.5895978004199485, 'total_steps': 313, 'state': None, 'obs': None}
2025-03-30 10:46:51,683 - INFO [PID 22604]- render txt name:./render_train/dodge2\env_8_pursue_rule_1.txt.acmi
2025-03-30 10:46:51,708 - INFO [PID 13028]- B0100 launch mission! Total Steps=315, obs=[ 1.64735475  0.90479313  0.42585138 -0.01408211  0.99990084  0.85312822
 -0.0065125   0.09596297  0.59301441 -0.03923171 -0.12126948  0.37190491
  0.58076138  0.42756233  1.          0.          0.          0.
  0.          0.          0.        ], state=[   120.13836635     59.9378312    8236.77376137  -6927.1719954
   7745.28054372   8228.33509266   -147.50709597    251.38180231
     15.97451712    120.1860883      59.90793285   8115.50428091
 -10255.71335537  10425.76262721   8098.78734892   -275.579474
     28.50673118     14.8417748 ], current_reward=14.160981428358978
2025-03-30 10:46:52,032 - INFO [PID 18772]- B0100 launch mission! Total Steps=331, obs=[ 1.46580906  0.68252587  0.73086144  0.03995572  0.99920145  0.97479225
 -0.03416627  0.08799079  0.71895762 -0.11474562 -0.00483337  0.26457023
  1.12578961  0.59581622  1.          0.          0.          0.
  0.          0.          0.        ], state=[ 1.19846496e+02  5.99862074e+01  7.32904529e+03 -1.52847641e+03
 -8.57892413e+03  7.32311404e+03 -1.55768392e+02 -2.94297686e+02
  6.82872769e-01  1.19742600e+02  5.99742699e+01  7.32421191e+03
 -2.84193838e+03 -1.43904874e+04  7.30740525e+03  2.30460605e+02
 -1.81616788e+02  5.42583313e+00], current_reward=12.260156811946281
2025-03-30 10:46:52,617 - INFO [PID 19324]- B0100 launch mission! Total Steps=366, obs=[ 1.58553932  0.24584901  0.96930814  0.0153906   0.99988156  1.04366947
 -0.03317255 -0.03077834  0.75026531 -0.27188368 -0.00607451  0.05040053
  0.31687234  0.56458114  1.          0.          0.          0.
  0.          0.          0.        ], state=[ 1.19760048e+02  6.00242234e+01  7.92769658e+03  2.72643464e+03
 -1.33960607e+04  7.91309987e+03  2.10489084e+02 -2.85499937e+02
 -1.83760928e+01  1.19679224e+02  6.00546674e+01  7.92162207e+03
  6.14157531e+03 -1.78917946e+04  7.89367056e+03  2.16014757e+02
 -1.49166038e+02  7.84153154e-01], current_reward=11.81341726303588
2025-03-30 10:46:52,748 - INFO [PID 20904]- B0100 launch mission! Total Steps=78, obs=[ 1.05367194 -0.89132171  0.45337139 -0.03559483  0.9993663   0.93738144
 -0.03580241  0.01240518  0.7546511  -0.51628805 -0.07074331  0.38909265
  0.94378479  0.460054   -1.          0.          0.          0.
  0.          0.          0.        ], state=[  119.9336091     60.01236352  5268.3597146   1380.44532647
 -3706.28020325  5267.13732247  -297.33345809   112.9332238
    24.09844128   119.98928027    59.98196041  5197.61640421
 -2011.41695021  -598.97313009  5197.27173302  -143.60702685
   -29.15511956     7.10143011], current_reward=0.5645270816204349
2025-03-30 10:46:53,463 - INFO [PID 6688]- B0100 launch mission! Total Steps=412, obs=[ 1.696005    0.32205788  0.94671998  0.01198212  0.99992821  1.02016729
 -0.01312648 -0.02426141  0.71163954 -0.27176685 -0.00546782  0.28842294
  0.12932169  0.53771011  1.          0.          0.          0.
  0.          0.          0.        ], state=[ 1.20108076e+02  5.99077810e+01  8.48002499e+03 -1.02829511e+04
  6.05540992e+03  8.46889015e+03 -3.28729899e+02  1.10248325e+02
 -1.34021414e+01  1.20111492e+02  5.98596117e+01  8.47455716e+03
 -1.56562892e+04  6.25586057e+03  8.45232663e+03 -2.58079160e+02
 -2.37220155e+01  1.75224873e+00], current_reward=13.45575419625616
2025-03-30 10:46:53,808 - INFO [PID 17744]- B0100 launch mission! Total Steps=357, obs=[ 1.28724704  0.40468966  0.91445409  0.01432172  0.99989744  1.01092165
 -0.04796701  0.05692605  0.77875642 -0.49079001 -0.03346693  0.16152742
  0.92880737  0.70229926  1.          0.          0.          0.
  0.          0.          0.        ], state=[ 1.19928738e+02  5.99910546e+01  6.43623521e+03 -9.95492746e+02
 -3.98147312e+03  6.43491934e+03 -1.81497127e+02 -2.92916574e+02
  6.17542874e+00  1.19812854e+02  5.99667112e+01  6.40276827e+03
 -3.69769447e+03 -1.04636630e+04  6.39314540e+03  8.97689230e+01
 -1.52135012e+02 -9.88474933e+00], current_reward=10.647152372475665
2025-03-30 10:46:53,864 - CRITICAL [PID 20904]- A0100 has been shot down! Total Steps=137
2025-03-30 10:46:53,865 - CRITICAL [PID 20904]- B0100 mission completed! Total Steps=137
2025-03-30 10:46:53,865 - INFO [PID 20904]- render_result: {'enm_distance': 6773.765399693522, 'enm_angle': 328.0787378690217, 'enm_alt': 18461.835184163017, 'enm_speed': 874.4342563212726, 'enm_heading': 209.84936518472173, 'ego_alt': 17504.92081587182, 'ego_speed': 444.98813376289456, 'success': False, 'total_reward': 0.3991311617196214, 'total_steps': 137, 'state': None, 'obs': None}
2025-03-30 10:46:53,885 - INFO [PID 20904]- render txt name:./render_train/dodge2\env_0_pursue_rule_2.txt.acmi
2025-03-30 10:46:53,973 - INFO [PID 18880]- B0100 launch mission! Total Steps=152, obs=[ 1.26313701 -0.13745456  0.99050807  0.04971946  0.99876322  0.97439076
 -0.00967966 -0.0128139   0.74998617 -0.59181833 -0.00588948  0.06292633
  0.84555412  0.44525567  1.          0.          0.          0.
  0.          0.          0.        ], state=[ 1.19934677e+02  6.00252595e+01  6.31568504e+03  2.81881019e+03
 -3.64583136e+03  6.31402493e+03 -3.30559164e+02  1.01046047e+01
 -2.03299215e+01  1.19935723e+02  5.99853378e+01  6.30979556e+03
 -1.63341530e+03 -3.59180001e+03  6.30857897e+03 -8.89617699e+01
 -9.79219764e+01  1.86782340e+00], current_reward=3.06168995193571
2025-03-30 10:46:54,071 - INFO [PID 9664]- B0100 launch mission! Total Steps=443, obs=[ 1.643443   -0.07115252  0.99746545  0.06190436  0.99808209  1.00976451
 -0.02237796  0.00354767  0.71266733 -0.51279762 -0.01402126  0.13084277
  0.17175718  0.50318352 -1.          0.          0.          0.
  0.          0.          0.        ], state=[   119.96651453     59.91832643   8217.21501129  -9110.61832941
  -1875.50007368   8210.44719098   -293.1526013     177.78853074
    -19.51183162    120.02192548     59.8828331    8203.19374881
 -13070.2777253    1229.34018362   8189.71194708   -137.94824728
     96.86554247     27.09731441], current_reward=2.1589958528028994
2025-03-30 10:46:54,212 - CRITICAL [PID 13028]- A0100 has been shot down! Total Steps=450
2025-03-30 10:46:54,213 - CRITICAL [PID 13028]- B0100 mission completed! Total Steps=450
2025-03-30 10:46:54,214 - INFO [PID 13028]- render_result: {'enm_distance': 14868.558470508295, 'enm_angle': 141.6388448933093, 'enm_alt': 24164.587087709646, 'enm_speed': 416.0360144021546, 'enm_heading': 262.0677759827373, 'ego_alt': 28104.049488245582, 'ego_speed': 708.4770296874085, 'success': False, 'total_reward': 11.58470587288838, 'total_steps': 450, 'state': None, 'obs': None}
2025-03-30 10:46:54,239 - INFO [PID 13028]- render txt name:./render_train/dodge2\env_1_pursue_rule_1.txt.acmi
2025-03-30 10:46:54,401 - INFO [PID 11640]- B0100 launch mission! Total Steps=364, obs=[ 0.94380317  0.00639561  0.99997955  0.04084499  0.9991655   1.02693528
 -0.01009831  0.00123934  0.85245855 -0.46579302 -0.00553016  0.0592319
  0.68479079  0.70679346  1.          0.          0.          0.
  0.          0.          0.        ], state=[ 1.20094586e+02  6.00000926e+01  4.71901587e+03  1.40951515e+01
  5.28176862e+03  4.71683603e+03 -1.68307933e+02  3.05619943e+02
 -1.38622818e+01  1.20202348e+02  5.99668849e+01  4.71348571e+03
 -3.67484255e+03  1.13106351e+04  4.70243244e+03 -1.80769123e+02
  6.34246845e+01  5.21351314e+00], current_reward=9.856390637222178
2025-03-30 10:46:54,719 - CRITICAL [PID 19324]- A0100 has been shot down! Total Steps=471
2025-03-30 10:46:54,719 - CRITICAL [PID 19324]- B0100 mission completed! Total Steps=471
2025-03-30 10:46:54,723 - INFO [PID 19324]- render_result: {'enm_distance': 19084.917595810126, 'enm_angle': 202.02688758297262, 'enm_alt': 28115.907911563518, 'enm_speed': 833.4757239194071, 'enm_heading': 289.2116666678566, 'ego_alt': 26533.709553150045, 'ego_speed': 803.4320709399433, 'success': False, 'total_reward': 11.88555545652218, 'total_steps': 471, 'state': None, 'obs': None}
2025-03-30 10:46:54,749 - INFO [PID 19324]- render txt name:./render_train/dodge2\env_10_pursue_rule_1.txt.acmi
2025-03-30 10:46:54,799 - INFO [PID 17420]- B0100 launch mission! Total Steps=474, obs=[ 0.91173023 -0.12395624  0.99228768 -0.01109644  0.99993843  1.00138512
 -0.00908333 -0.01572293  0.83564198 -0.51424    -0.04295572  0.2531807
  0.68755971  0.59218537  1.          0.          0.          0.
  0.          0.          0.        ], state=[ 1.19870353e+02  6.00180028e+01  4.55865115e+03  2.01426297e+03
 -7.23554226e+03  4.55424271e+03  5.96623826e+01 -3.35257616e+02
 -1.14343064e+00  1.19773722e+02  6.00399775e+01  4.51569543e+03
  4.47873142e+03 -1.26199627e+04  4.50168044e+03  1.54190576e+02
 -7.53247451e+01 -6.67196104e+00], current_reward=11.119308571595795
2025-03-30 10:46:55,141 - CRITICAL [PID 18880]- A0100 has been shot down! Total Steps=204
2025-03-30 10:46:55,141 - CRITICAL [PID 18880]- B0100 mission completed! Total Steps=204
2025-03-30 10:46:55,142 - INFO [PID 18880]- render_result: {'enm_distance': 8453.824679917025, 'enm_angle': 0.745401832229815, 'enm_alt': 26659.89475874474, 'enm_speed': 858.7196560060281, 'enm_heading': 299.2747071898484, 'ego_alt': 20566.690235840644, 'ego_speed': 426.1124823868113, 'success': False, 'total_reward': 6.011368960828342, 'total_steps': 204, 'state': None, 'obs': None}
2025-03-30 10:46:55,162 - INFO [PID 18880]- render txt name:./render_train/dodge2\env_3_pursue_rule_2.txt.acmi
2025-03-30 10:46:55,236 - CRITICAL [PID 25956]- A0100 dodge succeeded! Total Steps=494
2025-03-30 10:46:55,240 - INFO [PID 25956]- render_result: {'enm_distance': 10595.733582295343, 'enm_angle': 103.99129594254947, 'enm_alt': 25815.77937194713, 'enm_speed': 555.3012461008227, 'enm_heading': 66.11953583659512, 'ego_alt': 18222.5952727565, 'ego_speed': 912.8752998440578, 'success': True, 'total_reward': 211.0255485084823, 'total_steps': 494, 'state': {'my_lat': 120.04752147439498, 'my_lon': 60.19572837595631, 'my_alt': 5676.30870559027, 'my_x': 21827.16716530788, 'my_y': 2638.359079731451, 'my_z': 5638.48109186408, 'my_vx': 246.38308233541858, 'my_vy': 172.21312230641786, 'my_vz': -20.80683693780168, 'enemy_lat': 120.00903390720845, 'enemy_lon': 60.15498879648902, 'enemy_alt': 5598.84995486464, 'enemy_x': 17283.018722536166, 'enemy_y': 502.17163320698546, 'enemy_z': 5575.4542577534685, 'enemy_vx': 276.3182162776882, 'enemy_vy': 98.47773868937658, 'enemy_vz': -24.070515444870278}, 'obs': array([ 1.13526174,  0.20041244,  0.97971162,  0.02211682,  0.99975539,
        0.88514918, -0.02223091, -0.03794456,  0.69624724, -0.020291  ,
       -0.07745875,  2.95256914,  3.00623247,  0.50216087,  1.        ,
        0.        ,  0.        ,  0.        ,  0.        ,  0.        ,
        0.        ])}
2025-03-30 10:46:55,262 - INFO [PID 25956]- render txt name:./render_train/dodge2\env_12_pursue_rule_1.txt.acmi
2025-03-30 10:46:55,635 - CRITICAL [PID 9664]- A0100 has been shot down! Total Steps=512
2025-03-30 10:46:55,635 - CRITICAL [PID 9664]- B0100 mission completed! Total Steps=512
2025-03-30 10:46:55,640 - INFO [PID 9664]- render_result: {'enm_distance': 7269.893669554231, 'enm_angle': 181.85032819009842, 'enm_alt': 16856.12915513788, 'enm_speed': 788.2674587030424, 'enm_heading': 71.33252581866041, 'ego_alt': 29403.665753433044, 'ego_speed': 421.8695339350239, 'success': False, 'total_reward': 3.3365053049673463, 'total_steps': 512, 'state': None, 'obs': None}
2025-03-30 10:46:55,665 - INFO [PID 9664]- render txt name:./render_train/dodge2\env_14_pursue_rule_1.txt.acmi
2025-03-30 10:46:56,081 - INFO [PID 18880]- B0100 launch mission! Total Steps=41, obs=[ 1.3504332   0.29851771  0.9544041  -0.1028291   0.99469904  0.73951923
 -0.02187203  0.06528117  0.54568135 -0.31891951 -0.08384501  0.31454163
  2.44323363  0.52013843  1.          0.          0.          0.
  0.          0.          0.        ], state=[ 1.19912103e+02  6.00321484e+01  6.75216599e+03  3.58878099e+03
 -4.90505830e+03  6.74927888e+03 -5.75074145e+01  2.41788062e+02
  4.47181142e+01  1.19994658e+02  6.00105363e+01  6.66832098e+03
  1.17510731e+03 -2.98323526e+02  6.66820598e+03  1.33490251e+02
 -5.49648889e+01 -2.61030477e+00], current_reward=3.2117134463907018
2025-03-30 10:46:56,246 - CRITICAL [PID 6688]- A0100 has been shot down! Total Steps=540
2025-03-30 10:46:56,246 - CRITICAL [PID 6688]- B0100 mission completed! Total Steps=540
2025-03-30 10:46:56,249 - INFO [PID 6688]- render_result: {'enm_distance': 14136.64708180512, 'enm_angle': 279.122886878324, 'enm_alt': 17348.793597682983, 'enm_speed': 906.0394349057858, 'enm_heading': 137.48947146211023, 'ego_alt': 26887.72932400571, 'ego_speed': 838.9834164486698, 'success': False, 'total_reward': 11.99286107267899, 'total_steps': 540, 'state': None, 'obs': None}
2025-03-30 10:46:56,250 - CRITICAL [PID 17744]- A0100 has been shot down! Total Steps=467
2025-03-30 10:46:56,250 - CRITICAL [PID 17744]- B0100 mission completed! Total Steps=467
2025-03-30 10:46:56,252 - INFO [PID 17744]- render_result: {'enm_distance': 15757.079520404102, 'enm_angle': 354.7707826350397, 'enm_alt': 22351.412545590058, 'enm_speed': 741.4404616387981, 'enm_heading': 32.44461132377264, 'ego_alt': 21484.392110451285, 'ego_speed': 540.5364547356371, 'success': False, 'total_reward': 11.56435088874376, 'total_steps': 467, 'state': None, 'obs': None}
2025-03-30 10:46:56,277 - INFO [PID 6688]- render txt name:./render_train/dodge2\env_11_pursue_rule_1.txt.acmi
2025-03-30 10:46:56,277 - INFO [PID 17744]- render txt name:./render_train/dodge2\env_13_pursue_rule_2.txt.acmi
2025-03-30 10:46:56,419 - CRITICAL [PID 18772]- A0100 dodge succeeded! Total Steps=546
2025-03-30 10:46:56,420 - INFO [PID 18772]- render_result: {'enm_distance': 12319.927461034842, 'enm_angle': 6.998885628821601, 'enm_alt': 16894.627539862333, 'enm_speed': 679.5688193609104, 'enm_heading': 280.4588384252302, 'ego_alt': 24073.198093424442, 'ego_speed': 902.5752163283898, 'success': True, 'total_reward': 210.3162373015117, 'total_steps': 546, 'state': {'my_lat': 119.54072299998316, 'my_lon': 60.02812618959746, 'my_alt': 7783.909133019555, 'my_x': 3226.416202416367, 'my_y': -25636.797241417145, 'my_z': 7731.763309401259, 'my_vx': 109.90448826080616, 'my_vy': -292.98905364616144, 'my_vz': 19.343969771568602, 'enemy_lat': 119.62214428937948, 'enemy_lon': 60.00879973144394, 'enemy_alt': 7765.359486213112, 'enemy_x': 1041.8577782181978, 'enemy_y': -21104.195468550726, 'enemy_z': 7730.489356021014, 'enemy_vx': 120.89922837495455, 'enemy_vy': -283.175104026273, 'enemy_vz': -4.802542613189834}, 'obs': array([ 1.55678183, -0.0714057 ,  0.99744736, -0.1079077 ,  0.99416092,
        0.92099443, -0.01278746, -0.04376272,  0.65734998, -0.01563701,
       -0.01854965,  3.03244048,  3.09331627,  0.50315779, -1.        ,
        0.        ,  0.        ,  0.        ,  0.        ,  0.        ,
        0.        ])}
2025-03-30 10:46:56,448 - INFO [PID 18772]- render txt name:./render_train/dodge2\env_4_pursue_rule_1.txt.acmi
2025-03-30 10:46:56,657 - INFO [PID 22452]- B0100 launch mission! Total Steps=383, obs=[ 1.02985289  0.26828732  0.96333894  0.02835775  0.99959784  1.00833872
 -0.00961618  0.01329629  0.82051658 -0.2686686  -0.02252747  0.3342442
  0.88230829  0.59517255  1.          0.          0.          0.
  0.          0.          0.        ], state=[ 1.20128933e+02  5.99290762e+01  5.14926446e+03 -7.90108578e+03
  7.21564223e+03  5.14031058e+03 -2.99338492e+02 -1.67106363e+02
 -6.24559532e+00  1.20049467e+02  5.98936264e+01  5.12673699e+03
 -1.18597047e+04  2.77134941e+03  5.11512870e+03  3.81186251e+01
 -2.48273131e+02 -2.05028253e+01], current_reward=13.07671316985383
2025-03-30 10:46:56,723 - CRITICAL [PID 2056]- A0100 dodge succeeded! Total Steps=561
2025-03-30 10:46:56,724 - INFO [PID 2056]- render_result: {'enm_distance': 13304.039314532023, 'enm_angle': 54.20234970379202, 'enm_alt': 26343.486422938317, 'enm_speed': 502.18444236999596, 'enm_heading': 220.5133006287847, 'ego_alt': 20089.427540063883, 'ego_speed': 998.5708079192135, 'success': True, 'total_reward': 450.22887625316093, 'total_steps': 561, 'state': {'my_lat': 120.21313755607986, 'my_lon': 60.210246693412714, 'my_alt': 7159.037060875413, 'my_x': 23469.714394478535, 'my_y': 11830.736282191358, 'my_z': 7105.008268245183, 'my_vx': -144.8879241627664, 'my_vy': 250.31272927220377, 'my_vz': 1.4435771659222736, 'enemy_lat': 120.12668289129134, 'enemy_lon': 60.20826214593359, 'enemy_alt': 7114.611430068738, 'enemy_x': 23235.872301657775, 'enemy_y': 7032.239036208766, 'enemy_z': 7068.506693099973, 'enemy_vx': 67.81589496835296, 'enemy_vy': 282.2587815120467, 'enemy_vz': -16.621728108832887}, 'obs': array([ 1.43180741e+00,  3.70156988e-02,  9.99314684e-01, -8.85041739e-02,
        9.96075806e-01,  8.47443055e-01, -2.30929445e-02, -7.02285154e-02,
        6.19831434e-01,  2.17695327e-04, -4.44256308e-02,  2.56819865e+00,
        2.94367805e+00,  4.80433037e-01,  1.00000000e+00,  0.00000000e+00,
        0.00000000e+00,  0.00000000e+00,  0.00000000e+00,  0.00000000e+00,
        0.00000000e+00])}
2025-03-30 10:46:56,761 - INFO [PID 2056]- render txt name:./render_train/dodge2\env_5_pursue_rule_1.txt.acmi
2025-03-30 10:46:57,011 - CRITICAL [PID 17420]- A0100 has been shot down! Total Steps=573
2025-03-30 10:46:57,011 - CRITICAL [PID 17420]- B0100 mission completed! Total Steps=573
2025-03-30 10:46:57,012 - INFO [PID 17420]- render_result: {'enm_distance': 9139.690337101913, 'enm_angle': 70.44963015413796, 'enm_alt': 29411.628772737247, 'enm_speed': 846.8409771222668, 'enm_heading': 45.874720049808985, 'ego_alt': 14682.63648765398, 'ego_speed': 571.8371788849012, 'success': False, 'total_reward': 11.305931570487315, 'total_steps': 573, 'state': None, 'obs': None}
2025-03-30 10:46:57,039 - INFO [PID 17420]- render txt name:./render_train/dodge2\env_2_pursue_rule_1.txt.acmi
2025-03-30 10:46:57,073 - CRITICAL [PID 18880]- A0100 has been shot down! Total Steps=85
2025-03-30 10:46:57,073 - CRITICAL [PID 18880]- B0100 mission completed! Total Steps=85
2025-03-30 10:46:57,079 - INFO [PID 18880]- render_result: {'enm_distance': 7596.9831444522115, 'enm_angle': 297.94347614464283, 'enm_alt': 23278.884215009137, 'enm_speed': 678.7185766434786, 'enm_heading': 76.46652487885457, 'ego_alt': 21639.401345542425, 'ego_speed': 510.6540024382052, 'success': False, 'total_reward': -27.172771140697343, 'total_steps': 85, 'state': None, 'obs': None}
2025-03-30 10:46:57,097 - INFO [PID 18880]- render txt name:./render_train/dodge2\env_3_pursue_rule_3.txt.acmi
2025-03-30 10:46:57,596 - INFO [PID 8496]- B0100 launch mission! Total Steps=596, obs=[ 1.45287194  0.0671402   0.99774355  0.04772909  0.99886032  0.99811998
 -0.02431228 -0.0161967   0.73689073 -0.21492997 -0.00603104  0.25637029
  0.63092835  0.54093599  1.          0.          0.          0.
  0.          0.          0.        ], state=[ 1.20309723e+02  6.00392796e+01  7.26435968e+03  4.42166969e+03
  1.72815618e+04  7.23950318e+03 -2.08295138e+02  2.67175831e+02
 -2.22399326e+01  1.20368726e+02  6.00008119e+01  7.25832864e+03
  1.47962554e+02  2.05976434e+04  7.22518891e+03 -2.66416641e+02
  8.18620869e+00 -1.43866304e+01], current_reward=13.923233709437822
2025-03-30 10:46:57,735 - INFO [PID 24792]- B0100 launch mission! Total Steps=604, obs=[ 1.60504448  0.61779974  0.78633548  0.01742399  0.99984819  1.02902659
 -0.0112146   0.02439684  0.7347091  -0.22938192 -0.00569734  0.25805946
  0.75187215  0.58867715  1.          0.          0.          0.
  0.          0.          0.        ], state=[ 1.19887454e+02  5.98177750e+01  8.02522239e+03 -2.03219296e+04
 -6.32246625e+03  7.98979297e+03 -1.66769797e+02 -3.07694331e+02
 -1.92979868e+00  1.19785715e+02  5.98051743e+01  8.01952505e+03
 -2.17133778e+04 -1.20423971e+04  7.97131591e+03  1.32863009e+02
 -2.36862726e+02  1.56618501e+01], current_reward=13.519183279542919
2025-03-30 10:46:57,925 - CRITICAL [PID 11640]- A0100 has been shot down! Total Steps=520
2025-03-30 10:46:57,925 - CRITICAL [PID 11640]- B0100 mission completed! Total Steps=520
2025-03-30 10:46:57,927 - INFO [PID 11640]- render_result: {'enm_distance': 19050.883728226174, 'enm_angle': 303.72115754700775, 'enm_alt': 18371.042420483373, 'enm_speed': 803.4379979217717, 'enm_heading': 117.78217722773768, 'ego_alt': 14479.72719467135, 'ego_speed': 732.1232048996828, 'success': False, 'total_reward': 12.822184150967434, 'total_steps': 520, 'state': None, 'obs': None}
2025-03-30 10:46:57,953 - INFO [PID 11640]- render txt name:./render_train/dodge2\env_7_pursue_rule_2.txt.acmi
2025-03-30 10:46:58,633 - INFO [PID 19324]- B0100 launch mission! Total Steps=178, obs=[ 1.35486427  0.01145374  0.9999344  -0.07101252  0.99747542  1.00110225
 -0.01027314  0.01991281  0.75645261 -0.23281541  0.00492299  0.10154017
  0.15778628  0.74961749 -1.          0.          0.          0.
  0.          0.          0.        ], state=[ 120.06255974   60.04774282 6774.32134804 5326.44966419 3489.49500414
 6771.1503272  -288.05117979  178.84554627   30.88378208  120.13842821
   59.9922874  6779.24433857 -852.09861433 7734.27624361 6774.51488391
 -194.94957373  172.44573709  -25.99379039], current_reward=7.466832524330176
2025-03-30 10:46:59,013 - INFO [PID 17744]- B0100 launch mission! Total Steps=124, obs=[ 1.55289016  0.18254757  0.98319702 -0.16346136  0.98654974  0.8010639
 -0.02914067 -0.01531777  0.56317165  0.03398396 -0.25801379  0.3319644
  1.74729773  0.59101957  1.          0.          0.          0.
  0.          0.          0.        ], state=[ 1.20067403e+02  5.99264266e+01  7.76445078e+03 -8.20498148e+03
  3.77401398e+03  7.75807161e+03  6.69062969e-01 -2.69973367e+02
  3.76846362e+01  1.19966063e+02  5.99411105e+01  7.50643699e+03
 -6.56821202e+03 -1.89927657e+03  7.50278004e+03 -2.83069381e+02
 -2.99682023e+01  8.75739219e+00], current_reward=3.6342709997496296
2025-03-30 10:46:59,778 - INFO [PID 22604]- B0100 launch mission! Total Steps=392, obs=[ 1.61857577e+00  2.27419212e-01  9.73796951e-01  3.92891232e-02
  9.99227884e-01  9.94034046e-01 -1.73838141e-02  6.39259322e-04
  7.04506076e-01 -1.11907668e-01 -9.90301987e-03  1.47355163e-01
  9.49539583e-01  5.54947297e-01  1.00000000e+00  0.00000000e+00
  0.00000000e+00  0.00000000e+00  0.00000000e+00  0.00000000e+00
  0.00000000e+00], state=[ 1.20287101e+02  6.00056751e+01  8.09287883e+03  6.67875001e+02
  1.60376841e+04  8.07275682e+03  2.29128141e+02  2.48097576e+02
 -1.44102400e+01  1.20369219e+02  6.00336973e+01  8.08297581e+03
  3.81655666e+03  2.06073530e+04  8.04867138e+03 -1.00869913e+02
  2.81707457e+02  2.21639466e+01], current_reward=3.432838941823068
2025-03-30 10:47:00,225 - CRITICAL [PID 17744]- A0100 has been shot down! Total Steps=186
2025-03-30 10:47:00,225 - CRITICAL [PID 17744]- B0100 mission completed! Total Steps=186
2025-03-30 10:47:00,226 - INFO [PID 17744]- render_result: {'enm_distance': 8253.77164511889, 'enm_angle': 122.91285272280344, 'enm_alt': 19576.926526840274, 'enm_speed': 958.8488806129583, 'enm_heading': 144.14453478546602, 'ego_alt': 24899.490669914274, 'ego_speed': 893.5748738105253, 'success': False, 'total_reward': 4.114049721635142, 'total_steps': 186, 'state': None, 'obs': None}
2025-03-30 10:47:00,247 - INFO [PID 17744]- render txt name:./render_train/dodge2\env_13_pursue_rule_3.txt.acmi
2025-03-30 10:47:00,487 - INFO [PID 18772]- B0100 launch mission! Total Steps=193, obs=[ 1.71604407  0.56021941  0.82834426  0.02445622  0.9997009   0.79383156
  0.01030302  0.02383338  0.53410885 -0.3308083  -0.06157462  0.38518453
  0.87179725  0.10848296  1.          0.          0.          0.
  0.          0.          0.        ], state=[ 1.19925939e+02  6.00229917e+01  8.58022034e+03  2.56732336e+03
 -4.13528738e+03  8.57836937e+03  4.95784234e+01 -2.65448879e+02
  2.07143083e+00  1.19909536e+02  6.00281749e+01  8.51864572e+03
  3.14668181e+03 -5.05032513e+03  8.51587940e+03 -4.89804012e+01
 -1.53454777e+02 -9.64553423e+00], current_reward=-2.19262155251168
2025-03-30 10:47:00,664 - CRITICAL [PID 22452]- A0100 dodge succeeded! Total Steps=574
2025-03-30 10:47:00,665 - INFO [PID 22452]- render_result: {'enm_distance': 15125.690203289785, 'enm_angle': 85.7362993128127, 'enm_alt': 17333.82373315632, 'enm_speed': 715.4265374455949, 'enm_heading': 71.1826982066635, 'ego_alt': 15389.578200701286, 'ego_speed': 963.0623054104612, 'success': True, 'total_reward': 212.27686521214656, 'total_steps': 574, 'state': {'my_lat': 119.86070443251484, 'my_lon': 59.90760014653821, 'my_alt': 5543.403201220608, 'my_x': -10295.129287554128, 'my_y': -7801.1067573080045, 'my_z': 5530.353764495921, 'my_vx': 137.46545367554214, 'my_vy': -276.1955802592166, 'my_vz': -24.91805064132478, 'enemy_lat': 119.94562273648656, 'enemy_lon': 59.89640155064504, 'enemy_alt': 5532.732007604223, 'enemy_x': -11550.794658822719, 'enemy_y': -3046.3661962574997, 'enemy_z': 5521.56541006527, 'enemy_vx': 47.975148551307676, 'enemy_vy': -301.9667082599419, 'enemy_vz': -20.20019886348869}, 'obs': array([ 1.10868064, -0.29259939,  0.95623512,  0.10278926,  0.99470316,
        0.9100517 ,  0.00474662,  0.02274741,  0.72128038, -0.01060391,
       -0.01067119,  2.9221382 ,  3.02033269,  0.49177567,  1.        ,
        0.        ,  0.        ,  0.        ,  0.        ,  0.        ,
        0.        ])}
2025-03-30 10:47:00,695 - INFO [PID 22452]- render txt name:./render_train/dodge2\env_15_pursue_rule_2.txt.acmi
2025-03-30 10:47:00,818 - CRITICAL [PID 18772]- A0100 has been shot down! Total Steps=208
2025-03-30 10:47:00,818 - CRITICAL [PID 18772]- B0100 mission completed! Total Steps=208
2025-03-30 10:47:00,819 - INFO [PID 18772]- render_result: {'enm_distance': 6463.090538406691, 'enm_angle': 339.2252138525593, 'enm_alt': 28446.356112476024, 'enm_speed': 601.4604478255769, 'enm_heading': 81.05905292036127, 'ego_alt': 27322.711680556466, 'ego_speed': 723.7760947299738, 'success': False, 'total_reward': -3.494730461061957, 'total_steps': 208, 'state': None, 'obs': None}
2025-03-30 10:47:00,841 - INFO [PID 18772]- render txt name:./render_train/dodge2\env_4_pursue_rule_2.txt.acmi
2025-03-30 10:47:01,114 - INFO [PID 13028]- B0100 launch mission! Total Steps=319, obs=[ 1.19011452e+00  3.39314460e-01  9.40673002e-01  5.52866332e-02
  9.98470524e-01  1.01768256e+00  1.57428323e-04  1.10861925e-02
  7.99661444e-01 -4.92502827e-01 -5.31131150e-03  2.99137425e-01
  9.38368729e-01  5.79137587e-01  1.00000000e+00  0.00000000e+00
  0.00000000e+00  0.00000000e+00  0.00000000e+00  0.00000000e+00
  0.00000000e+00], state=[ 1.20043369e+02  5.99464162e+01  5.95057259e+03 -5.97464031e+03
  2.42614629e+03  5.94731934e+03  2.98834076e+01  3.44387972e+02
 -1.55714473e+01  1.20144581e+02  5.99355399e+01  5.94526128e+03
 -7.17946366e+03  8.09080070e+03  5.93611361e+03 -1.62879292e+02
  7.33827928e+01  5.62056400e+00], current_reward=13.644876823290561
2025-03-30 10:47:01,535 - CRITICAL [PID 8496]- A0100 has been shot down! Total Steps=786
2025-03-30 10:47:01,535 - CRITICAL [PID 8496]- B0100 mission completed! Total Steps=786
2025-03-30 10:47:01,536 - INFO [PID 8496]- render_result: {'enm_distance': 18703.7605220036, 'enm_angle': 156.76813335802078, 'enm_alt': 20398.489317982145, 'enm_speed': 715.5772013802775, 'enm_heading': 247.0066080379086, 'ego_alt': 22509.314907829445, 'ego_speed': 913.7749126270836, 'success': False, 'total_reward': 13.283834336010587, 'total_steps': 786, 'state': None, 'obs': None}
2025-03-30 10:47:01,566 - INFO [PID 8496]- render txt name:./render_train/dodge2\env_6_pursue_rule_1.txt.acmi
2025-03-30 10:47:02,614 - INFO [PID 9664]- B0100 launch mission! Total Steps=333, obs=[ 1.47113548  0.74373791  0.66847134  0.06488683  0.99789263  0.93082859
 -0.00858584  0.07288575  0.68078197 -0.34135543 -0.00232057  0.32416926
  1.11664074  0.5640277   1.          0.          0.          0.
  0.          0.          0.        ], state=[ 1.20079490e+02  5.99791368e+01  7.35567739e+03 -2.32442504e+03
  4.44345057e+03  7.35371254e+03  9.67820294e+01  3.02288702e+02
 -6.17144500e+00  1.20180377e+02  5.99783374e+01  7.35335682e+03
 -2.40251569e+03  1.00831802e+04  7.34496415e+03 -1.81657784e+02
  8.56132263e+01  3.51927364e+00], current_reward=13.433368082469013
2025-03-30 10:47:02,618 - CRITICAL [PID 24792]- A0100 dodge succeeded! Total Steps=845
2025-03-30 10:47:02,620 - INFO [PID 24792]- render_result: {'enm_distance': 18794.459259165058, 'enm_angle': 69.64346208906494, 'enm_alt': 18163.830865113836, 'enm_speed': 889.8964270531542, 'enm_heading': 295.04770357675625, 'ego_alt': 25505.08135500052, 'ego_speed': 683.8987995122299, 'success': True, 'total_reward': 210.9547870728987, 'total_steps': 845, 'state': {'my_lat': 119.53784205728137, 'my_lon': 59.85215504414343, 'my_alt': 8369.00090034095, 'my_x': -16402.54352159076, 'my_y': -25937.012818661995, 'my_z': 8295.418256759704, 'my_vx': 83.45787002545411, 'my_vy': -320.8131325880782, 'my_vz': 4.037184166843887, 'enemy_lat': 119.62740207289113, 'enemy_lon': 59.83718050799296, 'enemy_alt': 8363.975628178507, 'enemy_x': -18104.700667575016, 'enemy_y': -20920.22337609433, 'enemy_z': 8304.156132996595, 'enemy_vx': 105.66396479448788, 'enemy_vy': -310.631320627968, 'enemy_vz': 10.908613155883131}, 'obs': array([ 1.67380018e+00,  6.98733794e-01,  7.15381775e-01,  4.32594304e-02,
        9.99063873e-01,  9.71920897e-01, -2.57696805e-03,  7.79583073e-02,
        6.79946049e-01, -6.42784312e-03, -5.02527216e-03,  3.06768896e+00,
        3.10670014e+00,  5.29769682e-01, -1.00000000e+00,  0.00000000e+00,
        0.00000000e+00,  0.00000000e+00,  0.00000000e+00,  0.00000000e+00,
        0.00000000e+00])}
2025-03-30 10:47:02,652 - INFO [PID 24792]- render txt name:./render_train/dodge2\env_9_pursue_rule_1.txt.acmi
2025-03-30 10:47:03,023 - CRITICAL [PID 13028]- A0100 has been shot down! Total Steps=411
2025-03-30 10:47:03,024 - CRITICAL [PID 13028]- B0100 mission completed! Total Steps=411
2025-03-30 10:47:03,027 - INFO [PID 13028]- render_result: {'enm_distance': 17492.83413259354, 'enm_angle': 241.47457870355012, 'enm_alt': 19739.032065182037, 'enm_speed': 901.5231847536922, 'enm_heading': 185.70615827896995, 'ego_alt': 19961.846747309948, 'ego_speed': 510.9709802460265, 'success': False, 'total_reward': 11.190090535061259, 'total_steps': 411, 'state': None, 'obs': None}
2025-03-30 10:47:03,052 - INFO [PID 13028]- render txt name:./render_train/dodge2\env_1_pursue_rule_2.txt.acmi
2025-03-30 10:47:03,203 - CRITICAL [PID 22604]- A0100 has been shot down! Total Steps=557
2025-03-30 10:47:03,204 - CRITICAL [PID 22604]- B0100 mission completed! Total Steps=557
2025-03-30 10:47:03,209 - INFO [PID 22604]- render_result: {'enm_distance': 7708.125463653761, 'enm_angle': 50.087892196068935, 'enm_alt': 17872.949020788466, 'enm_speed': 524.8780136202666, 'enm_heading': 213.40004364456775, 'ego_alt': 28148.882162224276, 'ego_speed': 839.9051449993469, 'success': False, 'total_reward': 2.833372318874071, 'total_steps': 557, 'state': None, 'obs': None}
2025-03-30 10:47:03,237 - INFO [PID 22604]- render txt name:./render_train/dodge2\env_8_pursue_rule_2.txt.acmi
2025-03-30 10:47:03,387 - INFO [PID 17420]- B0100 launch mission! Total Steps=304, obs=[ 1.77610574e+00 -3.73879844e-02  9.99300825e-01  6.13626861e-02
  9.98115535e-01  9.96766702e-01 -1.80285999e-02  1.14191815e-03
  6.79465943e-01 -4.34543529e-01 -8.28300582e-03  5.67953109e-02
  5.37738632e-01  5.03585829e-01  1.00000000e+00  0.00000000e+00
  0.00000000e+00  0.00000000e+00  0.00000000e+00  0.00000000e+00
  0.00000000e+00], state=[ 1.19884556e+02  6.00133569e+01  8.88052868e+03  1.49582411e+03
 -6.44813392e+03  8.87710692e+03 -9.16903183e+01 -3.25694724e+02
 -2.01798602e+01  1.19797737e+02  6.00012125e+01  8.87224568e+03
  1.52546289e+02 -1.13015094e+04  8.86227021e+03  5.00881492e+01
 -1.84320799e+02  9.53837080e+00], current_reward=9.315389654269747
2025-03-30 10:47:03,875 - CRITICAL [PID 19324]- A0100 dodge succeeded! Total Steps=432
2025-03-30 10:47:03,877 - INFO [PID 19324]- render_result: {'enm_distance': 10693.956553059688, 'enm_angle': 342.79290145640124, 'enm_alt': 27883.549758306093, 'enm_speed': 809.6880568023721, 'enm_heading': 38.912990360766756, 'ego_alt': 21898.826346923484, 'ego_speed': 895.3089398642796, 'success': True, 'total_reward': 277.4433607550535, 'total_steps': 432, 'state': {'my_lat': 120.17673090392229, 'my_lon': 59.86700313690972, 'my_alt': 7344.308491169036, 'my_x': -14821.129262346783, 'my_y': 9912.496189439698, 'my_z': 7319.447657974777, 'my_vx': -218.1656258393359, 'my_vy': -202.45362235416073, 'my_vz': -28.619726852873608, 'enemy_lat': 120.18593235185115, 'enemy_lon': 59.92517605297321, 'enemy_alt': 7282.824589091519, 'enemy_x': -8331.139591247122, 'enemy_y': 10410.269941291404, 'enemy_z': 7268.929446646592, 'enemy_vx': -295.37263976617294, 'enemy_vy': 3.5463255633076685, 'enemy_vz': -41.912058044758275}, 'obs': array([ 1.46886170e+00,  9.48750060e-01, -3.16027409e-01,  1.32680320e-01,
        9.91158884e-01,  8.72196366e-01,  6.42951148e-02,  9.23051699e-02,
        6.37162995e-01,  5.50164784e-04, -6.14839021e-02,  2.46310186e+00,
        2.96865935e+00,  6.50924702e-01,  1.00000000e+00,  0.00000000e+00,
        0.00000000e+00,  0.00000000e+00,  0.00000000e+00,  0.00000000e+00,
        0.00000000e+00])}
2025-03-30 10:47:03,900 - INFO [PID 19324]- render txt name:./render_train/dodge2\env_10_pursue_rule_2.txt.acmi
2025-03-30 10:47:03,931 - INFO [PID 8496]- B0100 launch mission! Total Steps=119, obs=[ 1.62019631  0.92135797  0.38871518 -0.01578085  0.99987547  0.88069415
 -0.00296066  0.09587416  0.61850866 -0.42757851 -0.10117956  0.38257615
  2.7453437   0.14959322  1.          0.          0.          0.
  0.          0.          0.        ], state=[ 1.19981114e+02  6.00448912e+01  8.10098154e+03  5.00794749e+03
 -1.05376370e+03  8.09893289e+03 -1.59104946e+02  2.55225301e+02
  1.64674656e+01  1.19997313e+02  6.00342453e+01  7.99980198e+03
  3.82014275e+03 -1.49950561e+02  7.99865859e+03  1.51216224e+02
 -3.96348355e+01  3.44092920e+00], current_reward=14.322439701989367
2025-03-30 10:47:03,948 - INFO [PID 18772]- B0100 launch mission! Total Steps=152, obs=[ 1.54789624  0.84474138  0.53517474 -0.2011889   0.97955246  0.7505705
 -0.02052614  0.1268867   0.53293869 -0.3079334  -0.20387021  0.46346923
  0.4169207   0.57001444  1.          0.          0.          0.
  0.          0.          0.        ], state=[ 1.20042409e+02  5.99889658e+01  7.73948121e+03 -1.23007298e+03
  2.37008456e+03  7.73892412e+03  1.90685012e+02 -1.61319833e+02
  6.81835180e+01  1.20007741e+02  6.00369946e+01  7.53561101e+03
  4.12655899e+03  4.31978670e+02  7.53426421e+03  1.49593369e+02
  4.01115738e+00  2.27334560e+01], current_reward=-1.8236712572508615
2025-03-30 10:47:04,200 - CRITICAL [PID 8496]- A0100 has been shot down! Total Steps=131
2025-03-30 10:47:04,200 - CRITICAL [PID 8496]- B0100 mission completed! Total Steps=131
2025-03-30 10:47:04,202 - INFO [PID 8496]- render_result: {'enm_distance': 9979.973470196228, 'enm_angle': 316.63849205437634, 'enm_alt': 23178.33906032546, 'enm_speed': 815.0406874818052, 'enm_heading': 108.10631755757639, 'ego_alt': 26343.28018039113, 'ego_speed': 548.4624233614327, 'success': False, 'total_reward': 4.589533229364531, 'total_steps': 131, 'state': None, 'obs': None}
2025-03-30 10:47:04,223 - INFO [PID 8496]- render txt name:./render_train/dodge2\env_6_pursue_rule_2.txt.acmi
2025-03-30 10:47:04,720 - CRITICAL [PID 9664]- A0100 has been shot down! Total Steps=432
2025-03-30 10:47:04,721 - CRITICAL [PID 9664]- B0100 mission completed! Total Steps=432
2025-03-30 10:47:04,723 - INFO [PID 9664]- render_result: {'enm_distance': 13600.910351638304, 'enm_angle': 157.29297888223812, 'enm_alt': 16278.780335306521, 'enm_speed': 592.0581115621142, 'enm_heading': 294.444651972561, 'ego_alt': 24439.484318355506, 'ego_speed': 505.2043482518459, 'success': False, 'total_reward': 12.852789499910605, 'total_steps': 432, 'state': None, 'obs': None}
2025-03-30 10:47:04,752 - INFO [PID 9664]- render txt name:./render_train/dodge2\env_14_pursue_rule_2.txt.acmi
2025-03-30 10:47:04,834 - CRITICAL [PID 17420]- A0100 has been shot down! Total Steps=376
2025-03-30 10:47:04,834 - CRITICAL [PID 17420]- B0100 mission completed! Total Steps=376
2025-03-30 10:47:04,837 - INFO [PID 17420]- render_result: {'enm_distance': 9349.284863866073, 'enm_angle': 113.57781618808842, 'enm_alt': 18950.49008698542, 'enm_speed': 927.6393231973816, 'enm_heading': 345.543619705601, 'ego_alt': 29911.83436009586, 'ego_speed': 604.1185833590289, 'success': False, 'total_reward': 10.5553901636838, 'total_steps': 376, 'state': None, 'obs': None}
2025-03-30 10:47:04,860 - INFO [PID 17420]- render txt name:./render_train/dodge2\env_2_pursue_rule_2.txt.acmi
2025-03-30 10:47:05,235 - INFO [PID 25956]- B0100 launch mission! Total Steps=476, obs=[ 1.38539666  0.83265466  0.55379257 -0.00903523  0.99995918  1.0168631
 -0.00904913  0.01884121  0.76404622 -0.16850751 -0.03782041  0.32802695
  0.99627316  0.5933078   1.          0.          0.          0.
  0.          0.          0.        ], state=[ 1.19811772e+02  5.99781591e+01  6.92698328e+03 -2.42101145e+03
 -1.05214013e+04  6.91787777e+03  1.45948042e+02 -3.13471540e+02
  4.10951035e+00  1.19734777e+02  6.00147964e+01  6.88916287e+03
  1.67995973e+03 -1.48087465e+04  6.87181224e+03  2.83245395e+02
  5.40667761e+01 -9.00283830e+00], current_reward=12.794006681944474
2025-03-30 10:47:05,559 - INFO [PID 8496]- B0100 launch mission! Total Steps=66, obs=[ 1.23849557 -0.32219163  0.94667447 -0.32894781  0.9443481   0.73974612
 -0.01772637  0.04233681  0.55999287  0.06634684 -0.18264731  0.56131035
  1.66140451  0.4638646  -1.          0.          0.          0.
  0.          0.          0.        ], state=[  119.94233644    60.0496488   6192.47782936  5538.27358945
 -3215.91542928  6189.26973989  -212.42235196   -94.26236696
    97.43720207   119.93784153    60.00814694  6009.83051716
   910.1545434  -3470.84833262  6008.82457038    40.51462193
  -271.11692834   -17.20963908], current_reward=3.7147225521289755
2025-03-30 10:47:06,070 - CRITICAL [PID 18772]- A0100 has been shot down! Total Steps=256
2025-03-30 10:47:06,070 - CRITICAL [PID 18772]- B0100 mission completed! Total Steps=256
2025-03-30 10:47:06,074 - INFO [PID 18772]- render_result: {'enm_distance': 6114.89295398427, 'enm_angle': 72.85286676909355, 'enm_alt': 18882.369051174042, 'enm_speed': 916.252521567709, 'enm_heading': 158.56868327105275, 'ego_alt': 25925.49444874721, 'ego_speed': 408.3108259404671, 'success': False, 'total_reward': -4.072318029042604, 'total_steps': 256, 'state': None, 'obs': None}
2025-03-30 10:47:06,099 - INFO [PID 18772]- render txt name:./render_train/dodge2\env_4_pursue_rule_3.txt.acmi
2025-03-30 10:47:06,328 - INFO [PID 13028]- B0100 launch mission! Total Steps=161, obs=[ 1.30030615  0.2109663   0.97749333 -0.05900374  0.99825776  1.00307043
 -0.01222667  0.00537573  0.7676175  -0.44135102 -0.09728949  0.19727571
  1.68103083  0.63667499 -1.          0.          0.          0.
  0.          0.          0.        ], state=[ 1.20143237e+02  5.99819642e+01  6.50153077e+03 -2.00278591e+03
  8.00510330e+03  6.49621107e+03 -1.21967855e+02 -3.17825643e+02
  2.10308919e+01  1.20045987e+02  5.99522787e+01  6.40424128e+03
 -5.32115781e+03  2.57233751e+03  6.40150878e+03 -1.51057268e+02
  1.16946441e+02 -2.74651667e+00], current_reward=11.18532908019082
2025-03-30 10:47:06,901 - INFO [PID 17420]- B0100 launch mission! Total Steps=100, obs=[ 0.89068859 -0.25718959  0.96636096  0.03595915  0.99935326  0.97272494
 -0.01258968 -0.00933417  0.81365934 -0.45665107 -0.00374126  0.11477384
  1.1930567   0.58338687 -1.          0.          0.          0.
  0.          0.          0.        ], state=[ 1.20081797e+02  6.00283804e+01  4.45344293e+03  3.16695637e+03
  4.56353880e+03  4.45103052e+03 -3.02582715e+02 -1.32891213e+02
 -1.38573319e+01  1.20050143e+02  5.99785130e+01  4.44970167e+03
 -2.39452250e+03  2.80172962e+03  4.44863948e+03 -1.11320420e+02
  1.36371467e+02 -3.66522855e+00], current_reward=10.871754386462236
2025-03-30 10:47:07,036 - INFO [PID 9664]- B0100 launch mission! Total Steps=112, obs=[ 1.38269329 -0.11852782  0.99295073  0.17734732  0.98414833  0.82217223
 -0.00514759 -0.07823054  0.60741591 -0.28248497 -0.02016429  0.27121007
  2.8786568   0.55024185  1.          0.          0.          0.
  0.          0.          0.        ], state=[ 1.20165796e+02  6.00195851e+01  6.91346646e+03  2.19598472e+03
  9.25591512e+03  6.90639720e+03 -6.72933923e+01 -2.62000547e+02
 -7.53634875e+01  1.20069529e+02  6.00090369e+01  6.89330217e+03
  1.00994742e+03  3.88286022e+03  6.89204470e+03  8.47121646e+01
  1.64458602e+02 -8.60801485e+00], current_reward=15.988521793916906
2025-03-30 10:47:07,086 - INFO [PID 11640]- B0100 launch mission! Total Steps=446, obs=[ 1.26890892  0.99134595 -0.13127535 -0.00234793  0.99999724  1.00828873
  0.03388729  0.08978834  0.78135524 -0.43276558 -0.09200477  0.31509831
  0.48543362  0.59464701  1.          0.          0.          0.
  0.          0.          0.        ], state=[ 1.19910211e+02  5.99275660e+01  6.34454461e+03 -8.07460273e+03
 -5.02615975e+03  6.33746932e+03 -2.42917685e+02 -2.43951732e+02
  8.21928233e+00  1.19815686e+02  5.99032813e+01  6.25253985e+03
 -1.07717391e+04 -1.03247906e+04  6.23513264e+03  1.53921915e+00
 -1.99398017e+02  1.31455936e+01], current_reward=1.8945208178552146
2025-03-30 10:47:07,450 - CRITICAL [PID 8496]- A0100 has been shot down! Total Steps=160
2025-03-30 10:47:07,451 - CRITICAL [PID 8496]- B0100 mission completed! Total Steps=160
2025-03-30 10:47:07,453 - INFO [PID 8496]- render_result: {'enm_distance': 7760.470188118286, 'enm_angle': 345.4777187168649, 'enm_alt': 23215.894323524495, 'enm_speed': 490.1740357791312, 'enm_heading': 219.57160954781816, 'ego_alt': 19580.739122581654, 'ego_speed': 954.6752453563382, 'success': False, 'total_reward': 0.8419425840498818, 'total_steps': 160, 'state': None, 'obs': None}
2025-03-30 10:47:07,481 - INFO [PID 8496]- render txt name:./render_train/dodge2\env_6_pursue_rule_3.txt.acmi
2025-03-30 10:47:07,687 - INFO [PID 22604]- B0100 launch mission! Total Steps=218, obs=[ 1.1471643  -0.0331751   0.99944955  0.00871342  0.99996204  0.98078933
 -0.03398327  0.00602292  0.77609747 -0.52444544 -0.03182334  0.18305321
  0.07072205  0.59391671  1.          0.          0.          0.
  0.          0.          0.        ], state=[ 1.19950818e+02  6.00216888e+01  5.73582148e+03  2.41959569e+03
 -2.74503776e+03  5.73477464e+03 -2.75590052e+02 -1.88118974e+02
 -4.75761021e-01  1.19875975e+02  5.99838503e+01  5.70399814e+03
 -1.79438682e+03 -6.93011210e+03  5.69999405e+03 -1.14489358e+02
 -1.04478045e+02  7.89186066e+00], current_reward=11.175464181263083
2025-03-30 10:47:07,871 - CRITICAL [PID 13028]- A0100 has been shot down! Total Steps=237
2025-03-30 10:47:07,871 - CRITICAL [PID 13028]- B0100 mission completed! Total Steps=237
2025-03-30 10:47:07,874 - INFO [PID 13028]- render_result: {'enm_distance': 12489.758491556186, 'enm_angle': 73.04936602852955, 'enm_alt': 28647.792633784775, 'enm_speed': 882.7175905283304, 'enm_heading': 130.20885880183266, 'ego_alt': 22062.94593280855, 'ego_speed': 522.9789783357273, 'success': False, 'total_reward': 10.311706331809225, 'total_steps': 237, 'state': None, 'obs': None}
2025-03-30 10:47:07,898 - INFO [PID 13028]- render txt name:./render_train/dodge2\env_1_pursue_rule_3.txt.acmi
2025-03-30 10:47:07,926 - CRITICAL [PID 9664]- A0100 has been shot down! Total Steps=155
2025-03-30 10:47:07,926 - CRITICAL [PID 9664]- B0100 mission completed! Total Steps=155
2025-03-30 10:47:07,933 - INFO [PID 9664]- render_result: {'enm_distance': 15167.00132585784, 'enm_angle': 78.76874520597865, 'enm_alt': 14318.7307256091, 'enm_speed': 929.1798923454177, 'enm_heading': 274.9706429744999, 'ego_alt': 23004.331553691303, 'ego_speed': 594.6836011049361, 'success': False, 'total_reward': -20.01423651227939, 'total_steps': 155, 'state': None, 'obs': None}
2025-03-30 10:47:07,963 - INFO [PID 9664]- render txt name:./render_train/dodge2\env_14_pursue_rule_3.txt.acmi
2025-03-30 10:47:08,348 - INFO [PID 19324]- B0100 launch mission! Total Steps=210, obs=[ 1.23116698 -0.01175056  0.99993096  0.03123191  0.99951217  0.96649912
 -0.01256023 -0.00424098  0.74877928 -0.40630565 -0.00392539  0.12428206
  0.85888181  0.36545788  1.          0.          0.          0.
  0.          0.          0.        ], state=[ 1.19849420e+02  6.00165955e+01  6.15583488e+03  1.86029643e+03
 -8.40622302e+03  6.15004372e+03 -3.24885127e+02  4.81506831e+01
 -1.16540822e+01  1.19851380e+02  5.99838395e+01  6.15190949e+03
 -1.79287887e+03 -8.30502083e+03  6.14626971e+03 -1.31255314e+02
 -1.43840919e+02 -2.80365412e+00], current_reward=11.205629914520632
2025-03-30 10:47:08,400 - INFO [PID 18880]- B0100 launch mission! Total Steps=541, obs=[ 1.21470018  0.31814834  0.94804094  0.04359249  0.9990494   0.99695382
 -0.02288215  0.00660835  0.77778329 -0.20018944 -0.05326777  0.18904152
  0.86571569  0.59656995  1.          0.          0.          0.
  0.          0.          0.        ], state=[ 1.20007520e+02  5.99092725e+01  6.07350089e+03 -1.01176752e+04
  4.21179924e+02  6.06547643e+03 -3.15678008e+02 -1.22805216e+02
 -1.51210463e+01  1.19951274e+02  5.98638569e+01  6.02023312e+03
 -1.51811434e+04 -2.73267195e+03  6.00161468e+03 -4.02909900e+01
 -2.67752488e+02  1.10912827e+01], current_reward=13.104220893769401
2025-03-30 10:47:08,566 - CRITICAL [PID 17420]- A0100 has been shot down! Total Steps=175
2025-03-30 10:47:08,566 - CRITICAL [PID 17420]- B0100 mission completed! Total Steps=175
2025-03-30 10:47:08,568 - INFO [PID 17420]- render_result: {'enm_distance': 11170.959458336103, 'enm_angle': 35.918825953664594, 'enm_alt': 15400.740372833201, 'enm_speed': 928.7300574045219, 'enm_heading': 188.8932632182449, 'ego_alt': 14765.764631725302, 'ego_speed': 608.0416147463101, 'success': False, 'total_reward': 12.098368006172686, 'total_steps': 175, 'state': None, 'obs': None}
2025-03-30 10:47:08,596 - INFO [PID 17420]- render txt name:./render_train/dodge2\env_2_pursue_rule_3.txt.acmi
2025-03-30 10:47:09,234 - INFO [PID 2056]- B0100 launch mission! Total Steps=597, obs=[ 1.45965707  0.23250676  0.97259478  0.03933536  0.99922607  1.02048127
 -0.02925091 -0.00902511  0.75393643 -0.19945815 -0.02420007  0.18144899
  0.64310712  0.78025744  1.          0.          0.          0.
  0.          0.          0.        ], state=[ 1.20171837e+02  6.00720062e+01  7.29828536e+03  8.04402433e+03
  9.57855963e+03  7.28605671e+03 -1.75876515e+02  2.98665016e+02
 -1.89406326e+01  1.20277920e+02  6.00264114e+01  7.27408530e+03
  2.97849393e+03  1.55131682e+04  7.25459413e+03 -2.72470248e+02
  6.12641295e+01 -3.61144860e+00], current_reward=9.480795783373138
2025-03-30 10:47:09,391 - CRITICAL [PID 19324]- A0100 has been shot down! Total Steps=264
2025-03-30 10:47:09,391 - CRITICAL [PID 19324]- B0100 mission completed! Total Steps=264
2025-03-30 10:47:09,395 - INFO [PID 19324]- render_result: {'enm_distance': 11113.814952793946, 'enm_angle': 334.9603975421233, 'enm_alt': 25188.684804064178, 'enm_speed': 422.597417406339, 'enm_heading': 259.82052399833503, 'ego_alt': 20636.039397807144, 'ego_speed': 698.3912646269554, 'success': False, 'total_reward': 12.718761931441087, 'total_steps': 264, 'state': None, 'obs': None}
2025-03-30 10:47:09,416 - INFO [PID 19324]- render txt name:./render_train/dodge2\env_10_pursue_rule_3.txt.acmi
2025-03-30 10:47:09,472 - INFO [PID 17744]- B0100 launch mission! Total Steps=444, obs=[ 1.6986264   0.00538918  0.99998548  0.05612496  0.99842375  0.98059961
 -0.00995499  0.00605024  0.68013207 -0.15500214 -0.03208542  0.14852942
  1.69721419  0.58897489  1.          0.          0.          0.
  0.          0.          0.        ], state=[ 1.19857309e+02  6.01214652e+01  8.49313198e+03  1.35593980e+04
 -7.94348399e+03  8.47382260e+03  1.57410531e+02 -2.93458071e+02
 -1.66766825e+01  1.19771913e+02  6.01526579e+01  8.46104656e+03
  1.70525544e+04 -1.26852863e+04  8.42573371e+03  2.02988505e+02
  1.93350213e+02  2.21173619e+01], current_reward=4.2385821040537115
2025-03-30 10:47:09,574 - CRITICAL [PID 22604]- A0100 has been shot down! Total Steps=304
2025-03-30 10:47:09,574 - CRITICAL [PID 22604]- B0100 mission completed! Total Steps=304
2025-03-30 10:47:09,577 - INFO [PID 22604]- render_result: {'enm_distance': 11599.478996333266, 'enm_angle': 337.4707763807089, 'enm_alt': 20356.30521393557, 'enm_speed': 966.1379010107142, 'enm_heading': 12.38852651198767, 'ego_alt': 18500.754664652075, 'ego_speed': 572.9203398816232, 'success': False, 'total_reward': 11.806692066967761, 'total_steps': 304, 'state': None, 'obs': None}
2025-03-30 10:47:09,599 - INFO [PID 22604]- render txt name:./render_train/dodge2\env_8_pursue_rule_3.txt.acmi
2025-03-30 10:47:09,650 - CRITICAL [PID 25956]- A0100 dodge succeeded! Total Steps=683
2025-03-30 10:47:09,654 - INFO [PID 25956]- render_result: {'enm_distance': 13517.875106750991, 'enm_angle': 117.92290745316032, 'enm_alt': 17103.656717490965, 'enm_speed': 542.62006407085, 'enm_heading': 28.254839304151304, 'ego_alt': 22747.46100522251, 'ego_speed': 751.118888629383, 'success': True, 'total_reward': 211.8115365050871, 'total_steps': 683, 'state': {'my_lat': 119.72325658539229, 'my_lon': 60.12779191434785, 'my_alt': 7386.90396376124, 'my_x': 14286.401814782967, 'my_y': -15400.399448988914, 'my_z': 7352.411363393314, 'my_vx': 313.0083132561253, 'my_vy': 24.200956428914697, 'my_vz': -34.47581668154767, 'enemy_lat': 119.72358495627451, 'enemy_lon': 60.08105717191056, 'enemy_alt': 7319.627336645088, 'enemy_x': 9073.351529519676, 'enemy_y': -15403.76679891655, 'enemy_z': 7294.653646381868, 'enemy_vx': 310.77359201561393, 'enemy_vy': -32.56476587194941, 'enemy_vz': -17.777858696096708}, 'obs': array([ 1.47738079, -0.50626199,  0.86237973,  0.13713006,  0.99055305,
        0.92852841, -0.00887038,  0.02514699,  0.67583607, -0.00840386,
       -0.06727663,  2.9989621 ,  3.01654202,  0.52133713,  1.        ,
        0.        ,  0.        ,  0.        ,  0.        ,  0.        ,
        0.        ])}
2025-03-30 10:47:09,682 - INFO [PID 25956]- render txt name:./render_train/dodge2\env_12_pursue_rule_2.txt.acmi
2025-03-30 10:47:09,796 - INFO [PID 6688]- B0100 launch mission! Total Steps=642, obs=[ 1.80433466  0.99606473 -0.08862869 -0.01269988  0.99991935  0.98686341
  0.0196338   0.10027027  0.67096209 -0.11177542 -0.15460635  0.37155329
  0.52273339  0.53091039  1.          0.          0.          0.
  0.          0.          0.        ], state=[ 1.19999037e+02  6.01852206e+01  9.02167329e+03  2.06652672e+04
 -5.35056663e+01  8.98827048e+03  1.72837683e+02  2.89576405e+02
  7.88864318e+00  1.20093182e+02  6.01932571e+01  8.86706693e+03
  2.15650455e+04  5.17635936e+03  8.82859909e+03 -9.53921643e+01
  2.80823900e+02  3.97182838e+01], current_reward=13.669426752316127
2025-03-30 10:47:09,840 - CRITICAL [PID 11640]- A0100 has been shot down! Total Steps=571
2025-03-30 10:47:09,840 - CRITICAL [PID 11640]- B0100 mission completed! Total Steps=571
2025-03-30 10:47:09,842 - INFO [PID 11640]- render_result: {'enm_distance': 7719.0607377479755, 'enm_angle': 50.02113776373038, 'enm_alt': 25306.971559668684, 'enm_speed': 517.0588477289839, 'enm_heading': 42.759749282787766, 'ego_alt': 19370.887635653497, 'ego_speed': 731.2865806378646, 'success': False, 'total_reward': -0.3114318362602262, 'total_steps': 571, 'state': None, 'obs': None}
2025-03-30 10:47:09,870 - INFO [PID 11640]- render txt name:./render_train/dodge2\env_7_pursue_rule_3.txt.acmi
2025-03-30 10:47:10,020 - INFO [PID 19324]- B0100 launch mission! Total Steps=24, obs=[ 1.03071996  0.76180669  0.64780442 -0.34876189  0.93721136  0.74448389
  0.01244127  0.03163766  0.59269317 -0.21959905 -0.33717988  0.58005193
  2.45191765  0.55889548  1.          0.          0.          0.
  0.          0.          0.        ], state=[ 1.20109940e+02  5.99828553e+01  5.15359981e+03 -1.90656481e+03
  6.14278305e+03  5.15036707e+03 -3.84721849e+00 -2.33709010e+02
  9.78310971e+01  1.20016171e+02  6.00000801e+01  4.81641992e+03
  9.03976025e+00  9.03001461e+02  4.81635620e+03  5.42843831e+01
  1.68313037e+02 -2.44563789e+01], current_reward=2.6208463873463064
2025-03-30 10:47:11,044 - INFO [PID 24792]- B0100 launch mission! Total Steps=396, obs=[ 1.4125042   0.65778391  0.75320669  0.0261347   0.99965843  1.05127649
 -0.03961568  0.0911474   0.79095156 -0.46309366 -0.02550502  0.15242747
  0.61356563  0.72394344  1.          0.          0.          0.
  0.          0.          0.        ], state=[ 1.19961493e+02  6.00508553e+01  7.06252102e+03  5.67281623e+03
 -2.14777251e+03  7.05964285e+03  2.89366421e+02 -2.12465478e+02
  5.13567566e+00  1.19901138e+02  6.01083309e+01  7.03701599e+03
  1.20869059e+04 -5.50448774e+03  7.02321885e+03  1.97997986e+02
  2.57878407e+01 -1.16107052e+01], current_reward=10.510038482979626
2025-03-30 10:47:11,376 - CRITICAL [PID 19324]- A0100 has been shot down! Total Steps=92
2025-03-30 10:47:11,376 - CRITICAL [PID 19324]- B0100 mission completed! Total Steps=92
2025-03-30 10:47:11,380 - INFO [PID 19324]- render_result: {'enm_distance': 7450.791002785392, 'enm_angle': 104.72607480401909, 'enm_alt': 17863.703911347584, 'enm_speed': 714.8393480577888, 'enm_heading': 271.7704592094495, 'ego_alt': 15655.547724385586, 'ego_speed': 661.1146403901367, 'success': False, 'total_reward': -16.096347216518147, 'total_steps': 92, 'state': None, 'obs': None}
2025-03-30 10:47:11,399 - INFO [PID 19324]- render txt name:./render_train/dodge2\env_10_pursue_rule_4.txt.acmi
2025-03-30 10:47:11,559 - INFO [PID 18772]- B0100 launch mission! Total Steps=258, obs=[ 1.25448679  0.26114059  0.96530078 -0.02207554  0.99975631  1.00379196
 -0.00837101 -0.00277889  0.77631937 -0.40359656 -0.06651751  0.23277432
  0.50457029  0.59584408  1.          0.          0.          0.
  0.          0.          0.        ], state=[ 1.19997863e+02  6.00411642e+01  6.27243395e+03  4.59072145e+03
 -1.19191759e+02  6.27078373e+03  3.28367207e+02 -9.28857860e+01
  5.87926659e+00  1.19993072e+02  6.00945354e+01  6.20591644e+03
  1.05427373e+04 -3.85857845e+02  6.19720726e+03  1.84185048e+02
  8.98369667e+01  1.38034562e+01], current_reward=11.754188366894688
2025-03-30 10:47:11,560 - INFO [PID 8496]- B0100 launch mission! Total Steps=191, obs=[ 1.36585703  0.63358717  0.77367131  0.04362239  0.99904809  0.76632246
 -0.03392363  0.10249397  0.5682626  -0.16590427 -0.02395801  0.36142068
  0.33656912  0.20394767  1.          0.          0.          0.
  0.          0.          0.        ], state=[ 1.19899301e+02  6.00216567e+01  6.82928514e+03  2.41968449e+03
 -5.62131052e+03  6.82635875e+03 -1.84608581e+02 -1.87309451e+02
  8.26853723e+00  1.19865965e+02  6.00141821e+01  6.80532713e+03
  1.58932979e+03 -7.48392179e+03  6.80075447e+03 -1.41613665e+02
 -1.50762679e+02  4.65552669e+00], current_reward=13.372481601989149
2025-03-30 10:47:11,996 - CRITICAL [PID 17744]- A0100 has been shot down! Total Steps=565
2025-03-30 10:47:11,996 - CRITICAL [PID 17744]- B0100 mission completed! Total Steps=565
2025-03-30 10:47:11,997 - INFO [PID 17744]- render_result: {'enm_distance': 8359.297825143143, 'enm_angle': 1.7568349144108808, 'enm_alt': 18952.546206013005, 'enm_speed': 812.1479737407536, 'enm_heading': 305.5747178592701, 'ego_alt': 28736.397086506535, 'ego_speed': 946.4766686076143, 'success': False, 'total_reward': 1.0731561824469704, 'total_steps': 565, 'state': None, 'obs': None}
2025-03-30 10:47:12,026 - INFO [PID 17744]- render txt name:./render_train/dodge2\env_13_pursue_rule_4.txt.acmi
2025-03-30 10:47:12,341 - CRITICAL [PID 8496]- A0100 has been shot down! Total Steps=227
2025-03-30 10:47:12,341 - CRITICAL [PID 8496]- B0100 mission completed! Total Steps=227
2025-03-30 10:47:12,351 - INFO [PID 8496]- render_result: {'enm_distance': 12265.006689884405, 'enm_angle': 295.7472916468858, 'enm_alt': 23161.3879501319, 'enm_speed': 438.51065586645166, 'enm_heading': 53.30492222040033, 'ego_alt': 21857.325337032045, 'ego_speed': 850.4518585741312, 'success': False, 'total_reward': 12.262038326307083, 'total_steps': 227, 'state': None, 'obs': None}
2025-03-30 10:47:12,372 - INFO [PID 8496]- render txt name:./render_train/dodge2\env_6_pursue_rule_4.txt.acmi
2025-03-30 10:47:12,622 - CRITICAL [PID 18880]- A0100 dodge succeeded! Total Steps=743
2025-03-30 10:47:12,625 - INFO [PID 18880]- render_result: {'enm_distance': 19993.320833119404, 'enm_angle': 271.25990465892727, 'enm_alt': 21401.714800535156, 'enm_speed': 438.349267019703, 'enm_heading': 284.7780724435365, 'ego_alt': 18128.45423925999, 'ego_speed': 850.7002822239417, 'success': True, 'total_reward': 211.0622179241022, 'total_steps': 743, 'state': {'my_lat': 119.74183571447381, 'my_lon': 59.83222651385547, 'my_alt': 6208.446618410861, 'my_x': -18681.66532015929, 'my_y': -14492.452877998576, 'my_z': 6164.728381300161, 'my_vx': -130.9165015283296, 'my_vy': -291.6263673497042, 'my_vz': -25.96478054117995, 'enemy_lat': 119.83219986952581, 'enemy_lon': 59.84615890088017, 'enemy_alt': 6175.901447321337, 'enemy_x': -17144.208736264376, 'enemy_y': -9415.75703847455, 'enemy_z': 6145.975200139532, 'enemy_vx': -101.87219505484532, 'enemy_vy': -301.27393732850913, 'enemy_vz': 0.21634020074133423}, 'obs': array([ 1.24168932, -0.45421566,  0.89089176,  0.1365835 ,  0.99062856,
        0.9417793 , -0.01741433,  0.05034178,  0.72715444, -0.00643351,
       -0.03254517,  2.98837597,  3.10946271,  0.53044288, -1.        ,
        0.        ,  0.        ,  0.        ,  0.        ,  0.        ,
        0.        ])}
2025-03-30 10:47:12,658 - INFO [PID 18880]- render txt name:./render_train/dodge2\env_3_pursue_rule_4.txt.acmi
2025-03-30 10:47:12,806 - INFO [PID 25956]- B0100 launch mission! Total Steps=150, obs=[ 1.1556254   0.9998037  -0.01981309  0.02003554  0.99979927  0.90068476
  0.01690963  0.08686806  0.70894357 -0.28841492 -0.04240148  0.36841312
  0.21373368  0.25226197  1.          0.          0.          0.
  0.          0.          0.        ], state=[ 1.20053983e+02  6.00249120e+01  5.77812698e+03  2.77925435e+03
  3.01272810e+03  5.77681341e+03  3.06066180e+02  3.17248136e+01
 -9.73612343e-01  1.20074555e+02  6.00450532e+01  5.73572550e+03
  5.02634876e+03  4.15824283e+03  5.73239754e+03  1.66125499e+02
  1.25094035e+02  2.23227660e+01], current_reward=1.8322350602939714
2025-03-30 10:47:13,400 - CRITICAL [PID 24792]- A0100 has been shot down! Total Steps=514
2025-03-30 10:47:13,400 - CRITICAL [PID 24792]- B0100 mission completed! Total Steps=514
2025-03-30 10:47:13,401 - INFO [PID 24792]- render_result: {'enm_distance': 17738.889486755157, 'enm_angle': 124.80221675486072, 'enm_alt': 25787.156908333574, 'enm_speed': 913.1140859753989, 'enm_heading': 72.40337420053582, 'ego_alt': 23842.90577575707, 'ego_speed': 548.6485307327403, 'success': False, 'total_reward': 11.161423339538054, 'total_steps': 514, 'state': None, 'obs': None}
2025-03-30 10:47:13,427 - INFO [PID 24792]- render txt name:./render_train/dodge2\env_9_pursue_rule_2.txt.acmi
2025-03-30 10:47:13,596 - CRITICAL [PID 6688]- A0100 has been shot down! Total Steps=829
2025-03-30 10:47:13,596 - CRITICAL [PID 6688]- B0100 mission completed! Total Steps=829
2025-03-30 10:47:13,600 - INFO [PID 6688]- render_result: {'enm_distance': 13532.093550444766, 'enm_angle': 155.05895173879463, 'enm_alt': 22644.55794284016, 'enm_speed': 815.3542879518436, 'enm_heading': 118.47823878457899, 'ego_alt': 27858.907618335208, 'ego_speed': 895.3208632092496, 'success': False, 'total_reward': 11.40881893417003, 'total_steps': 829, 'state': None, 'obs': None}
2025-03-30 10:47:13,663 - INFO [PID 6688]- render txt name:./render_train/dodge2\env_11_pursue_rule_2.txt.acmi
2025-03-30 10:47:13,682 - CRITICAL [PID 25956]- A0100 has been shot down! Total Steps=193
2025-03-30 10:47:13,682 - CRITICAL [PID 25956]- B0100 mission completed! Total Steps=193
2025-03-30 10:47:13,684 - INFO [PID 25956]- render_result: {'enm_distance': 7312.137550716378, 'enm_angle': 75.89206869008365, 'enm_alt': 26911.98781733427, 'enm_speed': 741.3910398203689, 'enm_heading': 181.79518163330243, 'ego_alt': 18573.872618040536, 'ego_speed': 769.543965061875, 'success': False, 'total_reward': -0.044876671441279825, 'total_steps': 193, 'state': None, 'obs': None}
2025-03-30 10:47:13,707 - INFO [PID 25956]- render txt name:./render_train/dodge2\env_12_pursue_rule_3.txt.acmi
2025-03-30 10:47:14,050 - CRITICAL [PID 18772]- A0100 has been shot down! Total Steps=379
2025-03-30 10:47:14,050 - CRITICAL [PID 18772]- B0100 mission completed! Total Steps=379
2025-03-30 10:47:14,053 - INFO [PID 18772]- render_result: {'enm_distance': 11575.551323824015, 'enm_angle': 101.134039969089, 'enm_alt': 26765.357624653836, 'enm_speed': 717.4312347887414, 'enm_heading': 228.6834469241472, 'ego_alt': 20169.733935971337, 'ego_speed': 831.5835921910285, 'success': False, 'total_reward': 11.003637384671284, 'total_steps': 379, 'state': None, 'obs': None}
2025-03-30 10:47:14,076 - INFO [PID 18772]- render txt name:./render_train/dodge2\env_4_pursue_rule_4.txt.acmi
2025-03-30 10:47:14,236 - INFO [PID 22604]- B0100 launch mission! Total Steps=225, obs=[ 1.25595307 -0.99984426 -0.01764823  0.0109675   0.99993986  1.01061164
 -0.03741718  0.01444349  0.78246054 -0.37913709 -0.04473592  0.35498528
  0.54144213  0.59523101 -1.          0.          0.          0.
  0.          0.          0.        ], state=[ 1.20011833e+02  5.99402540e+01  6.27976536e+03 -6.66289215e+03
  6.62097200e+02  6.27625724e+03  5.13860714e+01 -3.39901886e+02
  8.86391386e+00  1.19907681e+02  5.99294429e+01  6.23502944e+03
 -7.86495264e+03 -5.16737343e+03  6.22810307e+03 -1.45666847e+02
 -1.58022989e+02 -4.16032570e+00], current_reward=12.793276362308692
2025-03-30 10:47:14,660 - INFO [PID 22452]- B0100 launch mission! Total Steps=672, obs=[ 1.76765843  0.1385627   0.99035366  0.01630055  0.99986714  1.06217436
 -0.05679248 -0.00385901  0.7318508  -0.12939144 -0.01280579  0.16361756
  0.09289735  0.68010175  1.          0.          0.          0.
  0.          0.          0.        ], state=[ 1.19544122e+02  5.99065033e+01  8.83829216e+03 -1.03430160e+04
 -2.55447536e+04  8.77896888e+03  1.90226239e+02 -3.07429491e+02
 -9.86121600e+00  1.19451907e+02  5.99461713e+01  8.82548637e+03
 -5.87838232e+03 -3.06750563e+04  8.74930522e+03  2.30896779e+02
 -2.20443070e+02 -4.39720302e+00], current_reward=11.040573451612687
2025-03-30 10:47:14,679 - CRITICAL [PID 2056]- A0100 dodge succeeded! Total Steps=861
2025-03-30 10:47:14,684 - INFO [PID 2056]- render_result: {'enm_distance': 19755.576755528753, 'enm_angle': 246.09905274211613, 'enm_alt': 23816.90083854868, 'enm_speed': 682.7614085549137, 'enm_heading': 261.3978393483078, 'ego_alt': 23387.357447595332, 'ego_speed': 718.0125001914246, 'success': True, 'total_reward': 331.0074631992865, 'total_steps': 861, 'state': {'my_lat': 120.22471117592076, 'my_lon': 59.8900510513573, 'my_alt': 7700.5481935766375, 'my_x': -12242.940142130448, 'my_y': 12595.585085984265, 'my_z': 7676.430945205752, 'my_vx': -226.74310355371946, 'my_vy': -216.540045039736, 'my_vz': -28.55890514828932, 'enemy_lat': 120.26743088700209, 'enemy_lon': 59.94311525604629, 'enemy_alt': 7638.237080613059, 'enemy_x': -6314.966260691719, 'enemy_y': 14966.056876813229, 'enemy_z': 7617.6235032535105, 'enemy_vx': -302.7082028211526, 'enemy_vy': -82.96261055409131, 'enemy_vz': -24.575258037512395}, 'obs': array([ 1.54010964e+00,  3.32108562e-01,  9.43241169e-01,  4.35159325e-02,
        9.99052733e-01,  9.23966958e-01,  2.52712357e-02, -5.53663381e-02,
        6.63158743e-01, -1.72737663e-03, -6.23111130e-02,  2.74719127e+00,
        2.99892690e+00,  6.38462757e-01,  1.00000000e+00,  0.00000000e+00,
        0.00000000e+00,  0.00000000e+00,  0.00000000e+00,  0.00000000e+00,
        0.00000000e+00])}
2025-03-30 10:47:14,717 - INFO [PID 2056]- render txt name:./render_train/dodge2\env_5_pursue_rule_2.txt.acmi
2025-03-30 10:47:14,901 - CRITICAL [PID 20904]- A0100 step limits! Total Steps=1000
2025-03-30 10:47:14,901 - CRITICAL [PID 20904]- B0100 step limits! Total Steps=1000
2025-03-30 10:47:14,906 - INFO [PID 20904]- render_result: {'enm_distance': 7715.955724153293, 'enm_angle': 162.93007871517682, 'enm_alt': 20652.989741275196, 'enm_speed': 789.8916570633371, 'enm_heading': 150.7520532179522, 'ego_alt': 15735.675789365625, 'ego_speed': 481.71531259563903, 'success': False, 'total_reward': 2.069662842058392, 'total_steps': 1000, 'state': None, 'obs': None}
2025-03-30 10:47:14,950 - INFO [PID 20904]- render txt name:./render_train/dodge2\env_0_pursue_rule_3.txt.acmi
2025-03-30 10:47:16,124 - INFO [PID 17744]- B0100 launch mission! Total Steps=207, obs=[ 1.05924979  0.99025771  0.13924678 -0.00748594  0.99997198  0.81581698
  0.01223069  0.10920452  0.6545209  -0.41161451 -0.0972164   0.3385713
  1.93824044  0.1328419   1.          0.          0.          0.
  0.          0.          0.        ], state=[ 120.01734605   60.04537834 5296.24894721 5060.04355383  967.3841332
 5294.1719961   165.57467667  225.36682027   11.36426324  120.03993918
   60.0490522  5199.03254495 5470.16028036 2227.1154809  5196.30315255
  106.41217762  -87.5803154    -8.19382958], current_reward=5.610239826625882
2025-03-30 10:47:16,353 - INFO [PID 13028]- B0100 launch mission! Total Steps=413, obs=[ 1.00774475  0.45995839  0.88794047 -0.08601505  0.99629384  1.03607065
 -0.01237631 -0.03107994  0.84919165 -0.45903822 -0.08401041  0.24736672
  0.14639181  0.59475207  1.          0.          0.          0.
  0.          0.          0.        ], state=[ 1.19884807e+02  5.99490112e+01  5.03872375e+03 -5.67962970e+03
 -6.44271491e+03  5.03295578e+03 -4.18204015e+00 -3.51908982e+02
  1.90234500e+01  1.19781095e+02  5.99608125e+01  4.95471333e+03
 -4.34909838e+03 -1.22387765e+04  4.94152922e+03  5.76094009e+01
 -1.86767665e+02  2.18401135e+01], current_reward=12.759242497004932
2025-03-30 10:47:16,354 - CRITICAL [PID 17744]- A0100 has been shot down! Total Steps=220
2025-03-30 10:47:16,354 - CRITICAL [PID 17744]- B0100 mission completed! Total Steps=220
2025-03-30 10:47:16,377 - INFO [PID 17744]- render_result: {'enm_distance': 7762.452052357951, 'enm_angle': 29.965426907807608, 'enm_alt': 28468.03939179166, 'enm_speed': 410.5433618627426, 'enm_heading': 164.25817943486587, 'ego_alt': 16960.382672845128, 'ego_speed': 546.8328529983323, 'success': False, 'total_reward': 3.3794349479288397, 'total_steps': 220, 'state': None, 'obs': None}
2025-03-30 10:47:16,398 - INFO [PID 17744]- render txt name:./render_train/dodge2\env_13_pursue_rule_5.txt.acmi
2025-03-30 10:47:16,650 - INFO [PID 11640]- B0100 launch mission! Total Steps=340, obs=[ 8.75318651e-01 -1.74545669e-01  9.84649079e-01  2.18035480e-02
  9.99762274e-01  1.02858210e+00 -1.55838823e-02 -3.49811848e-04
  8.66543691e-01 -4.69235864e-01 -1.03638009e-01  2.35566182e-01
  5.62258893e-01  5.95688279e-01 -1.00000000e+00  0.00000000e+00
  0.00000000e+00  0.00000000e+00  0.00000000e+00  0.00000000e+00
  0.00000000e+00], state=[ 1.20063443e+02  6.00487383e+01  4.37659325e+03  5.43548480e+03
  3.53730472e+03  4.37330294e+03  1.83606633e+02  2.97611885e+02
 -6.81755990e+00  1.20138911e+02  6.00865687e+01  4.27295525e+03
  9.65945319e+03  7.73610527e+03  4.26097514e+03  1.75709687e+02
  5.32098819e+01  5.07126014e+01], current_reward=12.864801619086354
2025-03-30 10:47:18,119 - INFO [PID 19324]- B0100 launch mission! Total Steps=341, obs=[ 1.25629297  0.99975859  0.02197172  0.05074193  0.9987118   0.99500863
  0.0208708   0.08805192  0.77200983 -0.21860853 -0.00710187  0.36714752
  1.48211389  0.58525484  1.          0.          0.          0.
  0.          0.          0.        ], state=[ 1.20098134e+02  6.00006277e+01  6.28146484e+03  7.40692712e+01
  5.48115388e+03  6.27911748e+03  1.28011549e+02  3.14515063e+02
 -9.42398745e+00  1.20202902e+02  6.00015686e+01  6.27436297e+03
  1.92308002e+02  1.13324891e+04  6.26432760e+03 -2.63475926e+02
  2.88010586e+01 -1.43084044e+01], current_reward=14.132426724845441
2025-03-30 10:47:18,186 - CRITICAL [PID 22604]- A0100 dodge succeeded! Total Steps=430
2025-03-30 10:47:18,188 - INFO [PID 22604]- render_result: {'enm_distance': 13478.901253935412, 'enm_angle': 120.08165486898758, 'enm_alt': 19613.16400997773, 'enm_speed': 991.1074988058766, 'enm_heading': 149.6796344582481, 'ego_alt': 21117.53299063668, 'ego_speed': 694.3030183502906, 'success': True, 'total_reward': 211.3831473817059, 'total_steps': 430, 'state': {'my_lat': 119.77115384155175, 'my_lon': 59.856212394308784, 'my_alt': 6482.411519098718, 'my_x': -16013.578090470473, 'my_y': -12837.955348782785, 'my_z': 6449.4710498374025, 'my_vx': -219.2736890203535, 'my_vy': -225.41498472231572, 'my_vz': -28.91281117205949, 'enemy_lat': 119.83981941672599, 'enemy_lon': 59.893899435414134, 'enemy_alt': 6422.989274510238, 'enemy_x': -11821.832587758683, 'enemy_y': -8975.67658358039, 'enemy_z': 6405.760100085655, 'enemy_vx': -199.7248217012598, 'enemy_vy': -224.52849530081895, 'enemy_vz': -19.10893224151675}, 'obs': array([ 1.2964823 ,  0.06567412,  0.99784112,  0.02852572,  0.99959306,
        0.92654196,  0.02416721, -0.06034871,  0.70573803, -0.04097878,
       -0.05942224,  3.02821538,  3.01948356,  0.56999858,  1.        ,
        0.        ,  0.        ,  0.        ,  0.        ,  0.        ,
        0.        ])}
2025-03-30 10:47:18,215 - INFO [PID 22604]- render txt name:./render_train/dodge2\env_8_pursue_rule_4.txt.acmi
2025-03-30 10:47:18,455 - INFO [PID 9664]- B0100 launch mission! Total Steps=516, obs=[ 1.44382656  0.34892591  0.93715031  0.01095377  0.99994001  1.00977511
 -0.00999085  0.01401223  0.74777678 -0.10363732 -0.01124507  0.27850481
  0.57691413  0.59708241  1.          0.          0.          0.
  0.          0.          0.        ], state=[ 1.19910004e+02  5.98601775e+01  7.21913282e+03 -1.55919411e+04
 -5.04864942e+03  7.19812118e+03 -1.92193748e+02 -2.84546338e+02
 -4.81412037e-01  1.19808921e+02  5.98434556e+01  7.20788775e+03
 -1.74449448e+04 -1.07246152e+04  7.17509344e+03  7.92456795e+01
 -2.97469506e+02 -1.25758961e+01], current_reward=12.865396598736156
2025-03-30 10:47:18,579 - INFO [PID 24792]- B0100 launch mission! Total Steps=263, obs=[ 1.02532966  0.94180049  0.33617233 -0.01071899  0.99994255  0.97512201
  0.01558113  0.07528993  0.79466813 -0.19092869 -0.00399163  0.29880016
  1.71635313  0.59203306  1.          0.          0.          0.
  0.          0.          0.        ], state=[  120.03789041    60.05158188  5126.64830888  5752.09720567
  2112.68528871  5123.7100607    237.22106736  -232.45477748
    17.14780994   119.98873679    60.09865478  5122.65667916
 11000.30521837  -627.11688522  5113.15543805    87.76162487
   251.88799455   -14.3384134 ], current_reward=13.494578202300074
2025-03-30 10:47:18,898 - CRITICAL [PID 22452]- A0100 has been shot down! Total Steps=888
2025-03-30 10:47:18,898 - CRITICAL [PID 22452]- B0100 mission completed! Total Steps=888
2025-03-30 10:47:18,902 - INFO [PID 22452]- render_result: {'enm_distance': 16799.02820646524, 'enm_angle': 186.7392918644395, 'enm_alt': 27717.433961734347, 'enm_speed': 609.3630261090588, 'enm_heading': 130.29424125617007, 'ego_alt': 28274.394168874416, 'ego_speed': 991.9803226566562, 'success': False, 'total_reward': 8.984881429242842, 'total_steps': 888, 'state': None, 'obs': None}
2025-03-30 10:47:18,935 - INFO [PID 22452]- render txt name:./render_train/dodge2\env_15_pursue_rule_3.txt.acmi
2025-03-30 10:47:18,962 - INFO [PID 6688]- B0100 launch mission! Total Steps=270, obs=[ 1.11683539e+00 -1.42012978e-01  9.89864796e-01  5.66058575e-02
  9.98396603e-01  1.00341656e+00 -1.06414158e-02  1.04473548e-03
  8.00555736e-01 -5.30335413e-01 -2.06752507e-03  5.43274765e-02
  5.31241963e-01  4.92509551e-01 -1.00000000e+00  0.00000000e+00
  0.00000000e+00  0.00000000e+00  0.00000000e+00  0.00000000e+00
  0.00000000e+00], state=[  119.91217352    60.00831263  5584.1769405    930.19443902
 -4903.76519581  5582.23050072  -284.43047809  -187.51922271
   -18.44770972   119.86465634    59.97110994  5582.10941542
 -3213.77643157 -7565.35156817  5576.82952315   -72.98335006
  -143.08238294    -9.81717543], current_reward=-3.6181276693694606
2025-03-30 10:47:19,043 - CRITICAL [PID 13028]- A0100 has been shot down! Total Steps=545
2025-03-30 10:47:19,043 - CRITICAL [PID 13028]- B0100 mission completed! Total Steps=545
2025-03-30 10:47:19,044 - INFO [PID 13028]- render_result: {'enm_distance': 15801.469493447084, 'enm_angle': 102.99354974728853, 'enm_alt': 24116.6963964235, 'enm_speed': 877.1040439917066, 'enm_heading': 69.23919417555192, 'ego_alt': 15059.499144407679, 'ego_speed': 955.5879499148833, 'success': False, 'total_reward': 13.405683509459738, 'total_steps': 545, 'state': None, 'obs': None}
2025-03-30 10:47:19,169 - INFO [PID 13028]- render txt name:./render_train/dodge2\env_1_pursue_rule_4.txt.acmi
2025-03-30 10:47:19,407 - CRITICAL [PID 11640]- A0100 has been shot down! Total Steps=471
2025-03-30 10:47:19,407 - CRITICAL [PID 11640]- B0100 mission completed! Total Steps=471
2025-03-30 10:47:19,412 - INFO [PID 11640]- render_result: {'enm_distance': 15593.345046823579, 'enm_angle': 272.2308628899252, 'enm_alt': 24072.402178739227, 'enm_speed': 444.4584898448747, 'enm_heading': 56.05763170996991, 'ego_alt': 14537.476886918434, 'ego_speed': 607.8558290030362, 'success': False, 'total_reward': 12.426182571651953, 'total_steps': 471, 'state': None, 'obs': None}
2025-03-30 10:47:19,438 - INFO [PID 11640]- render txt name:./render_train/dodge2\env_7_pursue_rule_4.txt.acmi
2025-03-30 10:47:20,016 - INFO [PID 20904]- B0100 launch mission! Total Steps=254, obs=[ 1.63560506e+00 -1.76564993e-01  9.84288984e-01  1.00613722e-01
  9.94925565e-01  9.85005389e-01 -1.21906949e-02  7.68382058e-04
  6.94366725e-01 -5.65632736e-01 -8.81901605e-03  3.60852632e-01
  4.97707627e-02  5.96565373e-02  1.00000000e+00  0.00000000e+00
  0.00000000e+00  0.00000000e+00  0.00000000e+00  0.00000000e+00
  0.00000000e+00], state=[ 1.20089311e+02  6.00440124e+01  8.17802531e+03  4.91317835e+03
  4.98327248e+03  8.17419760e+03  3.00046859e+02 -1.45183704e+02
 -3.27117598e+01  1.20088272e+02  6.00493342e+01  8.16920629e+03
  5.50677186e+03  4.92452477e+03  8.16494019e+03  1.47060484e+02
 -1.39374112e+01  5.03599323e+00], current_reward=2.413093925148644
2025-03-30 10:47:20,150 - CRITICAL [PID 20904]- A0100 has been shot down! Total Steps=261
2025-03-30 10:47:20,150 - CRITICAL [PID 20904]- B0100 mission completed! Total Steps=261
2025-03-30 10:47:20,151 - INFO [PID 20904]- render_result: {'enm_distance': 7819.350424818093, 'enm_angle': 160.10764011322055, 'enm_alt': 23489.832775171828, 'enm_speed': 842.0328369355366, 'enm_heading': 99.73421962046959, 'ego_alt': 26853.06385516745, 'ego_speed': 545.9043184656583, 'success': False, 'total_reward': 3.8845598643462953, 'total_steps': 261, 'state': None, 'obs': None}
2025-03-30 10:47:20,178 - INFO [PID 20904]- render txt name:./render_train/dodge2\env_0_pursue_rule_4.txt.acmi
2025-03-30 10:47:20,409 - CRITICAL [PID 6688]- A0100 has been shot down! Total Steps=336
2025-03-30 10:47:20,409 - CRITICAL [PID 6688]- B0100 mission completed! Total Steps=336
2025-03-30 10:47:20,413 - INFO [PID 6688]- render_result: {'enm_distance': 6546.138798208435, 'enm_angle': 66.16765997225643, 'enm_alt': 22237.25213449804, 'enm_speed': 419.3960328166426, 'enm_heading': 345.8707847359096, 'ego_alt': 19241.807887291583, 'ego_speed': 430.9681065008157, 'success': False, 'total_reward': -2.134818223323654, 'total_steps': 336, 'state': None, 'obs': None}
2025-03-30 10:47:20,511 - INFO [PID 6688]- render txt name:./render_train/dodge2\env_11_pursue_rule_3.txt.acmi
2025-03-30 10:47:20,524 - INFO [PID 25956]- B0100 launch mission! Total Steps=336, obs=[ 1.66340918e+00 -9.99999929e-01 -3.75545338e-04 -1.93487411e-02
  9.99812796e-01  9.95938881e-01 -5.11839612e-02  7.25951116e-02
  7.01232008e-01 -3.48566410e-01 -7.70870928e-02  3.85308477e-01
  3.35901601e-01  3.13029653e-01 -1.00000000e+00  0.00000000e+00
  0.00000000e+00  0.00000000e+00  0.00000000e+00  0.00000000e+00
  0.00000000e+00], state=[  120.08436449    60.08425989  8317.04588114  9402.87314774
  4701.66872685  8308.40334829   302.00142155   154.26266624
    23.94187575   120.08999614    60.11216977  8239.95878836
 12516.7292559   5011.22260283  8225.74206818   201.17293618
    85.65095014    26.12720381], current_reward=14.906115780861589
2025-03-30 10:47:20,942 - INFO [PID 18772]- B0100 launch mission! Total Steps=339, obs=[ 1.14819891  0.6420703   0.76664576 -0.08293673  0.99655481  1.00637963
 -0.01235893  0.00892023  0.79755362 -0.4703031  -0.07001204  0.28691226
  0.47010529  0.59444535  1.          0.          0.          0.
  0.          0.          0.        ], state=[ 1.19964945e+02  5.99681381e+01  5.74099457e+03 -3.55247072e+03
 -1.95970340e+03  5.73970692e+03 -2.24473923e+02 -2.56775400e+02
  2.80068113e+01  1.19869169e+02  5.99450228e+01  5.67098252e+03
 -6.12331395e+03 -7.31895151e+03  5.66386321e+03  3.85521314e+00
 -1.83961048e+02 -1.07488853e+01], current_reward=11.707463050166908
2025-03-30 10:47:21,444 - CRITICAL [PID 25956]- A0100 has been shot down! Total Steps=384
2025-03-30 10:47:21,444 - CRITICAL [PID 25956]- B0100 mission completed! Total Steps=384
2025-03-30 10:47:21,449 - INFO [PID 25956]- render_result: {'enm_distance': 19200.093890387456, 'enm_angle': 344.0928723161216, 'enm_alt': 21999.108181803316, 'enm_speed': 986.5549659165762, 'enm_heading': 196.0971227606041, 'ego_alt': 28456.154585716293, 'ego_speed': 582.162269925958, 'success': False, 'total_reward': 13.604059974421862, 'total_steps': 384, 'state': None, 'obs': None}
2025-03-30 10:47:21,480 - INFO [PID 25956]- render txt name:./render_train/dodge2\env_12_pursue_rule_4.txt.acmi
2025-03-30 10:47:21,622 - INFO [PID 11640]- B0100 launch mission! Total Steps=107, obs=[ 1.39550979  0.02160006  0.99976669  0.09654376  0.99532874  0.91087201
 -0.00618807  0.01111418  0.67457313 -0.37478927 -0.00526016  0.28910667
  2.84521683  0.55899199  1.          0.          0.          0.
  0.          0.          0.        ], state=[ 120.11698749   60.06351743 6977.54893176 7090.15665494 6522.48980182
 6970.29265583 -266.22885768 -156.09997178  -26.18420503  120.04452773
   60.02889817 6972.28877244 3223.97159541 2485.18658753 6970.99310413
  159.44079545   91.11250065  -13.1656259 ], current_reward=14.918728739699823
2025-03-30 10:47:21,988 - INFO [PID 17420]- B0100 launch mission! Total Steps=653, obs=[ 1.66490173  0.94721955  0.3205856   0.06331893  0.99799334  1.01491883
  0.01678192  0.0999139   0.7166827  -0.17182778 -0.0017356   0.28264002
  0.85614558  0.59607971  1.          0.          0.          0.
  0.          0.          0.        ], state=[ 1.19754595e+02  6.01414244e+01  8.32450864e+03  1.58024390e+04
 -1.36528261e+04  8.29041785e+03  3.36385262e+02  8.41146248e+01
 -5.58709538e+00  1.19808242e+02  6.01876861e+01  8.32277304e+03
  2.09534990e+04 -1.06532321e+04  8.27956546e+03  5.36782312e+01
  2.82591440e+02 -9.39115691e+00], current_reward=12.0467297218857
2025-03-30 10:47:22,156 - CRITICAL [PID 24792]- A0100 dodge succeeded! Total Steps=427
2025-03-30 10:47:22,162 - INFO [PID 24792]- render_result: {'enm_distance': 15833.115380305326, 'enm_angle': 61.02836183242755, 'enm_alt': 19704.487272438426, 'enm_speed': 792.930389164097, 'enm_heading': 114.108286974989, 'ego_alt': 16554.935195114987, 'ego_speed': 900.4526458199325, 'success': True, 'total_reward': 208.40152953754125, 'total_steps': 427, 'state': {'my_lat': 120.01670919756044, 'my_lon': 60.15334432217848, 'my_alt': 5486.3795356184455, 'my_x': 17099.421742963525, 'my_y': 928.8513076344225, 'my_z': 5463.42973708263, 'my_vx': 261.0142172632906, 'my_vy': -31.182537515201627, 'my_vz': -29.37649551444933, 'enemy_lat': 120.02532144916397, 'enemy_lon': 60.12388986422987, 'enemy_alt': 5422.682899541464, 'enemy_x': 13814.967719585966, 'enemy_y': 1408.844465663924, 'enemy_z': 5407.5915252135455, 'enemy_vx': 248.0186035206112, 'enemy_vy': -42.78183397093207, 'enemy_vz': -12.887062156915302}, 'obs': array([ 1.09727591, -0.39210586,  0.9199201 ,  0.03291623,  0.99945811,
        0.77468153, -0.01025857, -0.07061193,  0.61055161, -0.03506092,
       -0.06369664,  3.01083685,  3.0689203 ,  0.33198117,  1.        ,
        0.        ,  0.        ,  0.        ,  0.        ,  0.        ,
        0.        ])}
2025-03-30 10:47:22,187 - INFO [PID 24792]- render txt name:./render_train/dodge2\env_9_pursue_rule_3.txt.acmi
2025-03-30 10:47:22,318 - CRITICAL [PID 19324]- A0100 dodge succeeded! Total Steps=533
2025-03-30 10:47:22,320 - INFO [PID 19324]- render_result: {'enm_distance': 17139.415117883284, 'enm_angle': 202.34030545852835, 'enm_alt': 14952.598710665021, 'enm_speed': 777.5536007261745, 'enm_heading': 73.46038463419865, 'ego_alt': 19360.90627316825, 'ego_speed': 996.3933265365948, 'success': True, 'total_reward': 210.49442877814846, 'total_steps': 533, 'state': {'my_lat': 120.35901387542265, 'my_lon': 59.96360414923752, 'my_alt': 6692.9199716775565, 'my_x': -4004.714115066789, 'my_y': 20075.835372343412, 'my_z': 6660.181950555375, 'my_vx': -121.82949832198241, 'my_vy': 281.00989678842853, 'my_vz': -27.93726519538926, 'enemy_lat': 120.2778526819682, 'enemy_lon': 59.973054301323195, 'enemy_alt': 6663.484237628773, 'enemy_x': -2972.592282985525, 'enemy_y': 15532.895696600353, 'enemy_z': 6643.946061992356, 'enemy_vx': -57.84995020488861, 'enemy_vy': 293.72154076407435, 'enemy_vz': -8.148711247579074}, 'obs': array([ 1.33858399e+00,  5.66674907e-01,  8.23941472e-01,  1.61394008e-01,
        9.86890052e-01,  9.01153300e-01, -1.06861163e-03,  7.85473114e-02,
        6.78578957e-01, -2.03825611e-02, -2.94357340e-02,  2.93349030e+00,
        3.09940973e+00,  4.65873802e-01,  1.00000000e+00,  0.00000000e+00,
        0.00000000e+00,  0.00000000e+00,  0.00000000e+00,  0.00000000e+00,
        0.00000000e+00])}
2025-03-30 10:47:22,347 - INFO [PID 19324]- render txt name:./render_train/dodge2\env_10_pursue_rule_5.txt.acmi
2025-03-30 10:47:22,629 - CRITICAL [PID 11640]- A0100 has been shot down! Total Steps=151
2025-03-30 10:47:22,629 - CRITICAL [PID 11640]- B0100 mission completed! Total Steps=151
2025-03-30 10:47:22,633 - INFO [PID 11640]- render_result: {'enm_distance': 13346.907015428595, 'enm_angle': 27.60304355210462, 'enm_alt': 27482.27695797471, 'enm_speed': 807.7309490302862, 'enm_heading': 118.45744135305057, 'ego_alt': 22100.91628427285, 'ego_speed': 668.3863553507605, 'success': False, 'total_reward': -22.431179657009935, 'total_steps': 151, 'state': None, 'obs': None}
2025-03-30 10:47:22,655 - INFO [PID 11640]- render txt name:./render_train/dodge2\env_7_pursue_rule_5.txt.acmi
2025-03-30 10:47:22,911 - INFO [PID 8496]- B0100 launch mission! Total Steps=517, obs=[ 1.16750353  0.05702837  0.99837256 -0.00839905  0.99996473  1.0050768
 -0.01220526  0.00325761  0.79295124 -0.22755713 -0.04907091  0.25974711
  1.00021461  0.59559253  1.          0.          0.          0.
  0.          0.          0.        ], state=[ 1.20119830e+02  6.00122767e+01  5.83751767e+03  1.37508987e+03
  6.69014952e+03  5.83387300e+03 -3.11469248e+02  1.40599103e+02
  3.73927273e+00  1.20137136e+02  5.99595773e+01  5.78844676e+03
 -4.49971171e+03  7.66845889e+03  5.78226809e+03 -1.77265131e+02
 -1.94854608e+02 -2.81085478e+01], current_reward=13.131429040460274
2025-03-30 10:47:23,295 - CRITICAL [PID 18772]- A0100 has been shot down! Total Steps=453
2025-03-30 10:47:23,295 - CRITICAL [PID 18772]- B0100 mission completed! Total Steps=453
2025-03-30 10:47:23,300 - INFO [PID 18772]- render_result: {'enm_distance': 11144.575544986845, 'enm_angle': 358.4502201066722, 'enm_alt': 25248.583526129012, 'enm_speed': 568.022742809979, 'enm_heading': 7.84865284313029, 'ego_alt': 19080.2958758796, 'ego_speed': 623.5856463708265, 'success': False, 'total_reward': 10.575655551742551, 'total_steps': 453, 'state': None, 'obs': None}
2025-03-30 10:47:23,324 - INFO [PID 18772]- render txt name:./render_train/dodge2\env_4_pursue_rule_5.txt.acmi
2025-03-30 10:47:23,354 - INFO [PID 18880]- B0100 launch mission! Total Steps=526, obs=[ 1.05755412  0.05971456  0.99821549  0.04190955  0.99912141  0.99473489
 -0.01078095 -0.00975229  0.80361762 -0.55518314 -0.00806229  0.0541519
  0.14119368  0.0869452   1.          0.          0.          0.
  0.          0.          0.        ], state=[ 1.20162098e+02  5.99316558e+01  5.28777062e+03 -7.60953689e+03
  9.07118210e+03  5.27680964e+03  2.58324586e+02  2.17636082e+02
 -1.76998717e+01  1.20172524e+02  5.99374365e+01  5.27970834e+03
 -6.96348431e+03  9.65298622e+03  5.26863304e+03  9.82687070e+01
  1.16335208e+02  4.20773717e+00], current_reward=10.567705774982596
2025-03-30 10:47:23,453 - INFO [PID 13028]- B0100 launch mission! Total Steps=207, obs=[ 1.73561371  0.7739091   0.6332967  -0.03129283  0.99951026  0.74322771
  0.00267965  0.12147669  0.50097499 -0.27551981 -0.03747634  0.39731596
  2.07956801  0.41986699  1.          0.          0.          0.
  0.          0.          0.        ], state=[ 120.1121781    60.07058285 8678.06853924 7879.8303006  6254.67292909
 8670.15673091 -178.92812514 -179.83165392   34.75602259  120.0431432
   60.05557137 8640.59220019 6200.5237606  2406.59964416 8637.13258492
  157.95484298   15.71675585  -10.70251438], current_reward=14.456398433353051
2025-03-30 10:47:23,544 - CRITICAL [PID 18880]- A0100 has been shot down! Total Steps=537
2025-03-30 10:47:23,544 - CRITICAL [PID 18880]- B0100 mission completed! Total Steps=537
2025-03-30 10:47:23,548 - INFO [PID 18880]- render_result: {'enm_distance': 12656.332298577316, 'enm_angle': 190.8723540905326, 'enm_alt': 23383.573110854984, 'enm_speed': 637.1773240608721, 'enm_heading': 104.70763307698442, 'ego_alt': 15310.58115626782, 'ego_speed': 530.2682052777513, 'success': False, 'total_reward': 13.470908199693927, 'total_steps': 537, 'state': None, 'obs': None}
2025-03-30 10:47:23,576 - INFO [PID 18880]- render txt name:./render_train/dodge2\env_3_pursue_rule_5.txt.acmi
2025-03-30 10:47:23,694 - CRITICAL [PID 9664]- A0100 dodge succeeded! Total Steps=762
2025-03-30 10:47:23,697 - INFO [PID 9664]- render_result: {'enm_distance': 14906.775456240122, 'enm_angle': 331.40237612363705, 'enm_alt': 16134.547046509084, 'enm_speed': 735.1848423203271, 'enm_heading': 229.27708391469056, 'ego_alt': 22322.131798913615, 'ego_speed': 969.009107803933, 'success': True, 'total_reward': 238.18085551836484, 'total_steps': 762, 'state': {'my_lat': 119.5355071252697, 'my_lon': 59.87666029835122, 'my_alt': 7863.539946888444, 'my_x': -13666.91062899827, 'my_y': -26046.827082857322, 'my_z': 7795.941062490247, 'my_vx': 149.28151441489064, 'my_vy': -288.7233911785252, 'my_vz': -13.815555720229856, 'enemy_lat': 119.63428505076199, 'enemy_lon': 59.85994303872495, 'enemy_alt': 7805.779522083003, 'enemy_x': -15566.255314536347, 'enemy_y': -20517.966656033037, 'enemy_z': 7753.9434650192425, 'enemy_vx': 69.93654315039923, 'enemy_vy': -309.74053460515637, 'enemy_vz': -26.099386170041022}, 'obs': array([ 1.57270799,  0.62764059,  0.77850324,  0.06827933,  0.99766624,
        0.95598817, -0.00938567,  0.0392917 ,  0.68255468, -0.01939131,
       -0.05776042,  2.9871434 ,  3.000966  ,  0.58461587,  1.        ,
        0.        ,  0.        ,  0.        ,  0.        ,  0.        ,
        0.        ])}
2025-03-30 10:47:23,726 - INFO [PID 9664]- render txt name:./render_train/dodge2\env_14_pursue_rule_4.txt.acmi
2025-03-30 10:47:24,028 - INFO [PID 20904]- B0100 launch mission! Total Steps=183, obs=[ 1.32594555 -0.02479977  0.99969244  0.06708059  0.99774756  0.89731643
 -0.00916902 -0.01348442  0.67474453 -0.30637061 -0.01290551  0.19963615
  0.40395774  0.16664101  1.          0.          0.          0.
  0.          0.          0.        ], state=[ 120.09451533   60.03627119 6629.72776563 4049.03142503 5273.64120007
 6626.27247857  161.38697969  257.76025726  -24.96128485  120.12234277
   60.04169817 6616.82225429 4656.82906428 6825.18430416 6611.48656934
  140.53120539  144.20401853   10.97356041], current_reward=5.5614294357432374
2025-03-30 10:47:24,329 - CRITICAL [PID 13028]- A0100 has been shot down! Total Steps=250
2025-03-30 10:47:24,329 - CRITICAL [PID 13028]- B0100 mission completed! Total Steps=250
2025-03-30 10:47:24,333 - INFO [PID 13028]- render_result: {'enm_distance': 13238.257103575896, 'enm_angle': 11.025161209571216, 'enm_alt': 17379.910946620264, 'enm_speed': 852.3921170147275, 'enm_heading': 112.44332403897292, 'ego_alt': 29597.062947575192, 'ego_speed': 494.81317142824423, 'success': False, 'total_reward': 3.9174794860289843, 'total_steps': 250, 'state': None, 'obs': None}
2025-03-30 10:47:24,354 - INFO [PID 13028]- render txt name:./render_train/dodge2\env_1_pursue_rule_5.txt.acmi
2025-03-30 10:47:24,502 - CRITICAL [PID 20904]- A0100 has been shot down! Total Steps=208
2025-03-30 10:47:24,502 - CRITICAL [PID 20904]- B0100 mission completed! Total Steps=208
2025-03-30 10:47:24,503 - INFO [PID 20904]- render_result: {'enm_distance': 8560.419066655357, 'enm_angle': 77.86197608846199, 'enm_alt': 27540.966166056933, 'enm_speed': 886.0227895812699, 'enm_heading': 211.83604609230514, 'ego_alt': 20914.601559120856, 'ego_speed': 955.4928959760139, 'success': False, 'total_reward': 6.0208414074971675, 'total_steps': 208, 'state': None, 'obs': None}
2025-03-30 10:47:24,592 - INFO [PID 20904]- render txt name:./render_train/dodge2\env_0_pursue_rule_5.txt.acmi
2025-03-30 10:47:24,609 - INFO [PID 22604]- B0100 launch mission! Total Steps=299, obs=[ 0.97078197  0.09451762  0.99552319 -0.03465829  0.99939922  1.01896062
 -0.01718124 -0.00395799  0.8405724  -0.47068429 -0.09063203  0.1527299
  0.1974542   0.79654503 -1.          0.          0.          0.
  0.          0.          0.        ], state=[  119.9612164     59.96010636  4853.90986695 -4447.37161969
 -2168.37457718  4851.9944056    -40.22619437  -344.00682818
    10.11655439   119.82376523    59.94139782  4763.27783671
 -6520.71366607 -9858.61019809  4752.3554562    -16.41345632
  -185.21652408   -19.5453561 ], current_reward=7.8548403883912306
2025-03-30 10:47:25,409 - INFO [PID 24792]- B0100 launch mission! Total Steps=162, obs=[ 1.12635302 -0.35488734  0.93490907 -0.03056893  0.99953266  0.92968719
 -0.01559832 -0.00426546  0.73511374 -0.49399261 -0.03218888  0.11795717
  0.12545552  0.59493805 -1.          0.          0.          0.
  0.          0.          0.        ], state=[ 1.20021221e+02  5.99854763e+01  5.63176512e+03 -1.61935163e+03
  1.18567565e+03  5.63145007e+03  3.08872496e+02  6.66287725e+01
  1.01886629e+01  1.20031980e+02  6.00385556e+01  5.59957624e+03
  4.29977544e+03  1.78395355e+03  5.59788075e+03  1.49568527e+02
  3.42932078e+01 -3.05662693e+00], current_reward=5.6177257358458
2025-03-30 10:47:25,479 - INFO [PID 2056]- B0100 launch mission! Total Steps=530, obs=[ 1.53146457e+00  3.10994423e-01  9.50411736e-01  6.12803257e-02
  9.98120595e-01  1.00930469e+00 -1.21189910e-02  1.40253119e-03
  7.31847818e-01 -2.84724937e-01 -9.45061795e-03  3.65164207e-01
  3.83430537e-01  5.66871486e-01  1.00000000e+00  0.00000000e+00
  0.00000000e+00  0.00000000e+00  0.00000000e+00  0.00000000e+00
  0.00000000e+00], state=[  119.93880397    59.9222972   7657.32284517 -8665.79225605
 -3426.84101706  7650.53061044   -75.46003688  -334.07568604
   -21.85584556   119.83850289    59.92920801  7647.87222722
 -7885.46741649 -9041.57412111  7636.62268327   121.35082693
  -214.0154017     15.99586224], current_reward=14.068575002062724
2025-03-30 10:47:26,760 - CRITICAL [PID 8496]- A0100 dodge succeeded! Total Steps=714
2025-03-30 10:47:26,764 - INFO [PID 8496]- render_result: {'enm_distance': 17185.623219989553, 'enm_angle': 339.42445124435363, 'enm_alt': 17269.04138480607, 'enm_speed': 467.8775857128294, 'enm_heading': 335.4363277554442, 'ego_alt': 18537.136698888276, 'ego_speed': 892.526731224992, 'success': True, 'total_reward': 211.5128999761672, 'total_steps': 714, 'state': {'my_lat': 120.0994424234929, 'my_lon': 59.86732221001565, 'my_alt': 6238.023622465861, 'my_x': -14792.027345176037, 'my_y': 5576.522847699375, 'my_z': 6218.472484847085, 'my_vx': -275.54406769440504, 'my_vy': -109.92740910723873, 'my_vz': -27.818017684153297, 'enemy_lat': 120.10283117255976, 'enemy_lon': 59.91309118167473, 'enemy_alt': 6196.2460939028, 'enemy_x': -9687.56578577248, 'enemy_y': 5758.594503948167, 'enemy_z': 6186.311647267033, 'enemy_vx': -294.7801342037301, 'enemy_vy': -21.74668930349537, 'enemy_vz': -13.172907630441948}, 'obs': array([ 1.24760472,  0.67312604,  0.73952778,  0.10141374,  0.99484434,
        0.87633463,  0.00393979,  0.00600283,  0.6697991 , -0.00615083,
       -0.04177753,  2.78391902,  3.07814158,  0.51078089,  1.        ,
        0.        ,  0.        ,  0.        ,  0.        ,  0.        ,
        0.        ])}
2025-03-30 10:47:26,793 - INFO [PID 8496]- render txt name:./render_train/dodge2\env_6_pursue_rule_5.txt.acmi
2025-03-30 10:47:26,859 - INFO [PID 17744]- B0100 launch mission! Total Steps=511, obs=[ 1.34845098e+00  9.75039302e-02  9.95235140e-01  4.14017981e-02
  9.99142578e-01  1.03506022e+00 -9.19286181e-04  1.17598668e-02
  7.85602539e-01 -4.40382351e-01 -7.40074878e-03  2.88290173e-01
  1.01296805e+00  5.82990603e-01  1.00000000e+00  0.00000000e+00
  0.00000000e+00  0.00000000e+00  0.00000000e+00  0.00000000e+00
  0.00000000e+00], state=[ 1.19862779e+02  5.99533521e+01  6.74225488e+03 -5.19466215e+03
 -7.67577506e+03  6.73554122e+03  1.25931479e+02 -3.28469914e+02
 -1.06246988e+01  1.19779794e+02  5.99850022e+01  6.73485414e+03
 -1.65222285e+03 -1.23059766e+04  6.72281124e+03  2.01428741e+02
  1.86600183e+01  1.86079027e+01], current_reward=13.529115056906132
2025-03-30 10:47:26,861 - CRITICAL [PID 17420]- A0100 dodge succeeded! Total Steps=898
2025-03-30 10:47:26,864 - INFO [PID 17420]- render_result: {'enm_distance': 11694.40564588115, 'enm_angle': 179.54286544070285, 'enm_alt': 19933.293676742673, 'enm_speed': 455.65380035849006, 'enm_heading': 103.42434228349492, 'ego_alt': 26810.541324865106, 'ego_speed': 956.3164854206477, 'success': True, 'total_reward': 232.41751544835782, 'total_steps': 898, 'state': {'my_lat': 120.05195667073991, 'my_lon': 60.24625623712386, 'my_alt': 8723.408747475378, 'my_x': 27475.025087670147, 'my_y': 2881.534472898199, 'my_z': 8663.713881603046, 'my_vx': 44.98942382565376, 'my_vy': 318.6123660358883, 'my_vz': 11.477341833420569, 'enemy_lat': 119.96538652506143, 'enemy_lon': 60.22860366750553, 'enemy_alt': 8705.385313601948, 'enemy_x': 25504.869197252578, 'enemy_y': -1920.7025770105483, 'enemy_z': 8654.215101576392, 'enemy_vx': 170.3174481121177, 'enemy_vy': 267.91736888398304, 'enemy_vz': -13.834397522567729}, 'obs': array([ 1.74468175e+00,  7.90885975e-01,  6.11963541e-01,  2.87500300e-03,
        9.99995867e-01,  9.42209787e-01, -2.48834606e-02,  9.17470907e-02,
        6.46222467e-01, -9.49533181e-03, -1.80234339e-02,  2.89032039e+00,
        2.95897343e+00,  5.19067290e-01,  1.00000000e+00,  0.00000000e+00,
        0.00000000e+00,  0.00000000e+00,  0.00000000e+00,  0.00000000e+00,
        0.00000000e+00])}
2025-03-30 10:47:26,896 - INFO [PID 17420]- render txt name:./render_train/dodge2\env_2_pursue_rule_4.txt.acmi
2025-03-30 10:47:27,154 - CRITICAL [PID 24792]- A0100 has been shot down! Total Steps=249
2025-03-30 10:47:27,154 - CRITICAL [PID 24792]- B0100 mission completed! Total Steps=249
2025-03-30 10:47:27,155 - INFO [PID 24792]- render_result: {'enm_distance': 8954.200904818354, 'enm_angle': 189.00086796515387, 'enm_alt': 19435.36776387582, 'enm_speed': 493.5378553846174, 'enm_heading': 35.258990132500955, 'ego_alt': 19117.624285354806, 'ego_speed': 461.8230279730966, 'success': False, 'total_reward': 4.862350093846384, 'total_steps': 249, 'state': None, 'obs': None}
2025-03-30 10:47:27,180 - INFO [PID 24792]- render txt name:./render_train/dodge2\env_9_pursue_rule_4.txt.acmi
